右环岛数据
{
75.160,0.814,8.440,100.000,100.000
75.145,0.829,8.458,100.000,100.000
75.119,0.820,8.455,100.000,100.000
75.131,0.808,8.443,100.000,100.000
75.147,0.808,8.452,100.000,100.000
75.106,0.817,8.458,100.000,100.000
75.166,0.811,8.452,100.000,100.000
75.121,0.823,8.449,100.000,100.000
75.170,0.820,8.462,100.000,100.000
75.151,0.820,8.471,100.000,100.000
75.119,0.811,8.468,100.000,100.000
75.106,0.823,8.465,100.000,100.000
75.112,0.820,8.455,100.000,100.000
75.106,0.814,8.449,100.000,100.000
75.104,0.823,8.458,100.000,100.000
75.143,0.817,8.455,100.000,100.000
75.114,0.826,8.449,100.000,100.000
75.123,0.820,8.455,100.000,100.000
75.164,0.829,8.458,100.000,100.000
75.184,0.817,8.449,100.000,100.000
75.158,0.808,8.462,100.000,100.000
75.166,0.832,8.462,100.000,100.000
75.156,0.829,8.449,100.000,100.000
75.155,0.823,8.446,100.000,100.000
75.110,0.826,8.452,100.000,100.000
75.149,0.835,8.471,100.000,100.000
75.155,0.817,8.452,100.000,100.000
75.184,0.814,8.465,100.000,100.000
75.213,0.805,8.455,100.000,100.000
75.156,0.823,8.462,100.000,100.000
75.112,0.820,8.455,100.000,100.000
75.112,0.817,8.468,100.000,100.000
75.121,0.823,8.452,100.000,100.000
75.162,0.838,8.458,100.000,100.000
75.180,0.820,8.465,100.000,100.000
75.197,0.832,8.471,100.000,100.000
75.223,0.817,8.520,100.000,100.000
75.270,0.832,8.535,100.000,100.000
75.195,0.808,8.452,100.000,100.000
75.158,0.817,8.434,100.000,100.000
75.158,0.796,8.425,100.000,100.000
75.147,0.811,8.378,100.000,100.000
75.153,0.781,8.342,100.000,100.000
75.112,0.734,8.271,100.000,100.000
75.133,0.710,8.246,100.000,100.000
75.207,0.677,8.265,100.000,100.000
75.147,0.505,7.917,100.000,100.000
74.954,0.279,7.262,100.000,100.000
74.958,0.350,7.317,100.000,100.000
74.946,0.288,7.117,100.000,100.000
75.273,0.235,7.043,100.000,100.000
75.921,0.327,7.114,100.000,100.000
77.826,0.989,8.302,99.678,100.000
80.253,2.011,9.243,96.605,100.000
81.917,2.694,8.865,93.762,100.000
83.562,4.384,10.015,90.789,100.000
84.684,5.263,10.578,89.047,99.628
85.717,5.982,11.360,87.977,99.308
86.327,6.273,11.674,87.374,99.144
87.495,7.208,12.622,86.142,98.628
88.835,8.295,13.415,84.420,97.687
90.391,9.308,14.000,82.562,96.621
91.939,10.190,14.720,80.979,95.903
93.530,11.152,15.615,79.362,95.295
95.299,12.213,16.640,77.875,94.654
97.331,13.178,17.791,76.330,94.085
99.321,13.813,18.800,75.188,93.915
99.998,13.992,19.295,74.593,93.972
100.000,14.051,19.228,74.320,93.664
99.776,14.208,18.803,74.031,93.046
98.916,14.280,18.415,74.016,92.513
98.460,14.764,18.754,74.080,92.323
98.089,14.604,18.911,74.650,92.895
97.393,13.707,18.437,75.726,93.738
95.938,12.406,17.123,77.095,94.277
93.723,10.832,15.560,78.980,95.082
91.855,9.376,14.560,81.158,96.331
90.015,7.933,13.566,83.418,97.562
87.942,6.451,12.283,85.610,98.485
85.721,5.102,10.969,87.856,99.195
83.582,4.102,10.228,90.301,100.000
81.638,3.766,10.369,92.333,100.000
79.569,3.730,10.782,94.199,100.000
77.582,3.778,11.295,96.200,100.000
75.587,3.626,11.834,98.526,100.000
73.948,2.961,11.914,100.000,100.000
72.540,2.358,11.935,100.000,100.000
70.820,1.619,11.391,100.000,100.000
68.837,0.950,10.360,100.000,100.000
66.832,0.472,9.228,100.000,100.000
64.892,0.193,8.102,100.000,100.000
63.369,0.000,7.132,100.000,100.000
62.047,0.000,6.169,100.000,100.000
60.827,0.000,5.489,100.000,100.000
59.647,0.000,4.972,100.000,100.000
58.541,0.000,4.578,100.000,99.818
57.572,0.000,4.120,100.000,99.233
56.843,0.056,3.852,100.000,98.944
56.443,0.104,3.723,100.000,98.797
56.385,0.128,3.668,100.000,98.767
56.363,0.190,3.443,100.000,98.838
56.440,0.208,3.286,100.000,98.856
56.890,0.157,3.471,100.000,99.072
57.880,0.015,4.028,100.000,99.549
59.425,0.000,4.855,100.000,100.000
61.271,0.000,5.575,100.000,100.000
63.249,0.000,6.228,100.000,100.000
65.224,0.000,6.935,100.000,100.000
67.178,0.009,7.720,100.000,100.000
69.648,0.321,8.895,100.000,100.000
72.146,0.763,9.917,100.000,100.000
74.626,1.366,10.738,100.000,100.000
77.153,1.942,11.505,99.910,100.000
80.008,2.664,12.357,97.395,100.000
82.595,3.816,12.932,93.893,100.000
85.081,4.740,13.289,91.013,100.000
87.616,5.753,14.015,87.926,100.000
89.492,6.635,13.948,85.337,99.262
92.052,7.758,14.618,82.513,97.879
94.380,8.901,15.262,79.832,96.382
96.586,10.493,16.025,77.063,94.562
99.015,12.192,17.391,74.626,93.115
100.000,13.404,18.643,73.029,92.421
100.000,14.514,19.483,71.771,91.618
100.000,15.376,19.957,70.943,90.877
100.000,15.848,20.089,70.642,90.479
100.000,16.145,20.234,70.748,90.477
100.000,16.053,20.295,71.434,90.872
100.000,15.379,20.185,72.737,91.959
99.522,14.767,20.123,74.139,92.982
96.672,13.707,18.862,75.933,93.400
93.770,12.836,18.160,78.263,94.313
91.972,12.355,18.972,80.792,96.041
89.521,11.601,19.505,83.989,97.923
87.349,10.502,20.055,87.460,100.000
85.446,8.922,20.258,90.951,100.000
82.564,7.556,19.437,94.014,100.000
79.249,6.047,17.978,97.212,100.000
76.716,4.951,17.446,99.846,100.000
74.065,4.015,16.542,100.000,100.000
71.614,3.193,15.572,100.000,100.000
69.289,2.263,14.720,100.000,100.000
66.969,1.414,13.631,100.000,100.000
64.405,0.754,12.037,100.000,100.000
61.940,0.517,10.674,100.000,100.000
59.327,0.140,8.711,100.000,99.054
57.258,0.000,7.289,100.000,98.403
55.254,0.000,6.092,100.000,96.833
53.361,0.000,4.618,100.000,95.005
52.121,0.065,3.714,100.000,94.113
51.580,0.113,3.382,100.000,93.479
51.444,0.068,3.123,100.000,93.082
51.608,0.074,2.880,100.000,93.241
52.415,0.080,3.363,100.000,94.195
53.632,0.140,3.631,100.000,95.862
55.414,0.208,4.631,100.000,98.005
57.180,0.116,5.708,100.000,99.726
59.167,0.000,7.252,100.000,100.000
61.630,0.000,9.074,100.000,100.000
64.056,0.297,10.655,100.000,100.000
67.041,0.802,12.437,100.000,100.000
69.783,1.491,14.117,100.000,100.000
72.610,2.557,15.431,100.000,100.000
75.402,3.843,17.037,100.000,100.000
78.690,5.411,18.892,98.530,100.000
82.205,7.514,20.868,94.772,100.000
85.895,9.753,22.717,90.867,100.000
89.383,12.046,24.354,86.947,100.000
91.555,14.051,24.560,83.231,98.469
94.583,16.463,26.234,79.795,96.626
96.365,17.897,26.582,76.898,94.815
98.651,19.985,27.403,74.094,92.495
99.889,20.538,27.474,72.571,91.679
99.998,20.897,27.166,71.680,90.744
100.000,20.772,26.769,71.368,90.390
100.000,20.698,26.923,71.530,90.723
100.000,20.514,27.237,72.076,91.262
99.791,19.985,27.311,73.078,92.133
98.134,19.133,27.209,74.885,93.295
95.582,18.028,26.782,77.140,94.477
92.690,16.896,26.354,79.743,95.600
89.849,16.044,26.582,82.677,97.005
87.320,15.165,27.308,86.183,98.908
84.588,14.223,27.982,89.894,100.000
81.708,12.863,27.969,93.201,100.000
78.384,11.105,26.834,96.578,100.000
75.057,9.534,25.378,99.587,100.000
72.364,7.966,24.160,100.000,100.000
69.740,6.189,23.000,100.000,100.000
67.283,4.761,21.658,100.000,100.000
64.510,3.255,19.265,100.000,100.000
62.024,1.818,16.720,100.000,100.000
59.871,0.707,14.508,100.000,100.000
58.218,0.247,12.855,100.000,99.467
56.867,0.000,11.363,100.000,98.641
55.940,0.000,10.557,100.000,98.141
55.311,0.000,10.031,100.000,97.646
55.164,0.000,9.865,100.000,97.518
55.162,0.000,9.800,100.000,97.608
55.240,0.000,9.729,100.000,97.667
55.428,0.000,9.757,100.000,97.803
56.040,0.000,10.277,100.000,98.451
56.950,0.000,11.225,100.000,98.972
58.382,0.149,12.760,100.000,99.687
60.115,0.502,14.271,100.000,100.000
61.946,0.953,15.551,100.000,100.000
64.083,1.583,16.772,100.000,100.000
66.509,2.489,18.206,100.000,100.000
69.375,3.671,20.009,100.000,100.000
72.456,5.094,21.932,100.000,100.000
75.478,6.605,23.695,100.000,100.000
78.980,8.649,25.671,97.227,100.000
82.802,11.301,27.892,93.010,100.000
86.491,14.113,30.031,89.034,100.000
90.028,16.905,31.932,85.233,99.672
93.285,19.507,33.382,81.654,97.956
96.391,22.073,34.538,78.081,95.877
98.368,24.021,34.578,74.825,93.464
100.000,26.439,35.705,72.027,91.533
100.000,27.499,35.225,70.030,89.615
100.000,27.912,34.218,68.812,87.985
100.000,28.390,34.372,68.349,87.549
100.000,28.435,34.791,68.513,87.985
100.000,28.423,34.865,68.829,88.197
100.000,27.651,34.437,69.484,88.795
100.000,27.006,34.385,70.369,89.574
99.803,25.833,34.594,72.080,91.356
99.300,25.423,35.529,73.694,92.910
96.750,24.639,35.498,75.991,93.838
94.261,25.025,37.086,78.140,94.926
92.128,25.741,39.831,80.628,96.369
89.983,25.548,42.046,83.465,98.315
86.782,24.194,41.797,86.421,99.146
83.016,20.930,40.120,90.559,100.000
79.321,17.808,38.452,94.983,100.000
75.597,14.461,35.686,98.994,100.000
72.113,11.173,32.406,100.000,100.000
68.810,8.274,28.951,100.000,100.000
65.475,5.655,25.425,100.000,100.000
62.045,3.564,22.058,100.000,100.000
59.181,2.352,19.674,100.000,99.223
56.467,1.319,17.560,100.000,97.695
54.065,0.454,15.517,100.000,96.215
52.005,0.000,13.342,100.000,94.664
50.664,0.000,11.431,100.000,93.464
49.997,0.000,10.111,100.000,92.882
49.886,0.000,9.446,100.000,92.979
49.802,0.003,8.895,100.000,92.933
49.989,0.000,8.889,100.000,93.190
50.884,0.006,9.508,100.000,94.118
52.323,0.000,10.317,100.000,95.310
54.055,0.000,11.468,100.000,96.613
56.083,0.000,13.049,100.000,98.159
58.231,0.080,14.597,100.000,99.351
60.681,0.567,16.372,100.000,100.000
63.601,1.132,18.102,100.000,100.000
66.460,1.672,19.397,100.000,100.000
68.681,2.290,20.049,100.000,100.000
71.477,3.407,21.591,100.000,100.000
74.398,4.886,23.572,100.000,100.000
77.567,6.908,25.658,98.278,100.000
81.201,9.326,28.022,94.388,100.000
84.781,12.005,30.532,90.611,100.000
88.049,14.987,32.658,86.788,99.708
91.331,18.257,34.788,82.814,97.703
94.421,21.218,36.422,79.076,95.651
97.206,23.748,37.526,75.806,93.662
99.612,25.557,38.154,73.181,92.074
100.000,26.091,37.243,71.208,90.308
100.000,26.680,37.003,69.917,89.228
100.000,26.816,36.818,69.375,88.797
100.000,26.513,35.969,69.192,88.103
98.933,26.068,34.917,69.356,87.587
97.563,25.616,35.028,70.602,88.318
96.638,25.319,36.388,72.651,90.074
95.170,24.969,38.086,75.322,92.133
93.074,24.197,39.015,78.220,94.036
90.717,22.424,39.394,81.679,96.326
88.055,19.831,38.855,85.479,98.441
84.541,17.051,37.089,89.090,99.805
80.979,14.191,35.055,92.936,100.000
77.705,11.595,33.320,96.765,100.000
74.634,9.382,31.403,99.846,100.000
71.855,7.446,29.452,100.000,100.000
69.149,5.729,27.354,100.000,100.000
66.452,4.075,25.055,100.000,100.000
63.925,2.715,22.812,100.000,100.000
61.421,1.598,20.582,100.000,99.892
59.070,0.772,18.517,100.000,98.708
57.274,0.264,16.858,100.000,97.744
55.858,0.000,15.372,100.000,96.792
55.145,0.000,14.160,100.000,96.305
54.975,0.000,13.505,100.000,96.295
54.784,0.000,12.548,100.000,96.272
54.770,0.000,12.102,100.000,96.274
55.153,0.000,12.074,100.000,96.700
56.161,0.000,12.997,100.000,97.249
57.680,0.000,14.791,100.000,98.146
59.626,0.030,16.751,100.000,99.177
61.609,0.440,18.471,100.000,100.000
64.009,1.114,20.535,100.000,100.000
66.489,1.999,22.305,100.000,100.000
69.810,3.558,25.194,100.000,100.000
73.218,5.539,27.791,100.000,100.000
77.276,8.105,30.683,97.824,100.000
81.427,10.924,33.212,93.335,100.000
85.850,14.250,35.735,88.539,99.551
89.896,17.547,37.865,83.958,97.677
93.690,20.846,39.729,79.612,95.472
96.623,23.707,40.880,75.897,93.203
99.333,26.772,42.458,72.588,91.097
100.000,29.468,43.446,69.644,88.936
100.000,32.124,44.686,67.254,86.992
100.000,33.573,44.871,65.510,85.508
100.000,35.004,45.194,64.313,84.149
100.000,35.411,45.686,64.085,84.167
100.000,35.319,45.652,64.342,84.308
100.000,35.061,45.495,64.810,84.459
100.000,34.283,45.880,66.269,85.736
100.000,33.555,46.812,68.127,87.497
99.891,32.014,46.511,70.173,89.033
97.900,29.424,45.760,72.996,91.197
95.732,27.401,45.151,75.769,92.851
93.166,24.776,44.012,78.760,94.582
90.697,22.323,42.886,81.609,96.067
88.053,20.101,41.809,84.561,97.333
85.417,18.266,41.028,87.355,98.308
82.964,16.896,40.695,90.071,99.221
80.341,15.765,40.489,92.645,99.833
77.937,14.785,40.317,95.096,100.000
75.277,13.490,39.689,97.847,100.000
72.384,11.981,38.483,99.977,100.000
69.603,10.621,37.277,100.000,100.000
66.807,9.358,35.988,100.000,99.877
64.001,8.144,34.674,100.000,99.123
61.577,7.345,33.698,100.000,98.195
59.544,6.555,32.708,100.000,97.346
57.941,5.800,31.674,100.000,96.636
56.958,5.230,30.652,100.000,96.190
56.822,4.912,30.175,100.000,96.249
56.818,4.704,29.871,100.000,96.367
56.837,4.547,29.618,100.000,96.487
57.071,4.511,29.695,100.000,96.731
57.767,4.684,29.874,100.000,97.051
58.902,4.886,29.849,100.000,97.541
60.265,4.987,29.837,100.000,98.338
62.010,5.150,30.332,100.000,99.449
63.703,5.512,30.452,100.000,99.933
66.008,6.305,31.286,100.000,100.000
68.691,7.446,32.631,100.000,100.000
71.892,9.522,34.751,100.000,100.000
75.203,11.984,37.215,98.986,100.000
78.871,14.886,39.409,95.174,100.000
82.976,18.340,41.880,90.765,100.000
86.977,21.743,43.618,86.364,98.559
91.034,25.212,45.120,81.887,96.705
94.763,28.289,45.862,77.645,94.487
98.216,31.084,46.286,73.680,92.046
100.000,32.721,46.000,70.689,90.044
100.000,34.051,45.646,68.269,88.256
100.000,35.245,45.385,66.361,86.615
100.000,35.162,44.203,65.452,85.487
100.000,35.925,45.126,65.274,85.731
100.000,36.240,45.695,65.415,86.131
100.000,35.435,44.840,65.906,86.405
100.000,33.938,44.658,67.610,87.982
100.000,32.596,44.228,69.373,89.297
99.329,29.777,42.892,72.417,91.354
96.779,27.585,42.551,75.847,93.703
93.347,25.224,41.818,79.544,95.790
89.541,23.199,40.772,83.036,97.103
84.678,20.517,38.606,87.064,97.926
80.053,17.713,36.831,91.762,99.138
75.535,15.031,35.748,96.909,100.000
71.112,12.896,34.378,100.000,100.000
66.784,11.102,32.538,100.000,99.877
62.751,9.103,30.268,100.000,98.741
59.136,7.024,27.772,100.000,97.521
56.077,5.391,25.172,100.000,95.936
53.710,4.220,22.883,100.000,94.282
52.243,3.098,20.794,100.000,93.354
51.594,2.207,19.268,100.000,93.231
51.541,1.847,18.452,100.000,93.400
51.612,1.847,17.960,100.000,93.377
51.935,1.847,17.458,100.000,93.505
52.587,1.533,17.142,100.000,94.474
54.008,1.013,17.505,100.000,96.726
55.221,1.025,17.698,100.000,97.715
56.486,1.420,17.843,100.000,98.118
58.224,1.470,18.529,100.000,99.518
59.883,1.607,18.662,100.000,100.000
61.765,2.138,19.182,100.000,100.000
63.847,2.331,19.757,100.000,100.000
66.162,2.922,20.766,100.000,100.000
68.628,3.739,21.622,100.000,100.000
71.506,4.621,22.658,100.000,100.000
74.285,5.676,23.575,100.000,100.000
77.531,7.024,24.705,98.906,100.000
81.246,8.542,25.640,95.032,100.000
84.970,10.309,26.803,91.188,100.000
88.461,12.566,28.222,87.291,100.000
92.138,15.652,30.422,83.260,98.746
95.605,18.916,32.286,79.226,96.418
97.707,21.512,32.772,75.396,93.690
99.945,24.280,33.905,72.089,91.159
100.000,25.806,33.822,69.707,89.090
100.000,26.056,32.495,68.431,87.321
100.000,26.332,32.585,68.154,87.069
100.000,26.507,33.483,68.443,87.982
100.000,26.347,33.766,68.993,88.626
99.994,25.061,33.089,70.350,89.674
98.787,22.744,32.065,73.132,91.797
97.514,21.132,32.342,76.050,94.369
95.028,20.074,32.480,79.006,96.133
91.354,18.865,32.332,82.447,97.687
88.059,17.645,32.862,86.368,99.805
84.996,15.988,32.951,90.323,100.000
81.480,14.066,31.437,93.706,100.000
78.795,12.394,30.391,96.738,100.000
75.796,11.120,28.458,98.992,100.000
72.298,9.593,25.822,100.000,100.000
70.032,8.696,25.280,100.000,100.000
67.727,8.366,25.422,100.000,100.000
64.947,7.933,24.548,100.000,100.000
62.320,7.223,23.560,100.000,99.026
60.363,6.050,22.483,100.000,98.572
58.756,4.981,21.089,100.000,97.990
57.884,4.232,19.652,100.000,97.487
57.939,3.873,19.166,100.000,97.818
58.331,3.721,19.185,100.000,98.290
59.300,4.030,19.655,100.000,99.049
60.788,3.876,19.834,100.000,100.000
62.987,3.775,20.975,100.000,100.000
64.803,4.488,21.074,100.000,100.000
67.125,5.417,21.797,100.000,100.000
69.757,5.673,22.489,100.000,100.000
71.805,6.409,22.218,100.000,100.000
74.905,7.431,23.108,100.000,100.000
77.543,8.052,23.098,99.111,100.000
80.798,9.130,23.145,95.778,100.000
84.337,10.110,23.508,92.347,100.000
87.803,11.616,23.846,88.585,100.000
90.992,13.591,24.058,84.067,99.195
93.860,16.204,24.286,79.364,95.690
95.626,17.214,23.372,76.274,93.246
98.495,18.574,23.849,73.392,91.551
100.000,19.685,24.388,71.296,90.446
100.000,20.490,24.809,69.886,89.636
100.000,21.028,25.745,69.295,89.721
100.000,21.396,26.585,69.174,90.054
100.000,21.256,26.169,69.217,89.977
100.000,20.434,25.000,69.794,90.051
100.000,19.029,23.622,70.937,90.613
99.275,17.562,21.831,72.255,90.882
95.644,14.802,19.182,75.125,92.182
93.443,13.335,19.092,78.717,94.677
91.647,12.780,20.372,81.960,97.167
88.069,12.088,20.523,85.561,98.713
83.652,10.823,19.412,89.358,99.446
79.786,8.880,18.372,93.883,100.000
75.973,6.944,17.080,98.130,100.000
72.156,5.340,14.982,100.000,100.000
68.780,3.876,13.034,100.000,100.000
65.904,2.634,11.554,100.000,100.000
63.266,1.782,10.049,100.000,100.000
60.429,1.048,8.474,100.000,98.823
58.148,0.716,7.705,100.000,97.528
56.040,0.389,6.837,100.000,96.241
54.414,0.021,5.757,100.000,95.369
53.614,0.000,5.018,100.000,95.090
53.665,0.000,4.637,100.000,95.464
53.930,0.000,4.458,100.000,95.718
54.632,0.000,4.572,100.000,96.121
55.878,0.000,4.428,100.000,97.385
57.748,0.000,4.702,100.000,99.310
59.731,0.000,4.935,100.000,100.000
61.923,0.000,5.477,100.000,100.000
64.576,0.045,6.391,100.000,100.000
67.456,0.244,7.262,100.000,100.000
70.215,0.570,7.991,100.000,100.000
73.394,1.271,8.865,100.000,100.000
76.822,2.070,9.720,99.871,100.000
80.484,2.905,10.400,96.555,100.000
84.142,4.146,10.766,91.885,100.000
85.756,4.883,9.074,87.780,99.074
89.295,5.486,9.422,84.707,98.162
93.530,5.385,10.388,82.695,98.741
96.697,5.506,10.858,80.585,98.256
97.984,6.133,10.338,78.015,96.115
99.731,6.567,10.954,76.677,95.736
100.000,6.736,11.428,76.284,95.764
99.998,6.991,11.375,76.005,95.490
99.916,7.309,11.258,75.884,95.172
99.910,6.980,11.314,76.330,95.841
99.739,6.727,11.185,76.835,96.156
98.809,6.329,10.391,77.294,96.164
97.282,5.402,9.314,78.596,96.762
96.046,4.800,9.003,80.078,97.649
94.612,4.975,9.732,81.845,98.669
93.140,6.282,11.465,82.864,98.867
89.894,7.116,11.385,83.658,97.962
87.355,6.837,11.535,86.591,99.182
85.998,6.160,13.148,89.972,100.000
81.488,4.957,11.886,94.121,100.000
76.042,2.786,9.058,99.132,100.000
72.294,1.696,7.840,100.000,100.000
68.901,1.197,7.062,100.000,100.000
65.949,0.793,6.151,100.000,100.000
63.219,0.169,4.391,100.000,100.000
61.117,0.000,1.935,100.000,99.831
59.928,0.448,0.000,100.000,99.728
59.167,1.108,0.000,100.000,99.097
58.781,1.405,0.000,100.000,98.436
58.606,2.311,0.000,100.000,98.895
59.208,2.920,0.000,100.000,100.000
59.610,2.349,0.000,100.000,99.418
60.501,1.363,0.000,100.000,99.182
61.837,1.230,0.000,100.000,100.000
63.531,1.862,0.000,100.000,100.000
64.808,1.779,0.000,100.000,100.000
65.542,0.541,0.000,100.000,100.000
67.146,0.000,0.969,100.000,100.000
69.307,0.000,2.877,100.000,100.000
71.990,0.143,4.520,100.000,100.000
74.117,0.330,4.886,100.000,100.000
76.155,0.362,4.822,100.000,100.000
77.984,0.784,4.926,98.161,100.000
79.468,2.272,5.209,93.776,100.000
82.899,3.222,6.105,90.847,99.872
87.827,4.185,8.489,87.784,100.000
90.451,5.245,8.803,84.582,98.808
94.874,7.066,11.668,81.659,98.490
97.947,7.458,12.665,79.731,98.141
99.754,9.439,13.040,75.792,94.895
100.000,10.719,13.514,72.975,92.731
100.000,9.477,12.098,72.181,92.500
100.000,9.364,11.551,70.785,91.426
100.000,7.957,10.237,71.042,91.649
100.000,7.820,10.043,71.149,91.733
100.000,7.689,9.742,71.253,91.841
100.000,7.107,9.200,71.701,92.164
100.000,6.561,8.902,72.341,92.859
100.000,6.086,8.434,72.961,93.213
100.000,5.405,7.677,73.918,93.715
99.842,4.592,6.628,75.219,94.405
98.204,3.609,5.486,76.964,95.426
96.644,2.614,4.489,78.791,96.582
95.424,1.758,3.763,80.714,97.879
93.536,1.381,3.234,82.511,98.656
90.820,1.455,2.843,84.344,98.921
88.252,1.972,2.988,86.066,98.938
85.766,2.094,2.637,87.763,99.038
83.913,1.782,2.548,90.095,99.908
80.698,1.669,1.797,92.093,99.587
77.713,1.161,0.711,94.813,99.651
75.892,0.529,0.720,98.257,100.000
73.639,0.353,0.246,99.959,100.000
71.783,0.033,0.000,100.000,100.000
70.939,0.000,0.000,100.000,100.000
69.512,0.000,0.000,100.000,100.000
67.842,0.000,0.000,100.000,100.000
67.335,0.178,0.000,100.000,100.000
67.178,0.469,0.000,100.000,100.000
67.047,0.353,0.000,100.000,100.000
67.330,0.517,0.000,100.000,100.000
67.300,0.544,0.000,100.000,100.000
67.423,0.659,0.000,100.000,100.000
69.049,0.172,0.000,100.000,100.000
69.884,0.074,0.000,100.000,100.000
71.615,0.039,0.000,100.000,100.000
73.700,0.104,0.000,100.000,100.000
75.734,0.083,0.000,98.733,100.000
78.853,0.140,0.000,96.878,100.000
82.225,0.157,0.000,94.956,100.000
84.838,0.012,0.000,91.783,100.000
87.842,0.071,0.000,87.954,100.000
90.241,0.211,0.000,84.658,98.208
93.292,0.386,0.000,81.537,96.718
96.943,0.668,0.000,78.093,95.264
99.540,0.766,0.000,75.435,93.485
100.000,1.048,0.000,73.168,91.977
100.000,1.764,0.000,71.333,90.349
100.000,2.548,0.163,70.233,89.362
100.000,2.976,0.385,69.878,89.115
100.000,3.154,0.600,70.044,89.328
100.000,2.810,0.520,70.551,89.936
100.000,2.219,0.117,71.407,90.718
100.000,1.607,0.000,72.610,91.533
99.487,0.986,0.000,74.289,92.487
97.062,0.597,0.000,76.385,93.459
95.281,0.398,0.000,78.586,94.792
93.435,0.211,0.000,81.365,96.736
91.571,0.062,0.000,84.268,98.641
88.973,0.345,0.000,87.472,100.000
86.187,1.170,0.000,90.303,100.000
82.964,1.114,0.000,92.397,100.000
80.218,1.007,0.000,94.213,100.000
78.389,1.135,0.000,96.568,100.000
75.673,0.959,0.000,99.117,100.000
73.653,1.227,0.000,100.000,100.000
71.906,1.942,0.000,100.000,100.000
69.188,2.129,0.000,100.000,100.000
66.585,1.734,0.000,100.000,98.405
64.537,2.061,0.000,100.000,97.841
63.003,2.489,0.000,100.000,97.982
61.215,2.563,0.000,100.000,97.205
59.780,2.914,0.000,100.000,96.533
59.011,3.766,0.514,100.000,96.808
58.625,4.378,1.065,100.000,96.910
58.662,4.384,1.191,100.000,96.864
58.801,4.048,1.046,100.000,96.592
58.984,3.579,0.843,100.000,96.215
59.750,3.353,0.634,100.000,96.397
61.240,3.312,0.440,100.000,97.210
62.868,3.398,0.566,100.000,97.813
64.781,3.588,0.738,100.000,98.574
67.142,4.110,1.040,100.000,99.915
70.013,4.791,0.849,100.000,100.000
72.280,4.847,0.732,100.000,100.000
74.679,4.203,0.145,100.000,100.000
77.791,3.508,0.000,98.857,100.000
80.686,2.964,0.000,95.753,100.000
83.638,2.854,0.000,92.530,100.000
86.583,2.833,0.000,90.214,100.000
89.919,2.228,0.000,87.082,99.810
92.085,1.862,0.000,83.898,97.967
95.133,1.143,0.000,80.480,96.205
97.590,0.662,0.000,77.804,94.754
99.592,0.401,0.000,75.595,93.382
100.000,0.291,0.000,74.117,92.464
100.000,0.264,0.000,73.082,91.741
100.000,0.261,0.000,72.752,91.515
100.000,0.297,0.000,72.770,91.610
100.000,0.291,0.000,73.181,91.754
99.975,0.214,0.000,74.289,92.638
99.156,0.249,0.000,75.617,93.385
97.368,0.419,0.000,77.416,94.254
94.938,0.772,0.000,79.604,95.354
92.910,1.423,0.000,82.024,96.736
90.964,2.516,0.000,84.684,98.192
88.991,3.401,0.209,86.928,99.003
86.347,4.134,1.086,89.517,99.931
83.529,4.330,1.594,91.883,100.000
81.638,4.883,2.055,94.269,100.000
79.464,5.539,2.735,96.775,100.000
77.631,6.282,3.302,99.138,100.000
75.685,6.884,4.080,100.000,100.000
73.599,7.318,4.898,100.000,100.000
70.769,6.498,4.794,100.000,100.000
68.078,5.693,4.551,100.000,99.218
65.990,5.910,4.652,100.000,99.028
63.527,5.628,4.200,100.000,98.654
61.162,5.367,4.092,100.000,97.290
58.415,5.001,4.348,100.000,95.100
56.149,5.385,5.222,100.000,93.638
54.529,6.121,5.735,100.000,92.992
53.062,6.460,6.382,100.000,91.800
52.169,6.988,7.526,100.000,91.159
52.267,7.728,7.914,100.000,91.667
52.321,7.728,8.111,100.000,91.662
52.639,6.724,7.335,100.000,91.323
53.269,6.296,6.997,100.000,91.521
54.911,6.097,6.209,100.000,93.033
56.699,5.812,5.692,100.000,94.187
58.666,5.569,5.369,100.000,95.395
60.991,5.696,5.049,100.000,96.972
63.572,5.780,4.720,100.000,98.603
66.228,5.477,4.126,100.000,99.559
68.934,5.031,3.458,100.000,100.000
71.690,4.428,3.182,100.000,99.977
74.455,4.203,3.243,99.657,99.887
77.964,4.384,3.249,97.389,100.000
82.022,4.511,2.791,94.798,100.000
85.329,4.214,2.486,91.378,100.000
88.312,3.502,2.086,87.478,98.328
91.738,3.163,1.597,83.978,97.054
95.082,3.041,1.172,81.022,95.836
97.668,2.759,0.825,77.960,94.290
99.764,2.530,0.671,75.067,92.259
100.000,2.486,0.582,72.875,90.836
100.000,2.228,0.274,70.982,89.490
100.000,1.889,0.000,69.576,88.467
100.000,1.515,0.000,68.712,87.695
100.000,1.120,0.000,68.297,87.267
100.000,0.894,0.000,68.541,87.015
100.000,0.855,0.000,69.629,87.610
99.951,0.980,0.000,71.715,89.105
98.407,1.408,0.132,74.995,91.603
95.802,2.162,0.751,78.869,94.303
92.076,3.175,1.905,83.364,96.669
88.396,4.464,3.175,88.076,99.074
84.691,5.952,4.769,92.276,100.000
81.084,7.000,6.194,95.780,100.000
77.340,7.808,7.440,99.269,100.000
74.821,8.402,8.169,100.000,100.000
72.610,8.833,8.745,100.000,100.000
70.356,9.050,9.203,100.000,100.000
68.073,8.857,9.249,100.000,100.000
66.111,8.658,9.151,100.000,99.264
64.268,8.586,9.175,100.000,98.279
62.194,7.811,8.449,100.000,97.113
60.136,6.495,7.603,100.000,95.238
58.220,6.112,7.366,100.000,93.774
56.521,5.925,7.228,100.000,92.777
55.328,5.818,7.258,100.000,92.054
54.899,6.564,8.071,100.000,92.172
54.934,8.093,9.649,100.000,93.274
55.447,9.376,10.252,100.000,94.559
55.414,8.812,10.554,100.000,93.938
56.687,7.971,9.234,100.000,94.482
58.171,8.040,8.908,100.000,95.662
60.031,7.618,8.175,100.000,96.408
62.194,7.027,7.914,100.000,96.913
64.964,7.190,8.289,100.000,97.923
67.998,7.422,8.615,100.000,99.041
71.087,7.428,8.520,100.000,99.818
74.232,6.905,8.163,99.940,99.736
77.812,6.326,7.868,96.652,99.008
81.480,6.133,7.862,93.031,98.379
84.746,6.222,7.858,90.212,97.851
88.133,6.486,8.108,86.899,96.744
91.017,6.579,8.394,83.301,95.072
93.513,6.460,8.289,80.359,93.621
95.934,6.504,8.194,77.516,92.015
97.929,6.626,8.102,75.498,90.964
99.474,6.611,7.840,73.840,89.931
99.908,6.537,7.812,72.700,89.167
99.959,6.234,7.585,72.093,88.626
99.460,5.958,7.655,71.922,88.282
98.738,6.026,7.917,72.431,88.385
97.705,6.439,8.338,73.831,89.423
95.923,6.564,8.600,75.693,90.472
93.663,6.807,8.871,78.448,92.013
91.282,6.929,8.782,81.595,93.872
88.601,6.953,8.542,85.220,95.833
85.428,7.271,8.465,89.250,97.733
81.745,7.594,8.628,93.193,98.931
78.066,8.025,9.234,96.496,99.344
74.416,8.369,9.800,99.511,99.272
71.643,8.646,10.132,100.000,99.010
68.771,8.473,10.071,100.000,98.718
66.222,8.292,9.831,100.000,97.962
64.005,8.684,10.012,100.000,97.403
61.850,8.741,10.105,100.000,96.259
59.791,8.197,9.972,100.000,95.156
58.249,8.485,10.357,100.000,94.449
57.069,9.186,10.717,100.000,94.515
56.096,9.323,10.766,100.000,94.533
55.137,9.771,12.114,100.000,93.346
54.714,10.333,13.065,100.000,92.936
54.429,11.325,14.471,100.000,92.918
54.416,12.177,15.458,100.000,93.344
54.694,12.468,15.689,100.000,93.692
55.069,12.323,15.502,100.000,93.885
56.137,12.011,14.871,100.000,94.695
57.929,11.785,14.028,100.000,96.033
60.041,11.797,13.332,100.000,97.385
62.506,11.702,12.852,100.000,98.644
65.233,11.185,11.997,100.000,99.385
68.215,10.594,11.258,100.000,99.931
71.871,10.059,10.197,100.000,100.000
75.683,9.973,9.283,99.969,100.000
80.248,9.632,8.203,96.360,100.000
84.407,9.076,7.400,91.744,100.000
88.968,8.874,6.378,87.546,99.056
92.945,8.542,5.452,83.391,97.346
96.558,7.603,4.382,79.084,94.933
99.904,6.418,2.702,75.377,92.900
100.000,4.915,1.523,72.339,90.615
100.000,3.003,0.000,70.128,88.854
100.000,2.275,0.000,69.301,88.374
100.000,2.118,0.000,69.161,88.146
100.000,2.109,0.000,69.196,87.869
100.000,2.412,0.000,69.535,88.090
100.000,3.234,0.486,70.340,88.595
100.000,4.660,1.720,72.093,90.051
99.438,7.089,3.597,75.094,92.751
97.500,8.485,5.129,77.485,94.177
95.291,9.008,5.895,79.977,95.505
92.912,8.340,5.286,82.611,96.877
89.379,7.695,5.058,85.877,98.056
86.343,7.686,4.428,90.059,100.000
82.960,7.576,4.034,93.885,100.000
78.877,6.691,3.015,97.820,100.000
75.036,6.332,2.803,99.994,100.000
72.676,5.607,2.228,100.000,100.000
69.710,5.756,2.366,100.000,100.000
67.068,4.895,1.440,100.000,100.000
63.596,2.902,0.000,100.000,98.308
61.000,1.467,0.000,100.000,97.564
59.212,1.782,0.000,100.000,98.969
58.044,1.218,0.000,100.000,99.079
55.972,0.659,0.000,100.000,96.456
55.841,1.384,0.000,100.000,96.892
55.831,2.026,0.000,100.000,97.269
55.133,2.085,0.000,100.000,96.295
55.738,2.343,0.000,100.000,97.059
56.209,2.370,0.000,100.000,97.415
57.393,1.975,0.000,100.000,98.087
59.097,1.800,0.000,100.000,99.105
61.008,1.230,0.000,100.000,99.418
62.860,0.743,0.000,100.000,99.292
65.163,0.428,0.000,100.000,99.146
67.308,0.579,0.000,100.000,99.756
71.725,0.757,0.000,100.000,100.000
74.905,1.776,0.000,100.000,100.000
78.134,2.109,0.000,99.109,100.000
81.414,2.480,0.000,96.190,100.000
86.189,2.848,0.000,93.643,100.000
89.705,2.245,0.000,89.248,100.000
91.426,1.304,0.000,83.919,98.049
93.088,0.832,0.000,80.681,95.644
97.214,1.004,0.000,79.550,96.354
98.528,1.164,0.000,78.368,96.228
98.627,0.588,0.000,76.034,93.549
99.996,0.327,0.000,75.340,93.654
99.971,0.232,0.000,75.032,93.641
99.982,0.276,0.000,74.104,92.526
100.000,0.347,0.000,74.455,93.156
100.000,0.386,0.000,75.153,93.803
99.093,0.365,0.000,76.617,94.854
97.436,0.261,0.000,78.830,96.431
95.560,0.119,0.000,81.745,98.462
92.984,0.086,0.000,84.949,100.000
89.395,0.089,0.000,89.248,100.000
85.904,0.000,0.000,92.181,100.000
80.604,0.068,0.000,94.162,100.000
75.933,0.000,0.000,97.650,100.000
73.060,0.000,0.000,99.988,100.000
69.443,0.229,0.000,100.000,100.000
66.446,1.129,0.000,100.000,100.000
63.151,1.244,0.000,100.000,100.000
59.867,1.108,0.000,100.000,99.679
57.469,1.794,0.000,100.000,98.823
55.923,2.575,0.000,100.000,98.128
55.063,3.003,0.000,100.000,97.269
55.059,3.427,0.000,100.000,97.436
55.371,3.754,0.000,100.000,97.846
56.141,2.973,0.000,100.000,98.090
57.514,2.088,0.000,100.000,98.938
59.436,1.360,0.000,100.000,100.000
62.570,0.312,0.000,100.000,100.000
65.873,0.000,1.292,100.000,100.000
69.363,0.000,3.000,100.000,100.000
73.439,0.395,4.892,100.000,100.000
77.767,1.672,6.954,99.269,100.000
82.445,4.298,9.292,92.834,100.000
86.357,6.513,9.978,87.154,98.836
92.165,8.907,12.797,82.184,97.510
98.532,11.173,16.009,77.791,96.372
100.000,12.703,17.043,74.189,94.174
100.000,14.645,17.212,69.749,90.308
100.000,15.438,17.517,66.754,88.215
100.000,16.662,18.138,63.794,85.813
100.000,17.473,18.080,61.544,83.569
100.000,18.067,17.951,59.741,81.851
100.000,18.661,17.948,58.489,80.426
100.000,19.026,17.957,57.999,79.790
100.000,19.112,17.951,58.126,79.895
100.000,19.501,18.243,58.514,80.269
100.000,19.361,18.618,59.717,81.505
100.000,18.141,18.815,61.718,83.841
100.000,17.544,19.625,64.610,86.618
100.000,16.267,19.323,67.720,89.172
100.000,14.500,18.923,71.966,92.426
99.275,13.808,19.126,75.502,94.505
93.095,11.209,16.785,80.292,96.526
89.457,10.345,17.406,84.744,98.685
85.261,8.159,18.028,91.155,100.000
81.228,6.742,18.009,95.975,100.000
76.024,4.918,15.994,99.854,100.000
71.966,3.430,14.775,100.000,100.000
68.137,1.931,13.465,100.000,100.000
64.407,0.674,11.511,100.000,100.000
61.470,0.181,9.751,100.000,100.000
59.399,0.000,8.065,100.000,99.672
58.602,0.000,7.083,100.000,99.431
58.514,0.000,6.431,100.000,99.515
58.933,0.000,6.215,100.000,99.944
60.378,0.000,7.434,100.000,100.000
62.656,0.000,9.588,100.000,100.000
66.091,0.793,12.502,100.000,100.000
70.147,2.492,15.745,100.000,100.000
74.743,4.696,19.123,100.000,100.000
79.774,7.814,22.529,97.481,100.000
85.384,12.106,26.142,91.107,100.000
91.290,17.366,29.972,84.305,99.605
96.771,23.742,33.551,76.898,94.867
99.883,29.525,36.185,70.865,89.882
100.000,34.360,38.449,66.060,86.072
100.000,39.246,40.812,62.496,82.274
100.000,41.844,42.674,60.275,80.659
100.000,44.800,44.154,58.452,78.651
100.000,44.624,43.966,58.202,78.564
100.000,44.728,44.286,58.549,78.856
100.000,43.852,44.788,59.823,80.544
100.000,42.037,44.717,61.975,82.972
100.000,38.126,43.105,65.388,86.267
100.000,33.401,40.766,69.196,89.528
99.045,26.103,35.985,74.464,93.577
94.396,17.413,29.031,80.363,97.415
90.822,10.618,22.982,85.148,100.000
86.357,4.488,14.966,88.968,100.000
80.437,0.160,4.745,94.823,100.000
75.956,5.735,0.000,99.969,100.000
71.760,11.265,0.000,100.000,100.000
67.193,16.035,4.711,100.000,100.000
63.196,20.288,12.111,100.000,100.000
59.982,23.514,18.366,100.000,98.467
57.516,25.435,22.692,100.000,96.910
56.387,25.307,23.837,100.000,95.572
56.494,25.334,23.738,100.000,95.703
57.169,24.859,22.249,100.000,96.433
57.984,23.413,19.932,100.000,96.892
60.581,19.762,13.511,100.000,98.241
64.169,13.680,4.966,100.000,99.100
68.886,8.349,0.000,100.000,100.000
73.214,2.890,0.000,100.000,100.000
78.060,0.787,7.978,96.574,100.000
83.531,9.350,20.003,89.946,99.833
88.839,20.232,31.948,83.599,97.451
93.265,30.855,41.594,77.481,94.051
96.317,40.781,48.382,71.378,89.095
98.434,48.762,53.428,66.273,84.895
99.912,55.001,57.649,62.673,81.762
100.000,56.988,59.172,61.765,81.000
99.690,55.245,58.255,62.804,82.128
98.077,51.250,55.471,65.226,83.733
96.289,44.259,51.871,70.110,88.179
95.047,35.993,48.363,76.440,94.133
91.725,27.036,41.948,82.221,98.103
84.900,17.357,29.874,86.673,98.064
79.815,8.785,19.649,92.060,99.303
76.026,0.956,10.486,99.128,100.000
73.189,1.408,3.782,100.000,100.000
70.375,4.384,0.000,100.000,100.000
67.823,7.888,0.000,100.000,100.000
66.485,10.226,0.000,100.000,100.000
65.269,11.613,0.000,100.000,100.000
64.884,12.421,0.477,100.000,100.000
65.926,11.443,0.000,100.000,100.000
67.486,8.224,0.000,100.000,100.000
70.305,4.164,0.000,100.000,100.000
73.916,0.639,3.748,100.000,100.000
77.879,1.636,12.252,98.859,100.000
82.818,10.499,23.034,91.865,100.000
87.854,21.259,33.668,84.918,98.146
92.411,32.070,43.594,78.914,95.108
95.611,42.055,51.680,73.634,91.392
96.096,48.637,55.197,69.482,87.236
95.026,49.679,54.818,68.156,85.523
94.889,48.565,54.342,69.067,86.467
94.833,44.615,52.403,71.908,89.290
93.000,36.103,46.643,77.122,93.621
88.262,24.428,35.923,83.457,97.138
81.293,13.050,21.788,89.174,97.692
74.642,3.748,8.058,94.435,97.026
69.079,0.481,0.000,99.261,96.469
65.331,5.114,0.000,100.000,95.944
62.743,10.009,4.151,100.000,95.664
61.201,13.701,8.938,100.000,96.282
61.511,15.688,10.511,100.000,98.982
63.958,15.325,7.566,100.000,100.000
65.411,10.838,2.942,100.000,100.000
69.529,4.829,0.000,100.000,100.000
74.665,0.261,0.963,100.000,100.000
80.484,3.555,11.852,96.611,100.000
85.237,14.728,23.225,88.312,99.608
88.193,24.933,31.225,81.164,94.487
90.777,31.247,36.843,77.309,92.246
92.120,31.681,38.055,77.340,93.141
91.623,28.087,35.366,79.571,95.074
88.856,20.143,28.246,84.288,98.197
84.764,9.394,17.926,91.539,100.000
80.456,1.426,7.843,97.494,100.000
75.139,1.494,0.000,100.000,100.000
70.855,5.408,0.000,100.000,100.000
68.043,8.613,2.212,100.000,100.000
66.645,11.034,5.680,100.000,100.000
67.035,11.313,5.505,100.000,100.000
68.619,9.442,2.449,100.000,100.000
71.071,6.002,0.000,100.000,100.000
74.037,0.882,0.000,99.739,100.000
78.631,1.729,3.840,94.359,100.000
83.059,9.234,12.517,88.230,97.500
85.456,15.726,18.357,83.206,94.546
86.944,18.583,21.243,81.521,93.769
86.932,16.727,20.286,83.018,95.379
83.941,11.331,14.009,86.201,96.390
78.889,4.004,4.357,90.853,96.982
74.166,0.475,0.000,96.925,98.636
69.646,6.650,1.683,100.000,99.431
66.015,12.569,10.265,100.000,99.051
63.748,17.250,17.062,100.000,99.274
62.775,20.395,21.077,100.000,99.944
62.816,19.201,20.609,100.000,98.900
63.504,18.711,19.566,100.000,99.477
66.281,15.955,13.908,100.000,100.000
69.747,8.732,5.369,100.000,99.908
75.416,1.138,0.000,96.484,98.944
81.985,2.655,2.388,90.826,98.954
86.977,8.952,10.951,86.517,98.710
90.354,14.630,17.517,83.149,97.513
91.025,15.872,19.006,82.556,97.331
88.420,12.845,14.985,84.268,97.415
85.228,6.546,8.280,88.695,99.472
80.577,0.303,0.000,94.624,100.000
75.685,4.315,0.000,99.731,100.000
72.066,10.686,5.228,100.000,100.000
69.398,13.392,10.326,100.000,100.000
68.061,14.933,13.366,100.000,100.000
69.601,15.313,11.834,100.000,100.000
70.563,13.077,9.123,100.000,100.000
72.160,8.949,4.938,100.000,100.000
76.278,5.287,0.000,100.000,100.000
79.975,0.428,0.000,95.494,100.000
83.672,4.188,3.151,88.837,98.244
87.257,9.356,9.372,85.520,97.674
89.835,11.815,13.338,85.029,98.841
88.531,9.653,11.031,86.673,99.782
85.120,3.861,4.283,90.767,100.000
80.953,0.294,0.000,96.379,100.000
75.708,5.444,0.818,99.772,100.000
70.871,10.689,8.766,100.000,100.000
67.033,15.533,17.148,100.000,99.154
65.672,20.487,23.489,100.000,100.000
66.446,21.081,23.440,100.000,100.000
66.889,18.904,21.249,100.000,100.000
70.373,14.099,13.566,100.000,100.000
75.342,6.772,3.695,99.247,100.000
82.554,0.404,0.000,93.244,100.000
87.848,5.584,4.403,86.628,98.995
91.565,12.759,12.080,82.802,97.131
90.410,14.508,12.511,81.065,95.410
88.611,12.480,9.597,82.274,94.756
86.253,5.503,3.385,87.250,98.131
82.860,0.915,0.000,95.835,100.000
75.160,8.043,4.991,99.982,100.000
69.671,14.057,15.148,100.000,99.749
66.199,19.272,23.129,100.000,98.956
64.516,22.527,27.754,100.000,99.221
65.054,22.281,27.477,100.000,99.133
66.526,20.258,23.751,100.000,99.890
71.202,14.259,14.132,100.000,100.000
79.163,4.746,0.883,97.065,100.000
87.579,2.447,0.871,87.895,99.741
95.137,15.052,13.723,78.150,94.890
100.000,26.424,24.818,71.007,90.713
100.000,31.224,29.126,67.669,88.162
100.000,30.175,27.452,67.454,87.662
100.000,23.101,21.760,71.434,91.156
97.822,10.463,11.732,79.288,97.621
89.804,0.541,0.000,87.334,100.000
83.754,6.195,0.800,93.318,100.000
80.082,12.088,8.037,96.695,100.000
75.229,15.551,15.098,98.508,100.000
75.718,16.409,15.665,98.680,100.000
78.699,13.439,10.000,97.736,100.000
83.775,6.130,0.868,92.924,100.000
90.276,0.903,0.000,85.085,98.800
95.823,9.620,9.400,78.220,95.441
99.988,18.756,18.572,72.645,92.049
100.000,22.658,22.040,70.225,90.197
100.000,22.242,21.311,69.905,89.623
100.000,16.504,17.089,72.390,92.354
99.998,6.448,9.865,78.311,98.190
95.817,0.627,0.625,83.442,100.000
89.521,3.686,0.000,86.212,99.695
87.115,7.568,1.102,89.139,100.000
86.624,8.364,1.822,89.749,100.000
87.380,5.958,0.074,87.969,99.864
91.863,2.391,0.000,85.795,100.000
98.111,1.550,4.028,81.022,99.669
100.000,11.776,13.175,73.901,93.462
100.000,20.861,19.748,68.188,88.315
100.000,26.264,25.575,65.912,86.862
100.000,26.668,26.514,65.787,87.146
100.000,21.797,21.923,68.119,88.621
100.000,11.939,14.425,73.988,93.764
96.999,1.182,4.523,82.004,100.000
91.725,4.208,0.000,87.577,100.000
89.381,8.212,0.000,89.962,100.000
89.174,8.364,0.000,90.050,100.000
89.911,4.930,0.000,87.209,100.000
93.041,0.567,0.658,81.342,96.972
99.386,9.860,13.262,74.667,94.144
100.000,23.451,26.126,68.695,89.408
100.000,28.886,29.837,65.214,86.569
100.000,37.618,36.348,61.055,82.421
100.000,40.947,39.480,59.429,81.321
100.000,38.061,37.385,60.686,82.595
100.000,31.830,31.994,63.652,84.744
100.000,19.480,23.246,70.264,91.185
99.865,8.052,13.658,76.527,96.169
96.572,0.475,5.246,81.505,99.662
94.954,0.267,2.369,83.406,100.000
95.071,0.036,3.178,82.693,100.000
97.286,2.498,8.468,80.008,98.523
99.702,12.931,17.877,73.909,93.287
100.000,27.948,30.892,67.041,87.210
100.000,35.500,35.643,62.582,83.203
100.000,38.420,37.280,60.747,80.682
100.000,41.473,39.735,59.643,79.215
100.000,37.707,38.003,61.827,82.203
100.000,30.330,33.895,66.325,86.667
99.928,19.537,25.157,71.510,90.921
95.954,9.145,15.117,76.851,93.872
92.861,2.165,7.957,81.072,96.618
90.498,0.163,4.542,83.297,97.513
90.192,1.547,6.308,81.597,95.600
93.581,8.503,14.591,77.370,93.331
99.520,22.961,29.618,71.360,89.751
100.000,38.322,42.757,64.933,84.695
100.000,50.190,51.188,59.750,79.100
100.000,56.522,56.280,57.512,76.618
100.000,56.463,57.902,59.031,78.703
100.000,50.166,55.400,63.311,83.305
97.216,35.150,44.815,71.163,89.208
90.724,17.657,30.729,81.470,95.995
86.493,3.796,19.283,90.754,100.000
80.064,0.068,7.231,95.155,100.000
79.271,0.270,5.966,95.353,100.000
82.340,0.633,12.231,93.193,100.000
87.532,9.011,24.785,87.490,100.000
92.700,21.045,37.708,81.283,97.126
95.318,31.782,45.797,75.398,92.687
96.389,35.477,48.892,73.719,91.385
94.603,30.345,45.089,76.527,93.282
89.420,16.525,33.486,84.337,98.021
83.646,1.883,18.040,94.222,100.000
75.786,5.619,1.495,100.000,100.000
70.397,10.674,0.000,100.000,100.000
69.207,12.670,0.000,100.000,100.000
69.884,11.773,0.000,100.000,100.000
72.054,6.537,0.000,100.000,100.000
75.782,0.549,9.145,99.854,100.000
80.308,4.598,22.135,94.950,100.000
83.582,13.353,32.702,90.202,99.923
84.457,17.092,37.222,88.956,99.377
81.026,12.976,32.277,91.754,99.564
76.480,4.960,22.812,98.017,100.000
72.891,0.217,12.963,100.000,100.000
68.199,4.298,1.997,100.000,100.000
64.908,8.001,0.000,100.000,100.000
64.916,9.174,0.000,100.000,100.000
65.561,8.663,0.000,100.000,100.000
67.671,4.601,1.449,100.000,100.000
71.553,0.223,12.840,100.000,100.000
75.398,5.248,25.345,99.713,100.000
79.444,14.716,38.822,95.398,100.000
80.265,19.480,44.480,93.446,100.000
78.142,17.666,41.305,94.472,100.000
73.189,8.378,28.898,99.302,100.000
66.569,0.300,12.262,100.000,99.638
60.603,4.054,0.000,100.000,97.328
58.462,11.283,0.000,100.000,99.538
55.921,15.212,1.785,100.000,98.754
56.445,12.385,0.126,100.000,96.892
57.972,10.894,0.000,100.000,98.595
60.723,5.628,0.000,100.000,99.644
64.223,0.538,6.523,100.000,100.000
68.338,1.711,18.406,100.000,100.000
71.239,7.565,27.548,100.000,100.000
71.187,8.815,28.868,100.000,100.000
70.089,6.819,27.366,100.000,100.000
66.378,1.782,19.840,100.000,100.000
61.599,0.359,9.126,100.000,100.000
57.017,4.722,0.000,100.000,97.674
52.809,9.572,0.000,100.000,94.392
50.483,12.881,2.474,100.000,92.441
49.133,15.209,6.268,100.000,91.459
48.831,15.670,7.074,100.000,91.438
50.118,13.573,3.320,100.000,92.615
52.296,9.780,0.000,100.000,94.462
55.233,4.592,0.000,100.000,96.136
59.249,0.431,7.665,100.000,98.777
63.662,2.795,21.200,100.000,100.000
67.037,9.623,33.280,100.000,100.000
69.790,14.779,43.406,100.000,100.000
70.028,15.328,45.738,100.000,100.000
68.774,14.274,43.138,100.000,100.000
65.536,9.655,34.455,100.000,100.000
61.868,2.905,23.212,100.000,100.000
57.746,0.585,9.800,100.000,99.608
54.876,3.965,1.175,100.000,97.462
52.682,7.761,0.000,100.000,95.567
50.646,10.576,0.000,100.000,93.844
50.005,11.479,0.000,100.000,92.872
49.960,11.571,0.098,100.000,92.787
50.502,11.093,0.000,100.000,93.628
51.894,8.622,0.000,100.000,94.759
53.483,5.753,0.000,100.000,96.285
56.441,2.180,5.215,100.000,99.044
59.411,0.196,15.671,100.000,100.000
62.010,5.123,26.486,100.000,100.000
64.030,9.676,33.283,100.000,100.000
65.974,12.905,39.394,100.000,100.000
66.136,15.866,42.234,100.000,99.610
64.773,15.610,40.302,100.000,98.041
62.145,11.265,33.855,100.000,97.579
57.941,2.869,22.105,100.000,98.313
53.563,0.137,9.858,100.000,96.038
49.640,4.589,0.000,100.000,93.169
46.518,9.765,0.000,100.000,90.749
45.017,10.876,1.686,100.000,87.851
44.576,12.495,3.963,100.000,87.249
44.276,12.685,4.825,100.000,87.231
45.951,10.226,0.123,100.000,89.179
48.435,6.246,0.000,100.000,91.992
51.440,2.450,2.738,100.000,95.113
54.503,0.377,13.049,100.000,95.582
57.578,4.321,22.526,100.000,96.969
60.101,8.369,30.262,100.000,98.036
60.815,9.840,32.462,100.000,98.238
60.086,7.461,29.772,100.000,99.182
58.161,4.188,23.455,100.000,98.233
54.357,0.244,11.582,100.000,96.244
51.023,3.148,1.062,100.000,95.244
47.985,8.744,0.000,100.000,93.392
46.394,10.841,0.698,100.000,90.533
44.773,11.743,4.545,100.000,87.526
44.116,13.193,7.160,100.000,87.197
44.639,14.078,6.815,100.000,88.741
46.107,12.429,3.003,100.000,90.808
48.063,8.179,0.000,100.000,92.233
50.292,3.870,0.000,100.000,93.705
54.326,1.084,6.043,100.000,99.300
57.621,0.398,16.772,100.000,100.000
58.551,4.939,22.600,100.000,98.926
61.529,9.857,31.498,100.000,100.000
63.258,11.512,37.126,100.000,100.000
61.848,12.361,34.775,100.000,99.395
61.160,10.784,32.809,100.000,99.295
59.062,5.892,25.711,100.000,99.644
56.083,0.775,15.418,100.000,99.003
52.622,0.885,3.911,100.000,96.410
49.133,5.768,0.000,100.000,93.341
46.973,9.142,0.022,100.000,90.695
45.076,11.815,5.483,100.000,87.946
43.989,13.831,9.840,100.000,87.074
44.054,13.671,9.600,100.000,86.697
44.968,12.346,6.960,100.000,87.926
47.115,9.477,1.166,100.000,90.833
50.225,5.771,0.000,100.000,95.013
52.961,0.947,2.668,100.000,96.751
56.219,0.541,12.686,100.000,98.859
58.795,4.378,21.240,100.000,99.838
61.051,8.132,28.092,100.000,100.000
62.420,10.965,32.425,100.000,100.000
62.480,11.494,32.966,100.000,100.000
61.187,8.583,28.745,100.000,100.000
58.395,3.502,19.852,100.000,100.000
54.690,0.190,7.612,100.000,99.649
50.457,6.448,0.000,100.000,97.256
48.445,4.844,0.000,100.000,90.146
44.130,10.190,6.911,100.000,85.887
42.771,15.976,14.382,100.000,85.564
41.342,14.984,16.720,100.000,82.308
41.568,16.317,17.151,100.000,82.774
42.227,14.624,15.151,100.000,83.564
44.469,12.750,9.234,100.000,87.197
47.213,8.361,1.634,100.000,90.400
50.968,4.090,0.000,100.000,94.605
53.790,0.662,1.320,100.000,96.890
56.373,0.238,8.895,100.000,98.790
57.953,2.323,14.671,100.000,99.431
58.879,3.760,17.335,100.000,99.821
58.584,3.012,16.292,100.000,99.669
56.299,0.443,8.960,100.000,98.533
53.287,1.334,0.231,100.000,96.859
49.174,6.674,0.000,100.000,92.918
45.368,12.830,9.957,100.000,88.182
41.552,17.437,21.588,100.000,82.608
39.842,19.917,26.923,100.000,79.744
39.064,20.362,28.738,100.000,78.597
40.226,19.370,25.766,100.000,80.231
42.728,16.038,18.135,100.000,84.082
47.170,10.172,5.686,100.000,89.979
52.542,3.772,0.000,100.000,96.074
56.884,0.071,4.978,100.000,99.049
61.158,3.736,16.031,100.000,100.000
64.563,9.688,25.255,100.000,100.000
66.875,13.505,30.535,100.000,100.000
67.197,14.105,31.040,100.000,100.000
65.754,10.282,25.837,100.000,100.000
62.749,4.636,16.215,100.000,100.000
58.957,0.039,3.994,100.000,100.000
54.866,3.519,0.000,100.000,97.813
52.122,8.096,1.200,100.000,95.351
49.502,11.610,8.308,100.000,92.715
48.392,13.404,11.658,100.000,91.367
48.420,13.404,11.797,100.000,91.200
50.087,11.316,6.982,100.000,93.033
53.310,6.460,0.000,100.000,96.041
57.487,1.417,0.000,100.000,99.567
62.227,0.903,8.748,100.000,100.000
66.715,7.386,20.726,100.000,100.000
71.341,16.169,32.738,100.000,100.000
75.244,25.872,43.111,97.549,100.000
79.881,34.467,53.840,92.824,100.000
80.357,37.847,55.908,90.471,99.208
80.665,36.219,54.849,91.615,100.000
77.539,28.435,46.089,95.837,100.000
73.298,17.440,33.120,100.000,100.000
68.402,6.418,18.298,100.000,100.000
64.017,0.092,4.486,100.000,100.000
59.922,3.252,0.000,100.000,100.000
57.514,7.470,0.000,100.000,99.785
56.057,9.008,2.526,100.000,98.464
56.868,8.022,0.618,100.000,99.015
59.832,3.424,0.000,100.000,100.000
64.208,0.119,3.554,100.000,100.000
69.083,5.043,15.618,100.000,100.000
74.170,14.461,28.600,99.943,100.000
79.401,26.489,41.686,93.901,100.000
83.638,35.940,51.511,88.422,99.185
85.883,41.972,56.782,84.557,97.469
86.949,42.676,57.203,84.278,97.456
85.152,37.829,51.302,86.173,98.095
82.110,27.000,41.520,92.520,100.000
77.325,15.203,27.258,99.091,100.000
73.368,5.480,15.185,100.000,100.000
69.434,0.181,4.452,100.000,100.000
67.899,0.466,0.000,100.000,100.000
67.261,1.001,0.000,100.000,100.000
69.322,0.009,2.360,100.000,100.000
72.865,3.867,10.732,100.000,100.000
78.655,14.128,24.289,97.570,100.000
85.703,29.599,40.840,88.061,100.000
91.731,45.780,54.385,78.253,94.192
95.365,57.475,63.114,71.128,89.377
97.301,63.095,66.535,67.731,86.615
97.286,61.729,64.345,67.918,86.364
96.001,51.432,56.908,73.070,91.569
92.351,36.867,44.108,80.359,96.964
87.343,22.670,30.225,88.312,100.000
82.490,11.966,17.508,94.072,100.000
78.325,4.716,7.948,97.964,100.000
76.342,1.794,3.505,99.889,100.000
76.972,2.670,5.157,99.294,100.000
80.027,7.627,12.225,96.324,100.000
85.099,17.725,24.305,90.262,100.000
91.130,31.830,38.378,82.020,97.395
94.950,43.582,48.283,75.351,93.087
97.290,49.341,52.745,72.189,90.567
96.767,47.057,50.102,72.858,91.174
95.693,38.687,43.265,77.060,94.874
91.319,26.929,31.194,82.533,97.764
85.430,15.129,17.225,88.453,99.195
79.208,5.153,4.477,94.065,99.562
74.805,0.122,0.000,99.436,100.000
73.780,2.789,0.000,100.000,100.000
71.996,4.078,0.000,100.000,100.000
73.123,3.730,0.000,100.000,100.000
75.548,0.350,0.000,99.696,100.000
80.505,3.454,3.591,94.977,100.000
84.840,12.435,14.369,89.763,100.000
89.221,21.818,24.908,84.783,98.269
91.124,28.322,30.526,80.926,95.744
91.005,28.797,30.849,80.540,95.285
90.485,25.967,28.846,82.250,96.662
88.435,22.367,24.400,83.855,96.492
85.415,17.672,19.671,86.454,97.710
84.783,14.443,16.960,88.447,98.974
83.715,10.116,13.809,91.516,100.000
82.316,8.557,11.052,91.982,100.000
82.199,7.787,10.622,92.583,100.000
82.580,8.331,11.391,92.282,100.000
84.647,12.643,15.609,89.549,99.797
86.846,17.312,20.782,86.864,99.064
89.827,21.803,26.049,84.578,98.492
92.466,28.940,32.575,80.552,95.990
92.044,30.656,33.708,79.466,95.277
93.608,31.042,35.391,79.856,96.064
90.120,25.209,29.265,82.919,97.482
88.238,17.796,23.286,87.178,100.000
82.309,7.288,9.803,92.782,100.000
78.052,0.223,0.000,98.419,100.000
73.891,2.471,0.000,100.000,100.000
72.319,6.344,0.231,100.000,100.000
71.951,6.160,0.563,100.000,100.000
74.010,2.851,0.000,100.000,100.000
76.991,0.169,0.000,99.058,100.000
81.459,3.923,6.788,94.511,100.000
85.078,11.672,16.132,89.539,100.000
88.804,20.172,25.151,84.643,98.010
90.490,24.348,30.037,82.712,97.218
90.609,23.561,31.095,83.851,98.890
88.207,20.006,27.314,86.314,99.449
85.072,12.519,21.135,91.487,100.000
80.616,4.580,11.520,96.751,100.000
76.566,0.104,2.455,100.000,100.000
72.434,3.273,0.000,100.000,100.000
70.227,6.917,0.000,100.000,100.000
69.531,7.642,0.000,100.000,100.000
71.635,4.309,0.000,100.000,100.000
75.252,0.285,0.775,100.000,100.000
79.875,3.944,11.077,96.818,100.000
85.078,13.309,23.665,91.415,100.000
88.794,22.248,32.797,86.292,99.787
89.767,26.008,36.406,84.089,98.638
88.774,24.369,34.889,85.232,99.041
86.052,17.199,28.649,89.730,100.000
81.141,7.657,17.880,95.956,100.000
76.348,0.832,7.526,100.000,100.000
72.760,0.737,0.702,100.000,100.000
71.537,1.830,0.000,100.000,100.000
72.292,0.707,0.526,100.000,100.000
74.872,0.416,6.425,100.000,100.000
79.134,6.656,16.766,96.691,100.000
83.660,15.607,28.071,91.401,100.000
88.819,26.308,39.394,85.528,99.097
90.584,31.467,44.465,82.710,97.813
90.486,31.096,44.234,83.093,97.913
87.813,24.678,38.418,86.862,99.944
82.685,14.497,27.545,92.748,100.000
77.604,5.186,15.908,98.787,100.000
73.550,0.273,6.785,100.000,100.000
71.134,0.885,1.151,100.000,100.000
70.254,1.859,0.000,100.000,100.000
71.534,0.475,1.846,100.000,100.000
74.299,0.567,8.043,100.000,100.000
78.083,6.626,17.360,97.411,100.000
83.806,16.439,30.237,91.701,100.000
88.564,27.265,41.403,85.662,99.282
90.687,33.166,46.772,82.461,97.321
90.722,33.323,47.138,82.361,97.397
88.979,27.784,42.935,85.832,99.795
84.514,19.237,33.194,90.221,100.000
80.135,9.528,22.828,96.428,100.000
76.523,2.712,14.055,100.000,100.000
73.482,0.000,7.305,100.000,100.000
73.148,0.000,6.326,100.000,100.000
74.055,0.356,8.055,100.000,100.000
75.901,2.429,12.314,100.000,100.000
79.253,6.677,19.471,98.046,100.000
81.384,12.228,25.034,94.203,100.000
83.342,14.948,29.342,92.834,100.000
82.664,14.951,28.474,92.600,100.000
81.868,12.554,26.443,94.318,100.000
80.914,10.244,24.258,95.972,100.000
80.298,9.299,23.265,96.670,100.000
79.460,8.215,21.954,97.416,100.000
79.318,8.105,21.677,97.489,100.000
79.148,7.894,21.520,97.685,100.000
79.362,7.960,21.745,97.625,100.000
79.399,8.170,21.954,97.471,100.000
80.322,9.257,23.514,96.863,100.000
80.008,8.839,23.058,97.097,100.000
79.936,9.053,22.982,96.904,100.000
80.138,8.958,23.222,97.083,100.000
79.955,8.972,22.994,97.007,100.000
80.140,9.020,23.188,96.945,100.000
80.047,9.011,23.089,96.974,100.000
80.062,8.958,23.120,97.095,100.000
80.078,9.023,23.145,97.015,100.000
80.082,8.999,23.089,96.991,100.000
80.012,8.978,23.160,97.106,100.000
80.086,9.008,23.126,96.958,100.000
80.027,8.966,23.120,97.011,100.000
80.004,8.990,23.114,96.974,100.000
80.000,9.002,23.135,97.019,100.000
80.010,8.975,23.105,97.023,100.000
80.010,8.966,23.114,96.960,100.000
80.051,8.981,23.117,97.013,100.000
80.002,8.963,23.114,96.978,100.000
80.023,8.963,23.102,97.046,100.000
80.012,8.984,23.120,96.995,100.000
79.998,8.987,23.126,96.948,100.000
80.068,8.972,23.120,96.966,100.000
80.074,8.981,23.123,96.956,100.000
80.043,8.978,23.111,96.958,100.000
80.084,8.969,23.120,96.968,100.000
80.043,8.984,23.135,97.044,100.000
80.066,8.987,23.129,97.017,100.000
80.051,8.952,23.123,97.046,100.000
80.045,8.978,23.123,96.993,100.000
80.008,8.969,23.114,96.982,100.000
80.047,8.975,23.142,97.077,100.000
80.060,8.975,23.145,96.985,100.000
80.049,8.966,23.132,97.030,100.000
80.092,8.981,23.123,96.937,100.000
80.043,8.978,23.151,96.991,100.000
80.066,8.999,23.142,97.023,100.000
80.031,8.972,23.132,96.964,100.000
80.082,8.984,23.123,96.964,100.000
80.058,8.972,23.129,96.976,100.000
80.029,8.981,23.120,96.921,100.000
80.055,8.963,23.102,96.960,100.000
80.058,8.969,23.126,96.978,100.000
80.025,9.002,23.142,96.948,100.000
80.113,8.949,23.135,97.048,100.000
80.031,8.990,23.142,96.925,100.000
80.045,8.955,23.126,97.005,100.000
80.092,8.981,23.132,97.067,100.000
80.002,8.984,23.129,96.909,100.000
80.074,8.981,23.135,97.026,100.000
80.058,8.993,23.142,96.972,100.000
80.051,8.999,23.138,96.917,100.000
80.051,9.002,23.126,96.954,100.000
80.020,8.981,23.145,96.956,100.000
80.066,8.990,23.135,96.982,100.000
80.062,9.002,23.157,96.931,100.000
80.057,8.975,23.135,97.001,100.000
80.037,8.981,23.123,96.968,100.000
80.020,8.969,23.120,96.991,100.000
80.076,8.972,23.145,97.005,100.000
80.109,8.990,23.132,97.048,100.000
80.074,8.990,23.129,97.060,100.000
80.064,8.969,23.117,96.966,100.000
80.053,8.981,23.135,97.067,100.000
80.146,8.996,23.135,96.937,100.000
80.078,8.987,23.138,96.945,100.000
80.041,9.002,23.129,96.958,100.000
80.045,8.975,23.117,96.964,100.000
80.049,8.978,23.142,97.003,100.000
80.055,8.978,23.135,96.952,100.000
80.068,9.002,23.157,97.026,100.000
80.070,8.987,23.120,97.021,100.000
80.006,8.978,23.135,96.937,100.000
80.078,8.975,23.126,96.929,100.000
80.086,8.975,23.126,97.028,100.000
72.707,3.617,18.295,94.897,100.000
72.743,3.629,18.308,94.862,100.000
72.741,3.626,18.317,94.940,100.000
72.735,3.617,18.357,94.952,100.000
72.692,3.638,18.369,94.839,100.000
72.733,3.626,18.394,94.882,100.000
72.725,3.635,18.394,94.856,100.000
72.680,3.641,18.360,94.848,100.000
72.668,3.656,18.283,94.882,100.000
72.707,3.635,18.255,94.889,100.000
72.709,3.626,18.249,94.911,100.000
72.663,3.641,18.218,94.862,100.000
72.696,3.644,18.209,94.800,100.000
72.649,3.617,18.206,94.848,100.000
72.684,3.617,18.194,94.835,100.000
72.645,3.629,18.197,94.827,100.000
72.672,3.612,18.191,94.780,100.000
72.657,3.647,18.274,94.759,100.000
72.752,3.641,18.351,94.872,100.000
72.809,3.695,18.400,94.852,100.000
72.783,3.713,18.449,94.784,100.000
72.748,3.757,18.406,94.718,100.000
72.789,3.769,18.465,94.759,100.000
72.684,3.757,18.372,94.774,100.000
72.661,3.668,18.246,94.802,100.000
72.643,3.644,18.231,94.813,100.000
72.651,3.671,18.209,94.735,100.000
72.692,3.692,18.255,94.786,100.000
72.676,3.695,18.243,94.786,100.000
72.624,3.689,18.212,94.761,100.000
72.620,3.674,18.209,94.792,100.000
72.692,3.692,18.188,94.780,100.000
72.627,3.668,18.225,94.837,100.000
72.553,3.656,18.157,94.868,100.000
72.723,3.751,18.397,94.786,100.000
72.856,3.914,18.723,94.690,100.000
72.766,3.234,18.178,95.435,100.000
73.029,2.474,18.089,96.473,100.000
73.661,2.070,19.046,97.153,100.000
73.727,2.753,19.474,96.260,100.000
72.744,3.920,18.243,94.503,100.000
72.994,3.885,18.717,94.753,100.000
73.312,3.980,19.397,94.811,100.000
72.719,4.208,18.612,94.402,100.000
73.166,4.137,19.311,94.554,100.000
72.963,4.185,19.009,94.470,100.000
72.953,4.134,18.960,94.529,100.000
73.006,4.146,19.028,94.593,100.000
73.084,4.289,19.145,94.365,100.000
73.078,4.315,19.277,94.386,100.000
73.136,4.286,19.234,94.404,100.000
73.140,4.197,19.225,94.482,100.000
73.195,4.271,19.262,94.377,100.000
73.271,4.330,19.295,94.273,100.000
73.331,4.431,19.345,94.133,100.000
73.361,4.324,19.363,94.207,100.000
73.441,4.161,19.385,94.427,100.000
73.388,4.102,19.366,94.503,100.000
73.587,3.989,19.483,94.669,100.000
73.780,3.793,19.735,94.850,100.000
74.012,3.710,20.095,94.991,100.000
74.326,3.757,20.483,94.616,100.000
74.285,3.760,20.222,93.912,100.000
74.263,4.125,20.018,92.807,100.000
74.470,4.850,20.375,91.711,100.000
74.872,5.492,20.898,90.777,100.000
75.225,6.124,21.529,90.132,99.805
75.829,6.819,22.409,89.868,99.964
76.504,7.375,23.422,89.816,100.000
77.165,7.695,24.160,89.703,100.000
77.514,8.028,24.471,89.229,100.000
77.598,8.512,24.372,88.312,99.877
77.687,8.886,24.098,87.441,98.967
77.808,9.326,23.991,86.503,98.085
78.292,9.792,24.240,85.793,97.718
79.076,10.199,24.775,85.308,97.733
79.877,10.639,25.335,84.865,97.921
80.792,11.236,25.975,84.272,98.005
81.377,11.639,26.302,83.637,97.859
81.866,12.014,26.508,82.913,97.651
82.357,12.266,26.578,82.258,97.328
82.749,12.376,26.443,81.462,96.956
83.141,12.337,26.151,80.913,96.631
83.379,12.236,25.674,80.289,96.190
83.547,12.082,25.015,79.789,95.708
83.785,11.824,24.557,79.419,95.564
84.416,11.693,24.363,79.107,95.654
85.146,11.607,24.428,78.894,95.967
85.824,11.589,24.545,78.588,96.167
86.602,11.720,24.695,78.325,96.221
86.961,11.880,24.498,77.580,95.856
87.351,12.242,24.458,76.833,95.318
87.792,12.308,24.422,76.445,95.195
88.260,12.424,24.529,75.968,95.162
88.835,12.709,24.575,75.396,94.756
89.328,12.973,24.588,74.778,94.490
89.896,13.199,24.529,74.150,94.118
90.602,13.392,24.692,73.431,93.851
91.420,13.772,25.092,72.700,93.618
92.070,14.063,25.191,71.885,93.241
92.575,14.191,25.089,71.305,92.903
92.953,14.247,24.929,70.754,92.623
93.522,14.431,25.025,70.274,92.436
93.638,14.553,24.545,69.570,91.674
93.624,14.508,23.748,68.854,90.800
93.749,14.488,23.240,68.178,90.144
94.287,14.494,22.945,67.587,89.844
95.002,14.627,22.966,66.883,89.485
95.736,14.951,23.083,66.119,89.131
96.845,15.524,23.828,65.505,88.982
97.797,15.996,24.443,64.931,88.838
98.458,16.626,24.818,64.233,88.423
98.974,17.140,25.028,63.500,87.869
99.456,17.615,25.243,62.833,87.382
99.979,18.147,25.735,62.309,87.128
100.000,18.616,26.009,61.769,86.777
100.000,19.023,25.486,60.881,85.687
99.949,19.136,24.569,59.977,84.359
99.955,19.249,24.108,59.185,83.500
100.000,19.436,24.265,58.522,83.162
100.000,19.774,24.538,57.871,82.785
100.000,20.193,24.726,57.069,82.179
100.000,20.511,24.828,56.363,81.559
100.000,21.405,25.369,55.234,80.792
100.000,22.275,25.788,54.172,79.895
100.000,23.113,26.111,53.090,79.013
100.000,23.867,26.369,52.031,78.054
100.000,24.491,26.615,51.198,77.251
100.000,24.921,26.683,50.446,76.508
100.000,24.939,26.394,49.909,75.921
100.000,24.657,25.966,49.490,75.679
100.000,25.076,25.828,48.808,74.703
100.000,25.076,26.031,48.447,74.797
100.000,25.284,26.212,48.073,74.485
100.000,25.468,26.268,47.688,74.197
100.000,25.705,26.455,47.413,73.936
100.000,25.717,26.332,47.193,73.697
100.000,25.809,26.292,47.037,73.554
100.000,25.976,26.603,47.049,73.703
100.000,26.097,26.822,47.160,73.813
100.000,25.901,26.658,47.439,74.028
100.000,25.607,26.477,47.827,74.290
100.000,25.293,26.397,48.383,74.818
100.000,25.007,26.360,49.077,75.403
100.000,24.589,26.209,49.855,76.128
100.000,23.959,25.988,50.783,76.931
100.000,23.208,25.803,51.896,78.044
100.000,22.504,25.723,53.086,79.208
100.000,21.832,25.717,54.205,80.333
100.000,21.253,25.754,55.311,81.351
100.000,20.603,25.542,56.379,82.267
100.000,19.866,25.302,57.444,83.246
100.000,19.130,25.163,58.561,84.305
100.000,18.358,24.954,59.657,85.223
100.000,17.588,24.582,60.723,86.123
100.000,16.816,24.252,61.794,86.915
99.996,16.201,24.145,62.831,87.805
99.631,15.601,23.969,63.911,88.672
98.750,14.681,23.600,65.029,89.549
97.863,14.116,23.320,65.912,90.079
97.130,13.781,23.218,66.721,90.638
96.582,13.493,23.249,67.622,91.197
95.911,13.315,23.286,68.293,91.710
95.254,13.160,23.268,68.864,91.892
94.462,12.884,23.169,69.701,92.369
93.879,12.572,23.105,70.518,92.856
92.941,12.067,22.911,71.551,93.472
92.060,11.473,22.572,72.528,94.023
91.224,10.870,22.212,73.530,94.572
90.368,10.362,21.948,74.531,95.059
89.566,10.065,21.883,75.416,95.554
88.901,10.125,22.129,76.217,95.941
88.291,10.288,22.465,76.935,96.231
87.380,10.083,22.117,77.416,96.203
86.567,10.068,21.994,77.826,96.082
86.090,10.119,22.298,78.411,96.367
85.762,10.092,22.665,78.976,96.736
85.239,9.967,22.717,79.630,97.067
84.580,9.786,22.692,80.347,97.262
84.032,9.611,22.628,80.883,97.515
83.416,9.323,22.446,81.597,97.705
82.782,9.038,22.255,82.246,97.856
82.240,8.782,22.083,82.810,98.103
81.673,8.586,21.929,83.475,98.238
81.172,8.488,21.905,83.939,98.385
80.538,8.372,21.877,84.508,98.456
79.965,8.280,21.975,85.204,98.662
79.442,8.132,22.108,85.980,99.069
78.838,7.873,22.252,87.014,99.526
78.239,7.609,22.262,87.950,99.921
77.414,7.336,22.105,88.866,100.000
76.301,6.810,21.683,90.104,100.000
75.156,6.273,21.080,91.245,100.000
73.965,5.640,20.326,92.382,100.000
72.727,4.954,19.440,93.706,100.000
71.672,4.253,18.554,94.852,100.000
70.678,3.724,17.809,95.872,100.000
69.578,3.196,17.095,97.106,100.000
68.587,2.792,16.637,98.306,100.000
67.616,2.364,16.249,99.501,100.000
66.854,2.064,16.012,100.000,100.000
66.082,1.850,15.766,100.000,100.000
65.296,1.705,15.446,100.000,100.000
64.582,1.544,15.062,100.000,100.000
63.841,1.354,14.643,100.000,100.000
63.192,1.227,14.323,100.000,99.733
62.494,1.120,14.154,100.000,99.518
61.850,1.007,14.009,100.000,99.272
61.131,0.852,13.806,100.000,99.208
60.550,0.704,13.615,100.000,99.154
59.871,0.612,13.458,100.000,98.877
59.218,0.585,13.348,100.000,98.569
58.580,0.541,13.237,100.000,98.259
57.943,0.454,13.034,100.000,97.967
57.323,0.345,12.825,100.000,97.803
56.601,0.235,12.489,100.000,97.487
55.991,0.131,12.068,100.000,97.159
55.361,0.056,11.563,100.000,96.736
54.759,0.000,11.117,100.000,96.390
54.224,0.000,10.717,100.000,96.105
53.692,0.000,10.366,100.000,95.841
53.199,0.000,10.111,100.000,95.646
52.723,0.000,9.911,100.000,95.433
52.247,0.000,9.705,100.000,95.046
51.787,0.000,9.443,100.000,94.782
51.321,0.000,9.151,100.000,94.418
50.795,0.000,8.837,100.000,94.021
50.215,0.000,8.480,100.000,93.469
49.685,0.000,8.089,100.000,92.974
49.182,0.021,7.609,100.000,92.700
48.696,0.140,7.058,100.000,92.351
48.377,0.211,6.615,100.000,92.141
48.176,0.247,6.351,100.000,91.908
48.182,0.232,6.280,100.000,91.933
48.303,0.211,6.428,100.000,91.928
48.564,0.178,6.865,100.000,92.331
48.878,0.122,7.409,100.000,92.731
49.233,0.030,7.917,100.000,93.013
49.486,0.000,8.271,100.000,93.108
49.786,0.000,8.582,100.000,93.215
50.104,0.000,8.800,100.000,93.374
50.535,0.000,9.068,100.000,93.741
50.941,0.000,9.394,100.000,94.110
51.448,0.000,9.926,100.000,94.567
51.968,0.000,10.505,100.000,95.021
52.444,0.000,10.902,100.000,95.377
52.840,0.000,11.025,100.000,95.556
53.205,0.000,11.009,100.000,95.723
53.548,0.000,10.874,100.000,96.003
53.975,0.000,10.788,100.000,96.238
54.373,0.000,10.818,100.000,96.536
54.850,0.000,10.938,100.000,96.731
55.334,0.000,11.114,100.000,96.995
55.895,0.000,11.428,100.000,97.223
56.496,0.000,11.748,100.000,97.572
57.097,0.000,12.120,100.000,97.869
57.795,0.068,12.652,100.000,98.244
58.565,0.196,13.360,100.000,98.564
59.335,0.407,14.132,100.000,98.900
60.127,0.639,14.914,100.000,99.210
61.094,0.959,15.775,100.000,99.456
61.907,1.274,16.517,100.000,99.674
62.812,1.666,17.280,100.000,99.941
63.683,2.031,17.948,100.000,100.000
64.650,2.418,18.603,100.000,100.000
65.520,2.848,19.271,100.000,100.000
66.481,3.329,19.969,100.000,100.000
67.412,3.701,20.548,99.706,100.000
68.357,4.113,21.083,98.668,100.000
69.213,4.488,21.465,97.648,100.000
70.046,4.826,21.862,96.808,100.000
70.910,5.141,22.406,96.098,100.000
71.713,5.518,22.938,95.260,100.000
72.419,5.904,23.209,94.437,100.000
73.070,6.222,23.305,93.526,100.000
73.663,6.415,23.302,92.702,100.000
74.439,6.587,23.372,91.834,100.000
75.238,6.733,23.440,91.120,100.000
76.114,6.935,23.618,90.260,100.000
77.038,7.238,23.877,89.344,100.000
78.138,7.707,24.289,88.217,100.000
79.374,8.257,24.723,86.862,99.792
80.447,8.907,25.012,85.512,99.187
81.340,9.513,25.400,84.034,98.649
82.693,10.297,26.292,82.742,98.367
83.759,10.959,26.923,81.661,98.079
84.567,11.583,27.123,80.378,97.364
84.990,11.645,26.237,78.842,96.172
85.438,11.853,25.443,77.141,94.779
86.158,12.245,25.222,75.652,93.813
87.098,12.869,25.400,74.164,92.913
88.371,13.656,25.745,72.723,92.215
89.609,14.369,26.077,71.487,91.644
90.869,15.236,26.511,70.307,91.067
92.288,16.323,27.231,69.085,90.608
93.513,17.395,27.926,67.753,89.777
94.417,18.361,28.151,66.222,88.708
95.116,19.257,28.203,64.777,87.462
95.929,20.036,28.289,63.518,86.487
96.759,20.793,28.422,62.240,85.538
97.307,21.337,28.286,61.145,84.546
98.329,22.082,28.649,60.023,83.769
99.680,23.270,29.360,58.555,82.800
100.000,24.357,29.951,57.243,81.921
100.000,25.584,30.431,55.839,80.756
100.000,26.677,30.745,54.509,79.477
100.000,27.719,31.200,53.076,78.531
100.000,28.536,31.443,51.951,77.518
100.000,29.379,31.778,50.783,76.626
100.000,30.226,32.212,49.601,75.710
100.000,31.158,32.723,48.509,74.954
100.000,32.067,33.252,47.495,74.103
100.000,33.133,33.815,46.419,73.192
100.000,34.158,34.449,45.467,72.246
100.000,33.724,33.489,44.762,71.431
100.000,33.680,32.625,43.810,70.236
100.000,34.110,32.714,43.087,69.615
100.000,34.220,32.745,42.724,69.246
100.000,34.595,33.018,42.435,68.972
100.000,35.073,33.449,42.223,68.874
100.000,35.135,33.458,42.281,68.897
100.000,34.592,32.948,42.564,69.077
100.000,33.897,32.452,43.155,69.569
100.000,33.151,32.246,43.991,70.387
100.000,32.542,32.305,44.945,71.495
100.000,31.993,32.406,45.926,72.546
100.000,31.473,32.440,46.877,73.410
100.000,30.965,32.443,47.913,74.167
100.000,30.532,32.289,48.737,74.895
100.000,30.395,32.505,49.613,75.590
100.000,30.315,33.120,50.724,76.623
100.000,30.244,33.868,51.801,77.854
100.000,29.822,34.080,52.889,78.933
100.000,28.901,33.874,54.057,79.951
100.000,27.781,33.545,55.209,80.967
100.000,26.653,33.043,56.453,81.908
100.000,25.685,32.628,57.701,82.846
100.000,24.520,32.225,59.156,83.954
99.637,23.380,32.000,60.733,85.303
98.561,22.156,31.702,62.521,86.713
97.251,20.870,31.166,64.212,87.890
95.913,19.857,30.748,65.729,88.921
94.731,19.002,30.538,67.273,89.977
93.760,18.592,30.852,68.788,91.036
92.900,18.197,31.311,70.412,92.213
91.420,17.080,30.542,71.734,92.785
89.582,15.952,29.418,73.171,93.251
88.546,15.171,29.338,74.749,94.205
87.692,14.366,29.369,76.159,95.246
86.598,13.424,28.794,77.518,95.892
85.664,12.810,28.385,78.610,96.303
84.933,12.228,28.191,79.563,96.803
84.274,11.871,28.031,80.267,97.182
83.426,11.521,27.800,81.115,97.397
82.738,11.268,27.763,82.003,97.690
82.098,10.977,27.932,83.079,98.282
81.166,10.630,28.074,84.393,98.836
80.133,10.062,27.895,85.770,99.259
78.666,9.400,27.545,87.324,99.703
77.278,8.631,27.262,89.081,100.000
75.927,7.942,26.849,90.761,100.000
74.558,7.173,26.277,92.306,100.000
73.470,6.368,25.723,93.879,100.000
72.684,5.872,25.246,94.825,100.000
72.066,5.545,24.911,95.498,100.000
71.524,5.275,24.643,96.139,100.000
70.978,5.132,24.486,96.683,100.000
70.459,5.147,24.428,97.147,100.000
69.749,5.105,24.449,97.762,100.000
68.895,5.016,24.585,98.715,100.000
67.907,4.880,24.652,99.649,100.000
66.830,4.687,24.628,100.000,100.000
65.848,4.440,24.486,100.000,100.000
64.586,3.986,23.908,100.000,100.000
63.449,3.567,23.129,100.000,100.000
62.357,3.009,22.348,100.000,100.000
61.304,2.548,21.538,100.000,99.754
60.328,2.079,20.628,100.000,99.326
59.501,1.663,19.831,100.000,99.110
58.822,1.375,19.265,100.000,98.859
58.136,1.146,18.775,100.000,98.523
57.578,0.992,18.437,100.000,98.254
56.935,0.876,18.145,100.000,97.956
56.289,0.731,17.846,100.000,97.677
55.570,0.564,17.480,100.000,97.390
54.825,0.437,17.089,100.000,96.928
53.977,0.321,16.588,100.000,96.197
53.158,0.208,16.105,100.000,95.705
52.405,0.116,15.637,100.000,95.164
51.643,0.000,15.092,100.000,94.744
50.929,0.000,14.560,100.000,94.315
50.282,0.000,13.991,100.000,93.844
49.644,0.000,13.514,100.000,93.349
49.085,0.000,13.175,100.000,92.846
48.611,0.000,12.911,100.000,92.487
48.230,0.000,12.652,100.000,92.256
47.973,0.000,12.428,100.000,92.046
47.852,0.000,12.237,100.000,91.956
47.829,0.000,12.074,100.000,91.851
47.821,0.000,11.948,100.000,91.721
47.887,0.000,11.969,100.000,91.703
48.135,0.000,12.274,100.000,91.859
48.383,0.000,12.634,100.000,92.110
48.739,0.000,13.071,100.000,92.490
49.114,0.000,13.452,100.000,92.810
49.533,0.000,13.769,100.000,93.282
50.011,0.000,14.108,100.000,93.610
50.518,0.000,14.474,100.000,93.979
51.151,0.000,14.926,100.000,94.438
51.861,0.000,15.538,100.000,94.926
52.614,0.050,16.262,100.000,95.651
53.359,0.143,16.985,100.000,96.272
54.070,0.297,17.668,100.000,96.672
54.768,0.481,18.342,100.000,96.967
55.476,0.719,19.022,100.000,97.356
56.297,0.959,19.686,100.000,97.713
57.104,1.182,20.262,100.000,98.077
57.894,1.375,20.831,100.000,98.579
58.690,1.565,21.240,100.000,98.944
59.555,1.773,21.637,100.000,99.231
60.415,1.993,22.071,100.000,99.559
61.287,2.275,22.597,100.000,99.803
62.254,2.664,23.286,100.000,100.000
63.190,3.086,23.957,100.000,100.000
64.145,3.487,24.637,100.000,100.000
65.048,3.914,25.292,100.000,100.000
65.947,4.476,25.969,100.000,100.000
66.938,5.088,26.886,100.000,100.000
67.989,5.762,27.723,99.282,100.000
69.083,6.498,28.665,97.974,100.000
70.161,7.262,29.508,96.728,100.000
71.148,7.876,30.049,95.597,100.000
72.076,8.310,30.474,94.552,100.000
72.986,8.735,30.828,93.554,100.000
73.768,9.079,31.114,92.620,100.000
74.583,9.442,31.397,91.881,100.000
75.332,9.896,31.852,90.945,100.000
76.075,10.398,32.249,89.985,100.000
76.870,10.918,32.603,89.174,99.915
77.541,11.470,33.120,88.373,99.792
78.185,12.100,33.449,87.365,99.318
78.809,12.741,33.818,86.378,98.923
79.524,13.484,34.440,85.557,98.556
80.201,14.229,34.988,84.594,98.233
80.911,14.871,35.502,83.754,98.028
81.652,15.563,35.988,82.860,97.610
82.400,16.231,36.523,81.952,97.297
83.147,16.914,37.018,81.131,97.036
83.802,17.452,37.345,80.365,96.836
84.381,17.906,37.560,79.598,96.521
85.042,18.173,37.471,78.844,96.118
85.534,18.206,37.052,78.038,95.621
86.166,18.263,36.600,77.024,95.028
86.877,18.402,36.246,75.919,94.449
87.745,18.860,36.372,74.844,93.887
88.827,19.534,36.665,73.645,93.344
89.874,20.650,37.228,72.224,92.513
91.093,21.928,38.012,70.742,91.731
92.105,23.062,38.566,69.369,90.856
92.883,23.965,38.809,68.129,89.987
93.688,24.805,39.117,67.092,89.321
94.378,25.563,39.628,66.339,88.944
94.486,25.895,39.837,66.066,88.705
94.445,25.818,39.711,66.130,88.779
94.162,25.503,39.585,66.361,88.979
93.916,25.058,39.317,66.760,89.218
93.454,24.606,38.997,67.174,89.428
93.193,24.360,38.908,67.540,89.610
92.951,24.265,39.009,67.852,89.826
92.627,24.235,39.132,68.174,89.969
92.312,24.217,39.280,68.488,90.028
91.959,24.235,39.548,68.829,90.328
91.592,24.158,39.772,69.283,90.564
91.157,23.968,39.932,69.777,90.887
90.629,23.656,40.040,70.486,91.313
89.894,23.071,39.794,71.321,91.690
89.079,22.305,39.631,72.429,92.303
88.367,21.577,39.600,73.643,93.133
87.575,20.763,39.591,75.034,94.031
86.622,19.976,39.465,76.519,94.815
85.703,19.293,39.286,77.596,95.410
84.619,18.470,38.782,78.752,95.795
83.642,17.719,38.554,80.016,96.290
82.726,16.974,38.274,81.203,96.844
81.778,16.347,37.960,82.324,97.290
80.967,15.836,37.978,83.574,97.810
80.035,15.245,37.898,84.728,98.292
78.904,14.532,37.418,85.828,98.464
77.941,13.751,36.846,87.049,98.838
76.794,12.934,36.305,88.334,99.123
75.665,12.147,35.822,89.646,99.387
74.550,11.426,35.492,91.044,99.664
73.435,10.864,35.142,92.163,99.826
72.466,10.315,34.791,93.285,99.897
71.452,9.745,34.391,94.388,100.000
70.284,8.963,33.649,95.691,100.000
69.186,8.221,33.025,97.026,100.000
68.022,7.532,32.468,98.329,100.000
66.949,6.968,31.960,99.462,100.000
65.861,6.549,31.683,100.000,99.928
64.886,6.166,31.480,100.000,99.841
63.865,5.913,31.271,100.000,99.562
62.771,5.575,30.886,100.000,99.156
61.731,5.195,30.418,100.000,98.859
60.612,4.710,29.775,100.000,98.438
59.513,4.241,29.172,100.000,98.044
58.577,3.903,28.658,100.000,97.677
57.582,3.561,28.129,100.000,97.146
56.736,3.240,27.548,100.000,96.603
55.931,2.920,27.012,100.000,96.279
55.080,2.566,26.508,100.000,95.800
54.271,2.296,26.160,100.000,95.405
53.454,2.064,25.745,100.000,94.803
52.571,1.928,25.258,100.000,94.074
51.662,1.767,24.815,100.000,93.351
50.869,1.533,24.412,100.000,92.833
50.007,1.316,23.963,100.000,92.341
49.227,1.126,23.495,100.000,91.715
48.466,0.947,23.006,100.000,91.195
47.946,0.817,22.655,100.000,90.921
47.661,0.740,22.354,100.000,90.603
47.462,0.686,21.991,100.000,90.444
47.542,0.674,22.049,100.000,90.582
47.729,0.719,22.185,100.000,90.667
48.024,0.796,22.612,100.000,90.992
48.365,0.968,23.148,100.000,91.264
48.757,1.221,23.729,100.000,91.477
49.155,1.414,24.280,100.000,91.669
49.574,1.577,24.828,100.000,92.090
50.028,1.720,25.314,100.000,92.508
50.436,1.939,25.800,100.000,92.759
50.976,2.204,26.311,100.000,92.992
51.549,2.385,26.895,100.000,93.508
52.101,2.542,27.397,100.000,93.903
52.711,2.670,27.782,100.000,94.387
53.281,2.824,27.969,100.000,94.679
53.903,2.982,28.311,100.000,94.972
54.614,3.190,28.662,100.000,95.354
55.316,3.475,29.108,100.000,95.651
56.126,3.825,29.748,100.000,96.136
56.980,4.289,30.594,100.000,96.426
57.970,4.945,31.665,100.000,96.856
59.162,5.747,32.957,100.000,97.215
60.304,6.584,34.351,100.000,97.618
61.583,7.461,35.714,100.000,98.074
62.827,8.221,36.905,100.000,98.369
64.091,9.064,37.978,100.000,98.572
65.245,9.869,38.874,99.762,98.656
66.557,10.799,39.883,98.346,98.821
67.833,11.740,40.751,96.806,98.703
69.030,12.735,41.532,95.309,98.513
70.266,13.766,42.578,93.825,98.431
71.473,14.811,43.665,92.501,98.321
72.684,15.952,44.594,91.009,98.097
73.680,16.745,45.212,89.822,97.892
74.659,17.377,45.382,88.457,97.397
75.558,18.069,45.612,87.002,97.003
76.759,18.904,46.129,85.661,96.582
77.997,19.759,46.625,84.374,96.318
79.181,20.633,47.231,83.120,96.115
80.406,21.669,47.902,81.784,95.764
81.597,22.676,48.486,80.441,95.272
82.872,24.167,49.455,78.885,94.610
84.235,25.747,50.637,77.266,94.031
85.345,27.279,51.465,75.685,93.295
86.409,28.521,52.062,74.213,92.605
87.425,29.507,52.366,72.822,91.890
88.347,30.202,52.326,71.563,91.190
89.274,30.867,52.363,70.412,90.474
90.030,31.316,52.157,69.322,89.918
90.771,31.999,52.062,68.174,89.087
91.481,32.700,52.228,67.220,88.503
92.093,33.306,52.495,66.491,88.026
92.555,33.974,52.772,65.787,87.644
92.867,34.378,52.966,65.335,87.305
92.961,34.627,53.089,65.179,87.164
93.054,34.782,53.163,65.058,87.233
93.064,34.704,53.163,65.124,87.179
93.175,34.728,53.157,65.072,87.254
93.246,34.767,53.320,65.042,87.408
93.515,35.070,53.378,64.639,87.044
93.737,35.227,53.197,64.091,86.590
94.164,35.851,53.332,63.319,86.067
94.626,36.457,53.514,62.638,85.582
94.922,37.149,53.862,62.164,85.195
95.098,37.416,54.126,62.069,85.287
94.882,37.137,54.028,62.346,85.474
94.533,36.528,53.652,62.862,85.805
94.195,35.854,53.458,63.514,86.297
93.583,35.099,53.129,64.309,86.713
92.756,34.289,52.834,65.272,87.285
91.820,33.656,52.895,66.454,87.915
90.695,32.955,53.135,67.956,88.808
89.595,32.394,53.788,69.490,89.869
88.445,31.702,54.271,71.266,90.949
86.801,30.573,53.898,73.002,91.654
85.341,29.228,53.588,74.876,92.582
83.833,27.796,53.031,76.773,93.385
82.379,26.394,52.388,78.530,94.097
81.012,25.150,51.908,80.244,94.797
79.637,23.888,51.262,81.889,95.336
78.138,22.634,50.606,83.555,95.785
76.701,21.509,50.120,85.249,96.249
75.281,20.398,49.591,86.907,96.674
73.873,19.255,48.766,88.443,96.890
72.452,18.099,47.978,90.114,97.203
71.025,17.069,47.382,91.791,97.331
69.539,16.086,46.695,93.287,97.410
68.094,15.245,46.000,94.747,97.326
66.524,14.289,45.191,96.268,97.090
64.920,13.181,44.080,97.838,96.887
63.270,12.079,42.837,99.384,96.538
61.903,11.114,41.735,100.000,96.272
60.669,10.297,40.858,100.000,96.010
59.399,9.486,39.892,100.000,95.687
58.325,8.857,39.138,100.000,95.331
57.286,8.212,38.332,100.000,94.890
56.282,7.612,37.517,100.000,94.556
55.295,7.021,36.658,100.000,94.079
54.228,6.353,35.578,100.000,93.449
53.158,5.750,34.538,100.000,92.862
52.027,5.043,33.302,100.000,92.064
50.954,4.381,32.135,100.000,91.377
49.833,3.793,30.932,100.000,90.562
48.815,3.199,29.834,100.000,89.951
47.811,2.712,28.911,100.000,89.241
46.811,2.299,28.255,100.000,88.587
45.881,2.002,27.625,100.000,87.764
44.888,1.773,26.852,100.000,86.731
44.046,1.512,26.258,100.000,86.005
43.254,1.301,25.822,100.000,85.346
42.517,1.194,25.289,100.000,84.533
41.796,1.040,24.594,100.000,83.641
41.109,0.796,23.926,100.000,82.944
40.608,0.698,23.455,100.000,82.323
40.138,0.535,22.828,100.000,81.777
39.856,0.440,22.372,100.000,81.497
39.680,0.386,22.031,100.000,81.331
39.682,0.404,22.006,100.000,81.305
39.871,0.481,22.314,100.000,81.426
40.285,0.603,22.966,100.000,81.900
40.788,0.763,23.517,100.000,82.413
41.377,0.977,24.015,100.000,82.841
42.036,1.191,24.594,100.000,83.505
42.835,1.357,25.135,100.000,84.269
43.736,1.568,25.671,100.000,85.010
44.672,1.832,26.243,100.000,85.836
45.666,2.129,26.988,100.000,86.623
46.920,2.548,28.255,100.000,87.746
48.238,3.095,29.874,100.000,88.972
49.613,3.876,31.702,100.000,90.023
50.949,4.710,33.418,100.000,90.890
52.286,5.572,35.114,100.000,91.715
53.716,6.611,36.920,100.000,92.397
54.917,7.547,38.206,100.000,92.762
56.126,8.465,39.345,100.000,93.044
57.395,9.388,40.594,100.000,93.331
58.861,10.496,42.314,100.000,93.844
60.404,11.803,44.237,99.883,94.238
62.030,13.356,46.375,98.366,94.605
63.496,14.871,48.046,96.547,94.579
64.851,16.097,49.234,94.944,94.538
66.041,17.042,50.194,93.515,94.523
67.256,17.835,50.874,92.198,94.369
68.406,18.610,51.560,90.851,94.323
69.668,19.644,52.637,89.500,94.287
70.958,20.879,53.892,88.125,94.067
72.298,22.388,55.258,86.511,93.846
73.599,24.084,56.812,84.912,93.449
74.979,25.780,58.157,83.188,92.977
76.410,27.508,59.332,81.209,92.341
77.726,29.109,60.025,79.150,91.497
79.064,30.677,60.612,76.937,90.474
80.636,32.495,61.483,74.786,89.562
82.211,34.541,62.498,72.606,88.574
83.654,36.522,63.351,70.483,87.559
84.957,38.236,63.883,68.533,86.500
86.070,39.480,64.117,67.035,85.697
86.846,40.143,64.102,65.992,85.064
87.437,40.190,63.809,65.510,84.838
87.692,39.804,63.440,65.571,84.938
87.607,39.272,63.151,65.984,85.241
87.308,38.500,62.963,66.717,85.885
86.655,37.419,62.618,67.745,86.521
85.820,36.032,62.138,69.256,87.436
84.736,34.393,61.600,71.081,88.472
83.422,32.726,60.735,72.902,89.346
81.965,31.084,59.886,74.767,90.113
80.606,29.593,59.222,76.551,90.987
79.249,28.153,58.455,78.362,91.664
77.914,26.938,57.871,80.018,92.249
76.617,25.786,57.138,81.576,92.772
75.398,24.618,56.511,83.165,93.223
74.221,23.555,55.889,84.650,93.733
73.002,22.480,55.172,86.099,94.023
71.828,21.473,54.489,87.564,94.372
70.707,20.422,53.723,88.981,94.685
69.560,19.528,52.840,90.182,94.792
68.390,18.491,52.003,91.582,94.964
67.020,17.262,50.754,93.082,94.974
65.592,16.050,49.363,94.527,94.923
64.153,14.734,47.985,96.280,94.867
62.695,13.395,46.498,97.919,94.792
61.156,12.118,44.911,99.548,94.585
59.945,11.146,43.692,100.000,94.392
58.850,10.330,42.631,100.000,94.177
57.765,9.569,41.618,100.000,93.810
56.837,9.076,40.880,100.000,93.500
55.972,8.607,40.286,100.000,93.187
55.055,8.141,39.652,100.000,92.915
54.178,7.648,38.948,100.000,92.459
53.255,7.161,38.132,100.000,92.113
52.386,6.653,37.385,100.000,91.623
51.530,6.240,36.588,100.000,91.169
50.666,5.768,35.754,100.000,90.644
49.790,5.227,34.763,100.000,90.233
48.973,4.609,33.529,100.000,89.754
48.078,3.944,32.068,100.000,89.172
47.217,3.383,30.695,100.000,88.577
46.446,2.881,29.471,100.000,87.933
45.606,2.415,28.169,100.000,87.254
44.812,2.106,27.071,100.000,86.428
44.048,1.684,25.846,100.000,85.623
43.381,1.140,24.545,100.000,85.105
42.751,0.814,23.292,100.000,84.531
42.188,0.478,21.938,100.000,83.990
41.829,0.184,20.683,100.000,83.762
41.525,0.000,19.428,100.000,83.546
41.396,0.000,18.511,100.000,83.644
41.498,0.000,18.163,100.000,83.872
41.806,0.000,18.548,100.000,84.226
42.299,0.000,19.455,100.000,84.949
42.946,0.101,20.625,100.000,85.738
43.738,0.428,22.111,100.000,86.523
44.699,0.944,23.806,100.000,87.305
45.760,1.458,25.502,100.000,88.300
46.903,2.127,27.329,100.000,89.387
48.303,3.083,29.194,100.000,90.321
49.529,4.036,30.622,100.000,90.941
50.976,4.987,32.062,100.000,91.741
52.536,5.946,33.514,100.000,92.749
54.209,7.089,34.889,100.000,93.503
55.765,8.111,35.905,100.000,94.067
57.494,9.139,37.068,100.000,94.772
59.308,10.140,38.323,100.000,95.559
61.174,11.295,39.354,100.000,96.049
63.065,12.688,40.298,99.247,96.272
65.198,14.226,41.366,96.913,96.387
67.505,15.895,42.480,94.324,96.379
69.845,17.704,43.360,91.617,96.092
72.052,19.260,43.738,88.800,95.569
74.207,20.564,43.914,86.208,95.105
76.447,21.984,44.348,83.611,94.603
78.692,23.353,44.665,81.250,94.097
80.599,24.568,44.932,79.185,93.444
82.619,25.916,45.366,77.153,92.990
84.567,27.271,45.671,75.108,92.269
86.156,28.132,45.338,73.314,91.474
87.868,28.851,45.329,71.807,91.010
89.767,29.560,45.778,70.506,90.795
90.892,30.104,45.305,69.079,89.933
91.148,29.810,43.982,67.946,89.174
92.411,30.255,43.997,67.078,88.779
93.121,30.166,43.775,66.602,88.679
93.795,30.163,44.231,66.680,89.205
94.644,30.033,45.314,67.170,90.382
94.665,29.644,45.342,67.636,90.915
93.443,28.343,43.800,68.396,90.874
90.578,26.032,40.394,69.545,90.438
88.517,24.592,38.375,70.746,90.318
87.232,23.151,37.751,72.672,91.474
85.953,21.726,37.258,74.749,92.810
84.411,19.768,36.237,77.309,94.387
82.531,17.585,34.742,79.844,95.703
80.593,15.569,33.006,82.309,96.628
78.602,13.689,31.191,84.834,97.472
76.950,11.916,29.680,87.404,98.526
75.634,10.252,28.446,89.808,99.597
74.242,8.684,27.138,92.023,100.000
72.793,7.437,25.640,93.873,100.000
71.471,6.317,24.351,95.695,100.000
70.139,5.521,23.311,97.206,100.000
68.932,5.284,22.486,98.175,100.000
67.686,4.951,21.855,99.263,100.000
66.589,4.535,21.298,100.000,100.000
65.466,4.128,20.665,100.000,100.000
64.216,3.609,19.785,100.000,100.000
63.065,2.937,18.917,100.000,100.000
61.938,2.275,17.982,100.000,100.000
60.704,1.740,16.898,100.000,99.962
59.507,1.262,15.797,100.000,99.574
58.407,0.838,14.717,100.000,99.154
57.264,0.431,13.600,100.000,98.764
56.373,0.157,12.717,100.000,98.597
55.554,0.000,11.757,100.000,98.244
54.854,0.000,10.849,100.000,97.928
54.548,0.000,10.175,100.000,97.838
54.497,0.000,9.843,100.000,97.787
54.591,0.000,9.818,100.000,97.928
54.932,0.000,10.197,100.000,98.167
55.517,0.000,10.978,100.000,98.251
56.434,0.160,12.305,100.000,98.495
57.763,0.594,14.028,100.000,99.213
59.197,1.331,15.723,100.000,99.654
60.877,2.210,17.240,100.000,100.000
62.681,3.068,18.634,100.000,100.000
64.493,3.903,19.726,100.000,100.000
66.398,4.924,20.575,100.000,100.000
68.494,6.192,21.403,98.269,100.000
70.937,7.318,22.523,95.689,100.000
73.413,8.399,23.542,93.226,100.000
75.710,9.498,24.415,90.756,100.000
78.001,10.475,25.286,88.607,100.000
80.232,11.660,25.806,85.875,99.623
81.363,12.798,24.978,82.755,97.551
83.444,14.027,25.274,80.240,96.372
85.444,14.601,25.658,78.452,96.038
87.484,15.432,25.797,76.309,95.136
89.478,16.005,25.572,74.242,94.287
91.500,16.519,25.268,71.980,93.118
93.934,17.282,25.889,69.783,92.413
96.537,18.271,26.308,67.505,91.213
98.325,19.513,26.071,64.701,89.092
99.883,20.912,25.742,61.829,86.608
100.000,22.144,24.898,58.992,83.841
100.000,22.842,24.277,56.769,81.690
100.000,24.208,24.991,54.562,80.126
100.000,25.497,25.843,52.596,78.908
100.000,26.383,26.234,51.087,77.721
100.000,27.027,26.434,49.794,76.708
100.000,27.137,25.905,48.969,75.741
100.000,26.418,25.077,48.940,75.672
100.000,25.376,24.172,49.391,75.949
100.000,24.099,23.077,50.104,76.595
100.000,22.281,21.615,51.415,77.538
100.000,20.636,20.317,52.889,78.592
100.000,19.151,19.437,54.597,80.015
100.000,17.924,19.012,56.434,81.726
100.000,16.905,18.815,58.348,83.495
100.000,15.890,18.631,60.509,85.333
99.522,14.966,18.385,62.617,87.051
97.309,13.754,17.803,65.512,89.041
95.057,12.281,17.228,68.346,91.018
92.641,10.835,16.514,71.136,92.831
90.098,9.183,15.194,74.201,94.374
87.291,7.285,13.569,77.290,95.941
84.754,5.628,12.126,80.370,97.351
82.463,4.134,10.911,83.625,98.872
80.328,3.092,10.052,86.764,100.000
78.370,2.233,9.218,89.163,100.000
75.808,1.589,7.357,90.847,100.000
73.967,1.138,6.323,92.594,100.000
72.692,0.855,6.018,94.316,100.000
71.510,0.793,5.831,95.480,100.000
70.292,0.665,5.542,96.896,100.000
69.229,0.496,5.360,98.243,100.000
68.028,0.374,5.185,99.690,100.000
66.768,0.353,4.942,100.000,100.000
65.544,0.339,4.634,100.000,100.000
64.389,0.241,4.434,100.000,100.000
63.250,0.131,4.182,100.000,100.000
62.116,0.050,3.732,100.000,100.000
61.072,0.027,3.151,100.000,99.969
60.216,0.086,2.554,100.000,100.000
59.869,0.187,2.185,100.000,100.000
59.708,0.226,1.883,100.000,100.000
59.906,0.241,1.923,100.000,100.000
60.140,0.211,2.102,100.000,100.000
60.367,0.122,2.446,100.000,100.000
60.675,0.089,2.883,100.000,100.000
61.014,0.053,3.397,100.000,100.000
61.379,0.024,3.609,100.000,100.000
61.882,0.062,3.969,100.000,100.000
62.576,0.131,4.388,100.000,100.000
63.553,0.217,4.825,100.000,100.000
64.512,0.419,5.231,100.000,100.000
65.620,0.689,5.686,100.000,100.000
66.977,1.034,6.000,99.967,100.000
68.698,1.544,6.178,97.996,99.864
70.510,2.043,6.495,95.695,99.713
72.780,2.697,6.898,92.893,99.123
75.030,3.543,7.372,90.046,98.541
77.682,4.517,7.991,86.905,97.738
80.296,5.284,8.818,84.225,97.190
83.036,6.086,9.603,81.537,96.569
85.017,7.051,9.335,78.214,94.567
86.690,7.591,8.711,75.217,92.590
88.650,7.701,8.400,72.744,91.379
90.227,7.529,7.643,70.350,89.764
91.202,7.303,6.354,67.829,87.697
92.403,6.994,5.231,65.434,85.869
94.131,6.804,4.717,63.284,84.536
95.751,6.754,4.422,61.334,83.292
97.155,6.706,4.037,59.548,82.092
98.380,6.638,3.674,57.958,80.982
99.210,6.605,3.468,57.062,80.164
99.645,6.579,3.357,56.512,79.849
99.969,6.522,3.323,56.484,79.862
100.000,6.380,3.345,56.816,80.367
100.000,6.255,3.425,57.485,81.079
99.982,6.127,3.477,58.440,82.108
99.799,5.916,3.557,59.797,83.544
99.501,5.150,3.575,61.819,85.523
98.421,4.470,3.314,63.847,87.285
96.631,3.843,2.732,65.988,88.562
94.997,3.015,2.212,68.383,90.313
93.517,2.435,1.898,70.576,91.823
91.836,1.821,1.440,72.739,93.210
89.960,1.238,0.825,75.131,94.500
88.125,0.861,0.298,77.305,95.554
86.470,0.600,0.000,79.282,96.474
84.689,0.460,0.000,81.375,97.231
83.266,0.443,0.000,83.071,97.887
81.872,0.502,0.000,84.684,98.408
80.530,0.644,0.000,86.357,98.928
78.844,0.855,0.000,88.032,99.236
77.319,1.010,0.000,89.629,99.464
75.745,1.280,0.000,91.444,99.749
74.343,1.687,0.000,93.388,100.000
72.635,2.219,0.000,95.472,100.000
70.939,2.750,0.000,97.147,100.000
69.166,3.107,0.000,98.532,100.000
67.638,3.528,0.000,99.928,99.903
66.255,3.766,0.000,100.000,99.674
64.933,3.724,0.000,100.000,99.208
63.551,3.650,0.000,100.000,98.590
62.274,3.727,0.000,100.000,98.254
60.946,4.030,0.000,100.000,97.985
59.633,4.461,0.000,100.000,97.633
58.391,4.767,0.000,100.000,97.049
57.218,5.189,0.000,100.000,96.605
56.391,5.800,0.446,100.000,96.554
55.882,6.189,0.911,100.000,96.338
55.611,6.210,1.178,100.000,96.059
55.767,6.421,1.280,100.000,96.300
56.001,6.534,1.200,100.000,96.682
56.404,6.011,0.702,100.000,96.631
57.007,5.450,0.022,100.000,96.818
57.736,4.918,0.000,100.000,97.297
58.504,4.428,0.000,100.000,97.515
59.279,3.920,0.000,100.000,97.721
60.092,3.617,0.000,100.000,98.010
60.907,3.445,0.000,100.000,98.315
61.771,3.211,0.000,100.000,98.369
62.812,2.839,0.000,100.000,98.528
63.966,2.614,0.000,100.000,99.026
65.263,2.331,0.000,100.000,99.385
66.485,1.877,0.000,100.000,99.167
67.761,1.544,0.000,99.204,98.926
69.194,1.316,0.000,97.126,98.533
70.793,1.152,0.000,94.936,98.095
72.317,1.096,0.000,92.906,97.613
74.117,1.126,0.000,90.931,97.421
76.057,1.244,0.000,88.950,97.187
77.941,1.322,0.000,86.862,96.821
79.881,1.357,0.000,84.707,96.187
81.913,1.408,0.000,82.742,95.715
84.307,1.527,0.000,80.858,95.682
86.478,1.547,0.000,79.150,95.492
88.166,1.515,0.000,77.278,94.664
89.459,1.488,0.000,75.334,93.597
90.693,1.553,0.000,73.402,92.441
91.978,1.610,0.000,71.522,91.026
93.058,1.717,0.000,69.716,89.795
94.384,1.767,0.000,67.948,88.713
96.038,1.815,0.000,66.265,87.831
97.572,1.818,0.000,64.656,86.982
98.657,1.734,0.000,63.309,86.051
99.263,1.654,0.000,62.422,85.438
99.698,1.636,0.000,62.026,85.197
99.903,1.654,0.000,62.168,85.592
99.910,1.726,0.000,62.706,86.218
99.144,1.883,0.000,63.371,86.526
97.964,2.162,0.000,64.436,87.144
96.810,2.557,0.262,66.169,88.356
95.560,2.881,0.502,67.879,89.477
93.948,3.154,0.769,69.783,90.556
92.635,3.350,0.905,71.541,91.641
91.023,3.635,1.098,73.803,92.933
89.242,4.036,1.369,76.022,94.154
87.250,4.529,1.846,78.516,95.254
85.072,5.085,2.369,81.000,96.221
82.851,5.696,3.052,83.484,97.100
80.716,6.282,3.674,85.822,97.656
78.536,6.861,4.372,88.297,98.233
76.408,7.449,5.123,90.603,98.636
74.394,8.025,5.917,92.663,98.764
72.333,8.649,6.732,94.882,98.785
70.303,9.044,7.415,96.870,98.644
68.260,9.329,7.994,98.738,98.346
66.415,9.519,8.418,99.986,97.936
64.705,9.605,8.732,100.000,97.367
63.122,9.753,9.018,100.000,96.990
61.470,9.831,9.212,100.000,96.454
59.770,9.863,9.458,100.000,95.700
58.060,10.356,10.055,100.000,95.095
56.451,10.529,10.360,100.000,94.233
55.038,10.413,10.618,100.000,93.172
53.721,10.734,11.135,100.000,92.346
52.729,11.025,11.511,100.000,91.805
51.927,11.310,11.846,100.000,91.295
51.342,11.500,12.237,100.000,90.762
50.995,11.586,12.615,100.000,90.290
50.914,11.818,12.954,100.000,90.321
51.021,12.037,13.175,100.000,90.626
51.292,12.052,13.237,100.000,90.928
51.612,11.850,12.969,100.000,91.154
52.171,11.524,12.200,100.000,91.710
52.803,11.034,11.320,100.000,92.195
53.456,10.454,10.560,100.000,92.449
54.176,9.985,9.862,100.000,92.933
55.047,9.661,9.271,100.000,93.528
55.993,9.394,8.858,100.000,93.992
57.065,9.097,8.514,100.000,94.541
58.278,8.880,8.200,100.000,95.090
59.585,8.637,7.905,100.000,95.544
60.998,8.417,7.572,100.000,96.146
62.545,8.179,7.231,100.000,96.695
64.120,7.802,6.868,100.000,96.964
65.694,7.493,6.643,100.000,97.241
67.419,7.288,6.508,98.986,97.428
69.371,7.057,6.388,96.904,97.418
71.309,6.801,6.360,94.667,97.315
73.281,6.677,6.326,92.626,97.203
75.584,6.570,6.280,90.241,96.944
77.916,6.397,6.182,87.833,96.597
80.497,6.106,5.985,85.056,95.951
82.716,5.976,5.966,82.650,95.238
84.693,5.824,5.914,80.333,94.428
86.786,5.506,5.680,78.109,93.708
88.525,5.099,5.323,76.155,92.869
90.157,4.520,5.003,73.907,91.608
91.450,4.321,4.972,72.187,90.721
92.746,4.188,4.932,70.631,89.790
93.885,4.128,4.985,69.155,88.987
94.944,4.069,4.945,67.983,88.308
95.712,3.944,4.812,67.047,87.795
96.358,3.724,4.526,66.534,87.518
96.518,3.353,4.142,66.314,87.474
96.477,3.237,4.058,66.333,87.544
96.313,3.338,4.206,66.563,87.723
95.607,3.478,4.474,67.121,87.890
94.382,3.585,4.788,68.090,88.056
93.189,3.439,4.782,69.153,88.372
92.060,3.163,4.391,70.715,89.356
90.695,2.723,3.766,72.725,90.487
88.950,2.340,3.305,74.926,91.669
87.148,2.186,3.031,77.085,92.785
85.105,2.097,3.009,79.154,93.215
82.652,2.222,3.357,81.178,93.474
80.774,2.486,3.615,83.303,94.185
78.926,2.884,3.966,85.423,94.672
77.151,3.347,4.566,87.183,95.044
75.422,3.989,5.268,88.971,95.223
73.827,4.589,5.917,90.678,95.426
72.278,5.091,6.495,92.097,95.349
70.724,5.477,6.938,93.558,95.341
69.209,5.747,7.203,94.924,95.236
67.616,6.041,7.471,96.541,95.062
66.033,6.406,7.603,98.313,95.128
64.506,6.602,7.652,99.745,94.862
63.050,6.718,7.754,100.000,94.413
61.554,6.849,7.905,100.000,93.913
60.129,7.024,8.018,100.000,93.377
58.699,7.265,8.225,100.000,92.869
57.442,7.639,8.646,100.000,92.326
56.260,7.983,9.160,100.000,91.618
55.330,8.340,9.723,100.000,91.072
54.883,8.815,10.351,100.000,90.879
54.837,9.145,10.766,100.000,90.931
54.883,9.225,10.871,100.000,91.015
55.117,9.094,10.763,100.000,91.038
55.624,8.738,10.360,100.000,91.308
56.404,8.393,9.834,100.000,91.751
57.264,8.064,9.366,100.000,92.297
58.298,7.562,8.711,100.000,92.667
59.474,7.066,8.092,100.000,93.097
60.679,6.697,7.655,100.000,93.577
61.928,6.394,7.338,100.000,93.944
63.210,6.187,7.200,100.000,94.354
64.701,6.026,7.197,99.366,94.687
66.240,6.008,7.366,98.009,94.931
67.817,5.777,7.582,95.929,94.605
69.250,5.691,7.772,94.240,94.503
71.149,5.682,7.935,92.493,94.600
72.920,5.631,8.046,90.719,94.528
74.866,5.554,8.203,88.663,94.318
77.005,5.699,8.468,86.622,94.133
79.195,5.851,8.760,84.362,93.759
81.340,5.943,9.163,81.915,93.051
83.414,6.059,9.449,79.477,92.162
85.319,6.249,9.640,77.582,91.541
87.334,6.394,9.717,75.640,91.085
89.164,6.534,9.923,73.413,90.013
90.904,6.700,10.212,71.136,88.813
92.122,7.039,10.702,69.391,87.836
92.483,7.526,11.348,68.404,87.038
92.315,8.028,11.905,68.227,86.733
91.660,8.530,12.505,68.656,86.864
90.678,8.963,13.012,69.564,87.426
89.416,9.682,13.575,71.422,88.462
87.973,10.264,13.917,73.813,89.936
86.175,10.573,14.080,76.229,91.241
83.833,10.849,14.366,78.918,92.226
80.942,10.692,14.443,81.638,92.787
78.300,10.564,14.218,84.483,93.541
75.856,10.217,13.818,87.051,93.974
73.374,10.077,13.477,89.691,94.354
71.292,10.056,13.351,91.853,94.549
69.114,10.258,13.548,94.002,94.533
67.008,10.573,13.720,96.330,94.544
64.769,10.805,13.775,98.571,94.331
62.745,10.956,13.742,100.000,94.049
60.811,10.903,13.446,100.000,93.728
58.789,10.674,13.018,100.000,93.018
56.970,10.639,12.800,100.000,92.321
55.088,10.490,12.400,100.000,91.559
53.249,10.258,11.935,100.000,90.459
51.510,10.101,11.609,100.000,89.464
49.927,10.021,11.317,100.000,88.379
48.708,9.950,11.166,100.000,87.536
47.743,9.985,11.215,100.000,86.736
47.205,10.056,11.425,100.000,86.103
47.016,10.030,11.597,100.000,85.646
47.142,9.774,11.495,100.000,85.641
47.677,9.557,11.123,100.000,86.162
48.581,9.584,10.858,100.000,87.244
49.833,9.596,10.548,100.000,88.474
51.366,9.406,10.258,100.000,89.623
53.021,9.154,9.960,100.000,90.695
54.903,9.032,9.760,100.000,91.864
56.849,8.975,9.686,100.000,93.051
58.933,8.883,9.535,100.000,94.172
61.137,8.619,9.086,100.000,95.064
63.389,8.141,8.369,100.000,95.905
65.770,7.645,7.631,99.910,96.664
68.486,6.938,6.637,97.767,97.205
70.962,6.347,5.828,95.373,97.515
73.390,5.958,5.234,93.249,97.664
75.601,5.679,4.849,91.087,97.679
77.450,5.465,4.569,89.168,97.454
79.212,5.334,4.372,87.435,97.231
80.743,5.189,4.271,85.557,96.600
82.359,4.963,4.151,83.619,96.044
83.779,4.853,3.972,82.151,95.677
85.042,4.710,3.911,80.595,95.064
86.312,4.547,3.818,79.109,94.490
87.456,4.479,3.738,77.855,94.082
88.305,4.378,3.711,76.592,93.456
89.180,4.262,3.618,75.650,92.931
89.767,4.182,3.508,74.971,92.690
90.081,4.021,3.388,74.455,92.364
90.024,3.828,3.292,74.261,92.172
89.586,3.552,3.117,74.462,92.077
88.730,3.511,3.000,75.383,92.597
87.367,3.172,2.588,76.894,93.192
85.360,3.086,2.302,79.095,94.059
83.301,3.231,2.258,81.519,95.054
80.909,3.683,2.308,84.894,96.541
78.360,4.298,2.511,88.406,97.756
74.979,4.939,3.203,91.520,97.890
71.615,5.851,4.126,94.963,98.118
68.895,6.584,4.705,98.060,98.190
66.417,6.935,5.031,99.982,97.956
64.379,7.170,5.258,100.000,97.595
62.510,7.419,5.422,100.000,97.205
60.798,7.621,5.412,100.000,96.892
59.206,7.538,5.172,100.000,96.226
57.617,7.680,5.237,100.000,95.426
55.987,7.796,5.289,100.000,94.510
54.566,7.401,4.775,100.000,93.644
53.041,7.550,4.997,100.000,92.723
51.937,7.588,4.886,100.000,92.100
50.836,7.630,4.914,100.000,91.397
49.993,7.440,4.686,100.000,90.967
49.597,7.407,4.511,100.000,90.741
49.451,7.351,4.532,100.000,90.469
49.662,7.095,4.286,100.000,90.659
50.178,7.104,4.006,100.000,91.372
50.984,6.980,3.594,100.000,92.100
52.015,6.528,3.003,100.000,92.703
53.101,6.296,2.542,100.000,93.228
54.419,5.979,2.055,100.000,93.926
55.833,5.509,1.868,100.000,94.310
57.274,5.432,2.037,100.000,94.746
59.023,5.554,2.188,100.000,95.846
60.942,5.744,2.348,100.000,96.867
63.036,5.637,2.382,100.000,97.656
65.156,5.590,2.378,100.000,98.331
67.521,5.551,2.108,99.930,99.113
70.098,5.349,1.858,97.726,99.421
72.251,5.123,1.825,95.155,99.156
75.096,4.820,1.520,92.177,99.090
78.107,4.746,1.283,89.432,98.987
80.965,4.526,1.052,86.390,98.467
83.789,4.087,0.665,83.250,97.569
86.277,3.448,0.218,80.287,96.403
88.671,2.848,0.000,77.592,95.351
90.270,2.426,0.000,75.728,94.528
91.545,2.046,0.000,74.045,93.636
92.448,1.830,0.000,73.092,93.067
92.850,1.743,0.000,72.577,92.803
92.783,1.740,0.000,72.456,92.751
92.382,1.717,0.000,72.741,92.785
91.715,1.871,0.000,73.776,93.390
90.584,2.046,0.000,75.332,94.408
89.205,2.186,0.000,77.182,95.323
87.310,2.257,0.000,79.123,96.213
85.189,2.406,0.000,81.460,97.013
83.054,2.533,0.000,83.794,97.787
80.905,2.631,0.000,86.294,98.544
78.592,2.747,0.000,88.966,99.328
76.438,2.896,0.000,91.346,99.710
73.983,3.217,0.000,94.193,100.000
71.405,3.710,0.000,96.900,100.000
68.977,4.093,0.000,99.366,100.000
66.957,4.562,0.000,100.000,99.723
64.808,5.343,0.486,100.000,99.044
62.898,5.658,0.905,100.000,98.392
61.111,6.014,1.369,100.000,97.677
59.514,6.270,1.603,100.000,97.144
58.011,6.614,1.938,100.000,96.682
56.664,6.558,1.726,100.000,96.438
55.897,6.311,1.138,100.000,96.256
54.809,6.276,1.351,100.000,95.177
54.289,5.560,1.062,100.000,94.062
54.168,5.349,1.086,100.000,93.641
54.505,5.385,0.994,100.000,94.092
54.979,5.584,0.969,100.000,94.692
56.009,5.809,0.840,100.000,95.718
57.327,5.797,0.455,100.000,96.844
58.828,5.506,0.000,100.000,97.738
60.577,5.022,0.000,100.000,98.546
62.396,4.704,0.000,100.000,99.238
64.315,4.057,0.000,100.000,99.628
66.333,3.294,0.000,100.000,99.895
68.679,2.813,0.000,99.752,100.000
70.990,2.480,0.000,97.935,100.000
73.696,1.936,0.000,95.170,100.000
76.303,1.515,0.000,92.633,100.000
78.497,1.233,0.000,90.416,100.000
81.172,0.861,0.000,87.632,100.000
83.305,0.692,0.000,85.046,99.759
85.251,0.606,0.000,82.745,98.913
87.261,0.546,0.000,80.575,98.177
89.007,0.567,0.000,78.746,97.464
90.520,0.588,0.000,77.101,96.700
91.840,0.591,0.000,75.373,95.782
93.002,0.612,0.000,73.879,94.910
93.809,0.603,0.000,72.844,94.308
94.503,0.647,0.000,72.005,93.790
94.837,0.686,0.160,71.612,93.569
94.942,0.743,0.332,71.600,93.626
94.544,0.793,0.477,71.953,93.823
93.766,0.849,0.622,72.750,94.262
92.612,0.891,0.828,74.043,94.938
91.208,0.915,1.018,75.763,95.944
89.463,0.855,1.117,77.762,96.969
87.004,0.644,0.849,80.456,98.079
84.175,0.434,0.234,83.506,99.113
80.881,0.457,0.000,87.088,100.000
77.438,0.894,0.000,90.642,100.000
73.881,1.770,0.000,94.018,100.000
71.245,1.874,0.000,96.342,100.000
68.609,2.005,0.000,98.541,99.708
66.544,2.263,0.000,99.998,99.474
64.783,2.605,0.000,100.000,99.887
63.284,3.026,0.000,100.000,100.000
61.490,3.151,0.000,100.000,98.918
59.452,2.973,0.000,100.000,97.246
58.343,2.973,0.000,100.000,96.751
57.262,3.306,0.000,100.000,96.477
56.369,3.445,0.000,100.000,96.228
55.357,3.359,0.000,100.000,95.551
54.607,3.124,0.000,100.000,95.126
54.102,3.029,0.000,100.000,95.154
53.840,3.175,0.000,100.000,95.513
53.940,3.217,0.000,100.000,95.800
54.088,2.997,0.000,100.000,95.728
54.519,2.768,0.000,100.000,95.833
55.373,2.768,0.000,100.000,96.290
56.272,2.765,0.000,100.000,96.503
57.572,2.712,0.000,100.000,97.156
59.113,2.881,0.000,100.000,98.162
60.772,2.842,0.000,100.000,98.941
62.445,2.587,0.000,100.000,99.162
64.270,2.424,0.000,100.000,99.585
66.692,2.447,0.000,100.000,100.000
69.168,2.385,0.000,99.984,100.000
71.707,2.058,0.000,98.339,100.000
74.123,1.271,0.000,95.020,100.000
76.377,0.627,0.000,91.820,100.000
78.469,0.422,0.151,89.057,100.000
81.129,0.345,0.917,86.879,100.000
83.646,0.315,1.622,84.715,100.000
85.579,0.368,1.800,82.433,99.203
88.069,0.579,2.342,79.388,97.785
90.350,0.671,2.788,77.200,97.336
92.887,0.906,3.523,74.991,96.495
94.778,1.491,4.142,72.393,94.900
96.562,2.168,5.055,70.691,93.903
97.303,2.667,5.508,69.591,93.292
97.465,2.946,5.809,69.305,93.113
97.108,3.047,5.815,69.568,93.197
95.823,2.777,5.311,70.457,93.433
94.414,2.361,5.028,72.189,94.559
92.916,1.996,4.975,74.258,95.864
90.980,1.660,4.806,76.527,97.087
88.441,1.072,4.209,79.452,98.500
85.824,0.621,3.585,82.521,99.782
82.574,0.306,2.268,86.002,100.000
79.292,0.419,1.129,89.328,100.000
75.482,0.965,0.000,92.897,100.000
72.319,1.515,0.000,96.469,100.000
69.853,1.830,0.000,99.614,100.000
67.918,1.892,0.000,100.000,100.000
65.105,1.916,0.000,100.000,100.000
63.401,1.880,0.000,100.000,99.656
61.665,2.349,0.000,100.000,99.541
60.185,2.480,0.000,100.000,99.203
58.571,2.572,0.000,100.000,98.672
57.030,2.801,0.000,100.000,98.382
55.490,3.119,0.000,100.000,97.813
53.928,3.116,0.000,100.000,96.633
52.501,3.315,0.000,100.000,95.677
51.446,3.463,0.000,100.000,95.121
50.676,3.451,0.000,100.000,94.523
50.196,3.350,0.000,100.000,93.992
50.079,3.317,0.000,100.000,93.833
50.190,3.222,0.000,100.000,93.892
50.664,3.056,0.000,100.000,94.346
51.590,2.908,0.000,100.000,95.426
52.844,2.628,0.000,100.000,96.454
54.180,2.248,0.000,100.000,97.223
55.765,1.785,0.000,100.000,98.128
57.762,1.455,0.000,100.000,99.205
59.741,1.126,0.000,100.000,100.000
61.837,0.704,0.671,100.000,100.000
64.015,0.202,2.154,100.000,100.000
65.698,0.074,3.006,100.000,100.000
68.285,0.279,4.711,99.780,100.000
70.670,0.431,5.818,97.960,100.000
72.850,0.829,6.569,95.324,100.000
74.952,1.253,7.126,92.848,100.000
77.467,1.396,7.754,91.038,100.000
80.205,1.224,8.397,89.669,100.000
82.024,1.399,8.588,87.460,100.000
84.459,2.162,9.665,84.539,100.000
86.271,3.211,10.406,81.909,99.869
88.024,4.164,10.960,79.522,98.592
89.872,4.660,11.585,77.775,98.046
91.684,5.055,12.025,76.147,97.449
93.253,5.887,12.360,74.109,96.185
94.692,6.466,12.643,72.534,95.292
96.057,7.336,13.431,71.019,94.359
96.878,8.459,13.911,69.471,92.982
97.414,9.471,14.462,68.242,92.105
97.818,9.950,15.077,68.002,92.044
97.541,10.122,15.172,68.102,92.044
96.943,10.261,15.243,68.515,92.221
95.753,9.495,15.182,70.278,93.505
94.102,8.744,15.040,72.171,94.738
91.491,7.986,14.705,74.466,95.905
88.482,7.461,14.385,77.327,96.874
85.620,6.700,14.468,80.864,98.577
82.782,5.946,14.926,84.847,100.000
78.774,5.177,13.825,88.020,100.000
75.188,4.761,13.080,90.997,100.000
71.795,3.573,12.471,95.270,100.000
68.907,2.596,12.354,99.487,100.000
66.064,1.720,11.818,100.000,100.000
63.629,1.476,11.271,100.000,100.000
61.172,0.912,10.329,100.000,100.000
58.857,0.404,9.465,100.000,99.733
56.775,0.083,8.471,100.000,98.715
54.729,0.000,7.351,100.000,97.477
52.957,0.000,6.277,100.000,96.213
51.516,0.000,5.489,100.000,95.131
50.434,0.036,4.803,100.000,94.244
49.726,0.113,4.237,100.000,93.687
49.358,0.214,3.655,100.000,93.228
49.215,0.229,3.277,100.000,93.072
49.475,0.190,3.351,100.000,93.172
50.276,0.151,3.929,100.000,94.156
51.401,0.175,4.412,100.000,95.438
52.709,0.071,4.834,100.000,96.238
54.283,0.000,5.228,100.000,97.010
56.143,0.000,5.551,100.000,98.103
58.288,0.000,6.228,100.000,99.428
60.657,0.000,7.142,100.000,100.000
63.305,0.134,8.406,100.000,100.000
66.333,0.591,10.320,100.000,100.000
69.005,1.470,12.157,99.850,100.000
72.705,3.225,14.938,96.223,100.000
75.667,4.844,16.625,92.237,100.000
78.044,6.029,17.191,88.827,100.000
81.193,6.968,18.578,86.242,100.000
83.198,7.588,18.892,83.847,99.967
85.432,9.047,19.302,80.737,98.244
87.819,9.739,19.818,78.551,97.687
90.438,10.119,20.818,76.859,97.636
92.881,11.274,22.209,74.681,96.938
94.123,12.617,22.502,72.466,95.264
95.229,13.781,22.862,70.748,93.990
96.397,14.612,23.640,69.697,93.533
97.280,15.135,24.215,69.120,93.346
97.373,15.497,24.458,68.874,93.110
96.872,15.486,24.240,69.096,93.118
95.821,14.749,23.486,69.810,93.469
94.230,13.612,22.514,71.282,94.192
92.487,12.415,21.874,73.402,95.303
90.483,11.256,21.449,75.876,96.713
88.277,10.653,21.572,78.551,98.126
85.563,9.807,20.662,80.622,98.333
82.295,8.681,19.926,83.635,99.190
80.000,7.434,19.935,87.172,100.000
76.948,6.118,19.246,90.787,100.000
74.139,5.203,18.966,94.412,100.000
71.420,4.514,18.511,97.214,100.000
68.640,3.404,17.640,99.945,100.000
66.008,2.762,17.049,100.000,100.000
63.438,2.233,16.418,100.000,100.000
60.965,1.773,16.062,100.000,100.000
58.703,1.538,15.862,100.000,99.741
56.408,1.524,15.606,100.000,98.100
54.488,1.824,15.818,100.000,96.459
52.819,1.325,15.686,100.000,95.992
51.524,0.995,15.578,100.000,95.395
50.231,0.826,14.889,100.000,94.154
49.319,0.683,14.274,100.000,93.251
48.860,0.484,13.609,100.000,92.859
48.812,0.582,13.471,100.000,92.521
49.042,0.790,13.732,100.000,92.426
49.783,1.040,14.455,100.000,93.003
50.995,1.322,15.295,100.000,93.944
52.351,1.743,15.963,100.000,94.746
54.070,2.373,16.757,100.000,95.500
55.954,3.056,17.566,100.000,96.231
58.035,3.837,18.348,100.000,96.879
60.437,4.835,19.422,100.000,97.851
62.985,5.768,20.689,100.000,98.803
65.768,6.813,22.403,99.994,99.762
68.677,8.072,23.883,97.801,100.000
71.292,9.338,24.434,94.494,99.769
73.708,10.579,24.391,90.857,98.608
76.012,11.571,24.040,87.365,97.123
78.376,12.132,23.474,84.395,96.087
81.086,12.649,23.502,81.954,95.782
83.578,12.801,23.538,79.678,95.803
86.497,13.730,24.705,77.561,95.744
88.841,14.672,26.314,76.110,95.910
90.262,15.631,27.037,74.778,95.418
90.253,16.249,26.702,73.948,94.413
89.613,16.412,26.268,73.823,93.885
88.287,16.118,25.548,74.414,93.592
86.310,15.129,24.883,76.284,94.300
84.799,14.122,25.009,78.606,95.738
82.769,12.649,24.575,81.359,97.203
80.136,10.820,23.095,84.391,98.172
77.245,8.663,21.138,87.854,99.159
74.737,6.097,19.160,91.883,100.000
71.826,3.739,16.843,95.710,100.000
68.991,2.082,14.255,98.885,100.000
66.591,0.864,12.138,100.000,100.000
64.686,0.214,10.554,100.000,100.000
62.923,0.000,9.169,100.000,100.000
61.652,0.000,8.569,100.000,100.000
60.433,0.000,7.994,100.000,100.000
59.505,0.015,7.631,100.000,100.000
58.926,0.036,7.514,100.000,100.000
58.463,0.104,7.169,100.000,100.000
58.224,0.169,6.834,100.000,100.000
58.253,0.187,6.754,100.000,99.962
58.155,0.157,6.655,100.000,99.900
58.243,0.184,6.692,100.000,100.000
58.222,0.172,6.732,100.000,100.000
58.243,0.169,6.772,100.000,100.000
58.309,0.166,6.831,100.000,100.000
58.385,0.131,7.009,100.000,100.000
58.401,0.151,6.975,100.000,100.000
58.384,0.128,6.951,100.000,100.000
58.403,0.146,6.935,100.000,100.000
58.407,0.146,6.957,100.000,100.000
58.387,0.134,6.957,100.000,100.000
58.393,0.137,6.954,100.000,100.000
58.348,0.146,6.932,100.000,100.000
58.378,0.149,6.938,100.000,100.000
58.407,0.146,6.951,100.000,100.000
58.395,0.137,6.920,100.000,100.000
58.389,0.149,6.935,100.000,100.000
58.419,0.146,6.932,100.000,100.000
58.374,0.146,6.954,100.000,100.000
58.385,0.143,6.957,100.000,100.000
58.407,0.137,6.951,100.000,100.000
58.401,0.146,6.960,100.000,100.000
58.391,0.143,6.957,100.000,100.000
58.384,0.143,6.966,100.000,100.000
58.385,0.140,6.954,100.000,100.000
58.368,0.140,6.945,100.000,100.000
58.343,0.131,6.938,100.000,100.000
58.393,0.140,6.951,100.000,100.000
58.339,0.137,6.954,100.000,100.000
58.368,0.137,6.948,100.000,100.000
58.409,0.143,6.960,100.000,100.000
58.393,0.137,6.954,100.000,100.000
58.372,0.137,6.969,100.000,100.000
58.382,0.140,6.966,100.000,100.000
58.380,0.143,6.975,100.000,100.000
58.364,0.149,6.966,100.000,100.000
58.393,0.149,6.960,100.000,100.000
58.354,0.140,6.948,100.000,100.000
58.378,0.146,6.957,100.000,100.000
58.378,0.149,6.954,100.000,100.000
58.368,0.140,6.951,100.000,100.000
58.368,0.125,6.942,100.000,100.000
58.376,0.143,6.948,100.000,100.000
58.364,0.143,6.951,100.000,100.000
58.405,0.140,6.948,100.000,100.000
58.380,0.137,6.960,100.000,100.000
58.352,0.146,6.963,100.000,100.000
58.366,0.128,6.938,100.000,100.000
58.360,0.140,6.957,100.000,100.000
58.380,0.143,6.954,100.000,100.000
58.372,0.137,6.942,100.000,100.000
58.309,0.137,6.948,100.000,100.000
58.372,0.131,6.945,100.000,100.000
58.345,0.140,6.948,100.000,100.000
58.348,0.149,6.954,100.000,100.000
58.352,0.149,6.957,100.000,100.000
58.362,0.128,6.945,100.000,100.000
58.376,0.134,6.942,100.000,100.000
58.385,0.140,6.954,100.000,100.000
58.430,0.146,6.954,100.000,100.000
58.389,0.134,6.957,100.000,100.000
58.395,0.140,6.960,100.000,100.000
58.393,0.154,6.954,100.000,100.000
.000
.000
58.419,0.137,6.948,100.000,100.000
58.354,0.146,6.948,100.000,100.000
58.436,0.134,6.960,100.000,100.000
58.397,0.137,6.948,100.000,100.000
58.428,0.143,6.963,100.000,100.000
58.424,0.137,6.954,100.000,100.000
58.387,0.134,6.945,100.000,100.000
58.393,0.140,6.951,100.000,100.000
58.389,0.137,6.951,100.000,100.000
58.415,0.146,6.960,100.000,100.000
58.385,0.154,6.954,100.000,100.000
58.430,0.131,6.945,100.000,100.000
58.401,0.149,6.951,100.000,100.000
58.374,0.149,6.942,100.000,100.000
58.387,0.146,6.938,100.000,100.000
58.368,0.146,6.948,100.000,100.000
58.360,0.149,6.951,100.000,100.000
58.368,0.143,6.966,100.000,100.000
58.380,0.137,6.954,100.000,100.000
58.366,0.154,6.957,100.000,100.000
58.346,0.149,6.948,100.000,100.000
58.354,0.146,6.957,100.000,100.000
58.364,0.146,6.954,100.000,100.000
58.362,0.137,6.948,100.000,100.000
58.364,0.151,6.957,100.000,100.000
58.384,0.137,6.954,100.000,100.000
58.384,0.149,6.960,100.000,100.000
58.385,0.151,6.957,100.000,100.000
58.397,0.154,6.954,100.000,100.000
58.370,0.154,6.957,100.000,100.000
58.384,0384,100.000
80.686,2.917,13.975,86.341,100.000
80.868,2.866,14.178,86.405,100.000
81.133,2.860,14.412,86.415,100.000
81.180,2.827,14.505,86.517,100.000
81.176,2.905,14.542,86.394,100.000
81.246,2.934,14.542,86.320,100.000
81.176,2.949,14.449,86.339,100.000
81.010,3.012,14.243,86.269,100.000
80.764,3.127,14.028,86.043,100.000
80.762,3.101,13.972,86.103,100.000
80.720,2.934,13.914,86.226,100.000
80.657,3.012,13.849,86.097,100.000
80.608,3.035,13.769,86.078,100.000
80.642,2.961,13.742,86.201,100.000
80.643,2.958,13.695,86.249,100.000
80.534,2.997,13.634,86.132,100.000
80.610,2.982,13.671,86.193,100.000
80.655,2.943,13.732,86.171,100.000
80.671,2.979,13.831,86.115,100.000
80.768,3.038,13.883,86.093,100.000
80.813,3.041,13.954,86.074,100.000
80.840,3.148,14.077,85.984,100.000
80.942,3.202,14.237,85.916,100.000
81.217,3.338,14.465,85.750,100.000
81.310,3.454,14.652,85.659,100.000
81.474,3.659,14.828,85.395,100.000
81.809,4.042,15.126,84.785,99.854
82.258,4.529,15.542,84.081,99.515
82.763,4.805,15.929,83.699,99.500
83.247,5.756,16.369,82.601,98.515
83.077,6.890,15.942,80.858,96.564
84.161,7.636,16.966,80.127,96.567
85.971,7.856,18.474,79.807,97.710
87.634,8.512,19.600,78.707,97.710
89.250,10.374,21.157,76.818,96.677
90.730,11.432,22.966,76.153,97.074
91.861,11.910,24.225,75.847,97.559
92.015,12.530,24.532,75.377,97.156
92.292,12.804,24.975,75.246,97.238
92.228,12.830,25.003,75.233,97.292
91.871,12.771,24.655,75.221,97.082
91.937,12.525,24.698,75.467,97.413
92.146,12.435,25.009,75.601,97.703
91.935,12.049,24.615,75.905,97.864
91.783,11.449,24.049,76.211,98.100
91.563,10.591,23.338,76.751,98.574
91.259,8.972,22.452,77.886,99.715
91.044,6.935,20.957,79.224,100.000
88.946,2.450,14.969,81.423,100.000
86.464,0.226,8.151,83.079,100.000
84.758,1.660,3.458,84.311,100.000
83.872,4.256,0.329,85.310,100.000
82.964,5.824,0.000,85.228,100.000
83.843,5.759,0.000,84.545,100.000
84.884,5.411,0.000,84.161,100.000
85.298,4.761,0.000,83.599,100.000
85.440,3.813,0.148,82.820,100.000
86.023,3.121,0.788,82.252,99.900
86.503,2.406,1.569,81.640,99.808
87.798,0.900,3.898,80.312,99.336
89.521,0.294,7.234,78.579,98.808
91.576,1.791,11.089,76.479,97.938
94.072,5.830,16.369,73.556,96.608
96.551,11.090,21.794,70.754,94.967
98.770,15.456,26.409,68.615,93.982
100.000,18.563,30.366,67.478,93.882
100.000,20.989,33.089,66.380,93.544
100.000,23.032,34.237,65.237,92.338
100.000,24.808,34.665,63.867,90.741
100.000,27.470,35.588,62.075,88.572
100.000,29.849,36.489,60.406,86.764
100.000,31.678,37.292,59.220,85.464
100.000,32.688,38.191,58.664,85.151
100.000,33.089,39.280,58.764,85.808
100.000,32.777,40.178,59.318,86.895
100.000,31.803,40.068,59.984,87.895
100.000,29.991,38.735,60.811,88.564
100.000,26.742,35.674,62.106,89.377
100.000,21.666,31.052,64.144,90.815
99.834,15.171,25.065,66.823,92.564
97.672,9.341,19.400,69.490,94.095
95.552,4.122,13.898,72.308,95.774
94.027,0.639,9.194,74.973,97.595
92.438,1.527,4.695,77.865,99.564
90.758,5.355,1.040,80.287,100.000
89.124,9.029,0.000,82.361,100.000
87.669,11.717,0.000,83.960,100.000
87.070,13.068,0.000,84.933,100.000
86.448,14.007,0.000,85.512,100.000
85.974,14.568,0.000,86.045,100.000
85.313,14.520,0.000,86.127,100.000
84.904,13.228,0.000,85.430,100.000
85.485,10.339,0.000,83.962,100.000
87.320,6.335,0.000,81.813,99.874
89.385,2.168,2.477,79.204,98.631
91.315,0.389,7.138,76.648,97.256
93.983,3.404,12.960,73.758,95.885
94.819,7.458,16.289,71.087,93.662
95.340,12.337,19.628,67.685,90.536
96.907,18.346,24.702,64.818,88.192
98.797,23.359,29.825,62.993,87.367
100.000,27.440,34.354,61.772,87.208
100.000,29.932,37.182,61.100,87.295
100.000,31.761,38.815,60.534,86.938
100.000,32.495,39.206,60.224,86.564
100.000,32.516,38.818,60.232,86.113
100.000,31.506,37.695,60.583,86.123
100.000,30.053,36.618,61.322,86.741
99.932,27.930,35.603,62.679,88.113
99.553,24.096,33.166,64.736,90.062
97.740,18.815,28.566,67.022,91.654
95.240,13.092,22.908,69.549,93.028
92.731,7.841,17.280,71.980,94.138
90.596,3.475,12.283,74.378,95.351
88.792,0.692,8.065,76.521,96.446
87.421,0.377,4.834,78.278,97.267
86.708,1.241,2.938,79.454,97.931
86.895,1.972,2.234,80.158,98.623
87.798,2.091,2.689,80.218,99.405
89.414,1.449,4.237,79.592,99.744
91.352,0.401,6.809,77.769,99.177
93.281,0.826,10.034,75.135,97.582
95.038,3.695,13.615,72.080,95.249
97.124,8.381,17.978,68.671,92.674
99.327,14.054,23.022,65.432,90.303
100.000,19.326,27.474,62.781,88.446
100.000,24.268,31.422,60.388,86.636
100.000,28.488,34.625,58.504,85.149
100.000,32.138,37.274,56.946,83.838
100.000,35.183,39.323,55.671,82.751
100.000,37.083,40.489,55.016,82.054
100.000,37.820,40.908,54.852,81.915
100.000,37.211,40.557,55.272,82.392
100.000,35.486,39.240,56.053,83.097
100.000,32.073,36.298,57.405,84.136
100.000,27.526,32.329,59.310,85.415
100.000,22.839,28.935,61.572,87.572
100.000,17.740,25.603,64.204,90.269
99.797,11.678,20.526,67.183,92.685
98.274,7.728,16.375,68.886,93.485
97.122,5.242,13.609,70.087,94.164
96.931,3.392,12.175,71.331,95.321
96.190,2.023,10.400,72.005,95.800
94.217,1.426,7.738,71.966,94.436
93.402,1.019,6.305,71.904,93.787
93.626,0.799,6.295,72.220,94.215
94.464,1.069,7.403,72.027,94.326
95.334,2.216,9.412,71.097,93.800
96.313,4.981,12.431,69.281,92.505
97.436,9.064,16.274,67.232,90.969
98.875,13.822,20.738,65.315,89.677
99.992,18.916,25.532,63.444,88.695
100.000,23.567,29.834,61.911,87.797
100.000,27.701,33.717,60.690,87.238
100.000,31.402,37.145,59.598,86.764
100.000,34.327,39.935,58.774,86.438
100.000,36.436,42.068,58.325,86.287
100.000,37.576,43.209,58.173,86.274
100.000,37.672,42.963,58.132,85.962
100.000,36.097,40.868,58.506,85.864
100.000,33.249,37.732,59.206,85.879
100.000,29.370,33.972,60.357,86.387
100.000,25.034,30.200,61.831,87.533
99.702,19.786,25.591,63.718,88.913
98.011,14.446,20.437,65.547,90.023
95.991,9.489,15.145,67.283,90.797
94.222,5.153,10.311,69.044,91.559
92.918,2.017,6.449,70.580,92.372
92.031,0.478,3.403,72.017,93.182
91.444,0.846,1.265,73.409,94.141
91.391,1.936,0.132,74.406,95.003
91.752,2.631,0.000,74.942,95.654
92.581,2.483,0.249,74.850,95.951
93.721,1.571,1.508,74.082,95.795
95.049,0.508,3.914,72.606,95.018
96.519,1.102,7.058,70.859,94.010
98.036,4.078,11.025,68.862,92.821
99.630,8.087,15.092,66.975,91.523
100.000,11.622,18.545,65.571,90.882
100.000,15.001,21.991,64.416,90.544
100.000,18.040,25.154,63.529,90.372
100.000,20.653,27.640,62.876,90.164
100.000,22.317,28.978,62.418,89.882
100.000,23.172,29.391,62.166,89.600
100.000,23.050,28.957,62.348,89.431
100.000,21.907,27.649,62.868,89.569
100.000,19.445,25.049,63.734,89.977
100.000,16.255,21.625,64.865,90.323
98.670,11.877,16.791,66.528,90.949
96.414,7.274,11.622,68.595,91.915
94.683,2.964,6.778,70.908,93.410
93.205,0.523,2.711,73.439,95.185
91.898,1.948,0.000,75.564,96.638
90.566,4.710,0.000,77.062,97.300
89.724,6.507,0.000,77.682,97.354
89.178,7.906,0.000,78.101,97.374
89.291,8.592,0.000,78.253,97.562
89.960,8.393,0.000,78.109,97.754
91.372,7.104,0.000,77.411,97.779
92.526,5.034,0.000,76.075,97.072
94.412,2.014,0.000,73.846,95.718
96.172,0.591,2.532,71.664,94.472
98.175,2.008,5.877,69.463,93.195
99.840,4.856,9.114,67.437,92.108
100.000,7.446,11.698,65.969,91.344
100.000,9.777,13.898,64.717,90.682
100.000,11.663,15.649,63.640,90.179
100.000,13.193,17.052,62.886,89.795
100.000,14.063,17.898,62.533,89.567
100.000,14.015,17.831,62.588,89.556
100.000,13.035,16.569,63.024,89.682
100.000,11.191,14.382,63.833,89.915
100.000,8.551,11.597,65.013,90.587
100.000,5.367,8.440,66.618,91.682
99.345,2.290,5.018,68.371,92.915
97.648,0.656,1.717,70.243,94.187
95.870,1.844,0.000,72.146,95.238
94.252,3.950,0.000,73.394,95.536
93.255,6.187,0.000,74.595,96.103
92.692,8.072,0.163,75.529,96.705
92.366,9.311,0.978,75.938,96.879
92.349,9.569,1.262,75.706,96.715
92.778,9.026,0.982,75.047,96.167
93.684,7.475,0.062,73.751,95.290
95.125,5.085,0.000,72.140,94.282
97.017,2.471,0.000,70.194,93.241
99.511,0.796,0.652,68.201,92.364
100.000,1.345,2.717,66.458,91.303
100.000,2.732,4.114,65.062,90.077
100.000,5.200,5.972,63.196,88.421
100.000,6.935,7.345,61.987,87.641
100.000,8.821,9.231,61.057,87.085
100.000,9.572,10.308,60.677,87.223
100.000,9.893,10.812,60.585,87.385
100.000,9.415,10.280,60.868,87.690
100.000,8.040,8.720,61.457,87.954
100.000,5.702,6.151,62.547,88.526
100.000,3.077,3.292,63.939,89.215
99.805,1.072,0.680,65.659,90.156
98.046,1.191,0.000,67.513,91.118
96.681,3.130,0.000,69.147,91.946
95.429,5.584,0.000,70.683,92.797
94.527,7.740,1.311,71.890,93.436
94.092,9.584,2.689,72.809,93.990
94.199,10.538,3.317,73.234,94.441
94.778,10.392,2.951,72.949,94.462
95.632,9.611,2.203,72.212,94.172
96.933,7.624,0.772,70.594,93.167
98.557,5.001,0.000,68.628,91.882
99.957,2.456,0.000,66.478,90.372
100.000,1.019,0.000,64.532,89.049
100.000,1.253,1.243,62.753,87.849
100.000,2.940,3.415,61.030,86.864
100.000,5.224,5.698,59.454,85.877
100.000,7.550,7.778,58.001,84.997
100.000,9.474,9.360,56.909,84.264
100.000,10.609,10.185,56.219,83.633
100.000,10.858,10.074,56.063,83.279
100.000,10.083,8.942,56.363,83.277
100.000,8.084,6.631,57.169,83.472
100.000,5.266,3.738,58.345,84.228
100.000,2.275,0.855,60.101,85.541
100.000,0.998,0.000,62.307,87.144
100.000,2.269,0.000,63.982,88.446
99.598,4.981,0.258,65.717,89.687
98.142,7.939,2.425,67.189,90.715
96.960,9.807,4.317,67.995,90.813
96.243,11.048,5.600,68.550,91.028
96.159,11.446,5.852,68.823,91.210
97.007,11.048,5.148,68.755,91.577
98.444,9.554,3.486,68.203,91.708
99.943,7.187,1.440,67.234,91.469
100.000,4.396,0.000,65.547,90.300
100.000,2.516,0.000,64.136,88.864
100.000,1.054,0.000,62.196,87.151
100.000,1.622,0.068,60.725,86.341
100.000,3.451,1.932,59.399,85.549
100.000,5.444,3.942,58.376,85.110
100.000,7.253,5.618,57.502,84.705
100.000,8.666,6.609,56.763,84.097
100.000,9.237,6.655,56.404,83.503
100.000,8.993,5.828,56.418,83.059
100.000,7.868,4.215,56.771,82.869
100.000,5.578,1.754,57.639,82.959
100.000,2.937,0.000,58.933,83.497
100.000,1.250,0.000,60.365,84.290
99.930,1.423,0.000,61.884,85.236
98.853,3.680,1.326,63.640,86.508
98.007,6.576,3.794,65.138,87.764
97.444,9.041,6.009,66.349,88.692
97.210,10.838,7.655,67.259,89.541
97.580,11.693,8.209,67.743,90.269
98.487,10.989,7.262,67.464,90.374
99.499,9.240,5.615,66.604,89.910
99.961,7.075,4.062,65.286,88.900
100.000,4.422,2.252,63.564,87.190
100.000,2.406,0.791,61.946,85.695
100.000,1.262,0.000,59.881,84.223
100.000,1.969,0.000,58.740,83.990
100.000,4.054,0.000,57.315,83.197
100.000,5.982,1.394,56.321,82.751
100.000,6.974,2.228,55.778,82.690
100.000,7.645,2.637,55.418,82.433
100.000,7.336,2.086,55.468,82.323
100.000,5.818,0.585,56.075,82.300
100.000,3.656,0.000,56.995,82.341
100.000,1.904,0.000,58.025,82.682
100.000,1.244,0.003,59.362,83.256
99.951,2.566,2.492,60.989,84.164
98.643,5.587,5.785,62.808,85.310
97.009,9.489,9.754,64.520,86.338
95.494,13.309,13.754,66.019,87.126
94.201,16.688,17.446,67.123,87.554
93.322,19.231,20.262,67.823,87.741
93.353,20.864,21.932,68.041,87.956
94.260,20.947,21.649,67.805,88.156
96.032,19.014,19.185,66.928,87.846
96.907,16.086,16.582,65.438,86.908
97.744,11.794,13.065,62.977,84.403
99.019,8.022,9.422,60.991,83.049
100.000,4.719,5.474,59.606,82.592
100.000,2.741,2.711,58.789,82.605
100.000,1.577,0.763,58.009,82.487
100.000,1.289,0.000,57.561,82.513
100.000,1.319,0.000,57.325,82.541
100.000,1.375,0.000,57.344,82.844
100.000,1.331,0.000,57.533,83.154
100.000,1.250,0.000,57.855,83.446
100.000,1.241,0.000,58.269,83.800
100.000,1.325,0.000,58.567,83.274
100.000,1.785,0.775,59.403,83.656
99.986,2.697,1.960,60.501,84.044
98.629,4.636,3.963,62.227,85.031
96.962,7.493,6.600,64.350,86.521
95.141,10.944,9.898,66.704,87.877
92.975,14.265,13.498,68.755,88.667
90.713,17.784,17.508,70.672,89.269
89.007,20.950,21.046,72.335,89.723
87.965,23.166,23.212,73.560,90.241
87.406,24.164,24.142,74.070,90.341
87.638,23.626,23.305,73.725,90.003
89.248,21.357,20.000,72.803,90.051
91.966,17.419,14.646,71.341,90.167
95.311,11.832,8.077,69.092,89.659
97.711,6.374,2.892,66.466,88.231
99.819,1.687,0.000,63.444,86.092
100.000,1.711,0.000,61.330,84.921
100.000,5.049,1.849,59.450,84.041
100.000,9.100,5.625,57.841,83.472
100.000,12.432,8.862,56.633,83.077
100.000,14.648,10.855,55.911,82.695
100.000,15.500,11.354,55.619,82.279
100.000,14.767,10.431,55.956,82.138
100.000,12.207,7.843,57.030,82.421
100.000,8.025,4.065,58.871,83.282
99.955,3.252,0.286,61.459,84.962
97.997,1.037,0.000,64.356,86.987
96.081,4.036,0.406,67.101,88.941
94.148,9.293,4.437,69.863,90.926
92.448,14.535,9.043,72.415,92.815
91.216,18.675,12.966,74.437,93.792
89.217,20.852,15.972,75.215,93.436
88.178,20.965,16.902,75.004,92.346
89.003,19.635,14.911,74.653,92.528
91.493,16.683,10.231,73.809,93.274
94.692,11.942,4.382,72.413,93.662
97.317,6.350,0.000,70.034,92.862
99.897,1.446,0.000,67.335,91.300
100.000,1.461,2.089,65.321,90.249
100.000,4.871,6.311,63.492,89.256
100.000,8.408,10.212,62.180,88.774
100.000,11.832,13.800,61.055,88.233
100.000,13.721,15.997,60.552,88.233
100.000,13.822,16.031,60.620,88.274
100.000,12.011,13.775,61.238,88.418
100.000,8.313,9.375,62.640,88.631
99.842,3.911,4.228,64.477,88.913
96.941,0.826,0.000,66.920,89.767
94.215,2.824,0.000,69.383,90.895
91.569,7.505,0.991,71.801,92.056
89.556,11.916,4.668,73.987,92.915
88.174,15.340,7.929,75.773,93.736
87.646,17.375,9.683,76.982,94.633
88.297,17.903,9.523,77.662,95.662
90.381,16.561,6.905,77.648,96.969
93.035,13.056,2.849,76.092,97.138
95.827,7.211,0.000,73.033,95.774
99.084,1.898,0.009,69.660,94.149
100.000,1.440,4.757,66.583,92.464
100.000,5.509,10.012,63.902,90.813
100.000,10.523,15.031,61.361,89.128
100.000,16.091,20.188,58.891,87.151
100.000,20.546,23.982,56.859,85.490
100.000,23.519,26.271,55.640,84.246
100.000,24.868,26.865,54.956,83.228
100.000,24.520,25.720,54.858,82.569
100.000,22.403,23.083,55.461,82.505
100.000,18.337,19.043,57.013,83.285
100.000,13.006,14.166,59.446,84.800
99.199,7.315,8.982,62.260,86.672
96.223,2.278,3.917,65.467,88.562
93.427,0.716,0.062,68.665,90.469
91.132,3.074,0.000,71.625,92.133
89.902,5.396,0.000,74.012,93.841
89.512,7.377,0.000,76.453,95.800
89.788,8.450,0.000,78.210,97.769
90.551,8.153,0.000,78.758,98.687
90.654,6.902,0.000,78.374,98.526
92.692,3.142,0.108,76.330,97.667
95.644,0.505,4.985,74.037,97.267
98.536,2.753,11.074,71.360,96.092
100.000,8.589,17.655,68.377,94.167
100.000,13.796,22.603,65.998,92.538
100.000,19.002,27.286,63.859,90.913
100.000,23.531,31.418,62.229,89.654
100.000,26.605,34.348,61.269,88.990
100.000,28.521,36.135,60.805,88.574
100.000,28.488,36.234,61.203,88.800
100.000,25.973,33.972,62.451,89.603
100.000,20.841,28.945,64.884,90.838
96.876,14.211,22.095,68.096,92.215
92.573,7.505,14.769,71.604,93.549
88.599,1.987,7.951,75.305,94.879
85.220,0.558,2.529,78.883,96.218
82.833,3.151,0.000,82.006,97.536
81.618,5.426,0.000,84.463,98.959
81.646,6.089,0.000,86.086,100.000
83.038,5.037,0.000,86.780,100.000
84.793,3.077,2.680,85.885,100.000
87.571,0.324,8.492,83.016,100.000
90.559,2.759,15.612,79.575,100.000
94.031,9.748,23.822,75.519,98.687
96.950,17.900,31.563,71.342,95.949
99.797,26.834,39.240,67.062,92.792
100.000,33.190,44.255,63.984,90.336
100.000,37.392,47.077,61.726,88.408
100.000,40.552,49.071,59.963,86.718
100.000,42.527,50.631,58.965,85.854
100.000,42.266,50.997,59.045,86.262
100.000,39.774,49.363,59.778,86.903
99.733,34.621,44.031,61.008,86.846
95.350,27.196,35.902,63.034,86.749
91.559,20.306,28.917,65.571,87.356
88.402,12.976,22.483,69.416,89.579
85.592,6.418,16.462,73.558,92.056
83.024,1.957,11.418,77.235,93.938
81.160,0.187,8.015,80.170,95.426
80.745,0.107,7.320,82.022,96.808
81.513,0.074,8.969,82.954,98.210
83.640,0.526,13.317,82.882,99.836
86.349,2.875,19.145,81.694,100.000
89.861,8.001,26.966,79.259,100.000
93.524,15.200,35.471,76.044,99.579
97.054,24.253,43.634,71.756,96.772
97.845,31.803,48.046,67.542,92.572
98.653,40.184,52.631,63.176,87.872
99.259,46.531,56.738,60.060,84.838
100.000,51.524,60.849,58.280,83.446
100.000,54.122,63.800,57.617,83.538
100.000,54.957,65.477,57.802,84.169
100.000,52.967,65.022,59.048,85.736
99.979,46.846,60.855,61.665,87.818
96.601,39.047,53.434,64.241,88.608
92.005,29.688,44.523,67.677,89.890
88.872,21.945,37.225,71.015,91.297
86.548,14.096,30.874,75.114,94.187
84.742,8.821,25.689,77.824,95.456
83.165,5.376,21.852,79.635,96.210
82.556,4.185,20.425,80.382,96.469
83.297,4.886,21.818,80.238,96.846
85.308,7.274,25.945,79.431,97.554
88.344,11.476,32.225,77.832,97.951
91.896,17.606,39.843,75.330,97.621
95.671,25.964,48.511,71.824,96.182
98.959,35.001,56.286,67.889,93.710
100.000,42.750,61.812,64.264,90.797
100.000,50.508,66.646,60.714,87.515
100.000,56.727,70.538,57.951,85.018
100.000,61.922,73.889,55.658,83.056
100.000,66.486,76.852,53.844,81.485
100.000,69.566,78.908,52.626,80.533
100.000,70.609,79.523,52.126,80.228
100.000,69.231,77.191,51.972,78.897
99.994,64.256,72.969,53.292,79.321
97.888,57.594,67.840,55.749,80.621
96.071,50.538,63.378,59.158,83.272
94.796,42.548,59.428,63.824,87.403
92.930,33.911,54.745,68.860,91.649
90.397,25.376,49.117,73.727,94.995
87.480,17.933,43.160,77.853,97.210
84.959,13.169,38.163,80.261,97.759
83.771,11.622,36.335,81.164,97.654
84.218,12.905,38.268,80.850,97.533
86.029,16.617,43.175,79.360,97.338
87.059,20.499,46.828,77.130,96.087
90.420,30.247,55.655,72.247,93.344
93.170,38.895,62.668,67.996,90.810
95.176,47.796,68.646,63.664,87.477
96.153,55.248,73.182,59.799,84.162
97.845,63.683,78.772,56.090,81.051
98.758,66.786,81.489,54.825,80.515
98.715,68.304,82.563,54.010,79.856
97.266,67.223,80.702,53.706,78.792
93.809,62.263,75.022,54.332,77.790
91.237,56.228,70.468,56.679,78.867
89.763,49.614,67.274,60.429,81.964
88.870,43.270,64.849,64.707,85.651
87.176,37.259,61.040,68.303,87.941
84.783,30.695,56.415,72.122,90.044
82.699,25.598,52.351,75.077,91.400
81.784,23.698,50.671,76.180,91.626
81.769,23.579,51.471,76.689,92.038
83.172,27.078,55.523,75.390,91.826
85.622,32.293,61.926,73.647,91.746
88.626,39.320,68.991,70.680,90.815
90.243,46.118,73.954,67.029,88.549
92.548,55.979,80.286,61.973,84.813
94.215,64.972,85.557,57.258,81.195
96.402,74.330,91.997,53.359,78.256
97.994,80.342,95.766,50.818,76.674
98.610,83.279,97.292,49.656,75.749
98.346,81.170,95.508,50.405,76.390
96.512,74.066,90.212,52.860,78.351
93.203,64.289,81.095,55.741,79.323
89.476,53.050,71.360,59.940,81.410
87.688,44.027,65.228,64.853,85.000
85.721,34.553,58.794,70.052,88.867
82.868,25.168,50.588,74.599,91.526
80.396,18.886,43.274,77.350,92.085
79.335,15.563,39.529,78.920,92.772
80.047,15.218,40.086,79.536,93.856
82.186,17.550,43.951,79.089,94.854
85.339,22.620,50.554,77.280,95.210
89.118,30.151,58.671,74.341,94.733
93.563,40.621,68.305,70.206,93.156
97.270,51.951,76.065,65.126,89.590
97.370,58.978,78.102,60.433,84.944
97.822,67.579,81.052,55.330,79.603
98.643,73.175,83.637,52.241,76.992
99.713,76.460,85.418,50.759,75.856
100.000,76.596,85.532,50.715,76.231
100.000,73.727,83.609,51.814,77.321
98.809,66.531,77.892,54.304,79.277
95.734,55.949,69.218,58.007,81.785
91.994,44.381,59.138,62.352,84.474
88.656,33.312,49.615,67.154,87.682
86.776,25.500,43.769,71.900,91.041
85.126,17.989,38.502,76.804,94.992
83.763,13.864,34.071,79.199,96.113
83.282,11.654,31.865,80.316,96.887
84.500,12.679,33.348,79.647,97.056
87.041,16.353,37.711,77.613,96.608
90.603,23.121,44.489,74.148,95.346
94.800,32.379,52.422,69.675,92.936
98.649,41.925,59.578,65.243,90.123
100.000,49.275,63.215,61.174,86.533
100.000,53.641,63.437,57.565,82.608
99.984,57.562,63.305,54.024,78.590
100.000,59.611,63.514,52.074,76.905
100.000,60.074,63.677,51.381,76.838
100.000,58.444,62.732,51.785,77.795
100.000,53.018,58.935,53.684,79.826
99.565,44.336,52.058,56.915,82.113
96.046,34.116,43.591,61.037,84.890
92.698,24.078,34.997,65.522,87.903
89.814,15.411,27.292,69.779,90.869
88.197,9.863,22.092,73.010,93.046
87.532,6.552,19.068,75.506,94.979
88.147,5.711,18.877,76.599,96.423
90.268,7.158,21.695,76.079,97.323
93.370,11.230,26.671,73.774,96.669
96.488,17.229,32.308,70.171,94.631
99.645,25.554,38.769,65.475,91.100
100.000,33.811,44.471,61.018,87.331
100.000,41.699,49.511,56.962,83.710
100.000,49.661,54.351,52.988,80.213
100.000,55.943,58.182,50.065,77.767
100.000,60.505,60.662,47.840,76.131
100.000,62.943,61.923,46.339,75.205
100.000,62.334,61.674,46.710,75.700
100.000,58.797,60.197,48.303,77.892
100.000,51.449,54.791,50.826,80.159
100.000,40.659,45.382,54.258,82.215
100.000,29.367,34.735,57.976,84.208
98.062,19.439,25.397,61.720,86.374
95.416,11.488,18.338,65.553,89.072
94.275,6.026,13.929,68.890,92.133
94.258,3.356,11.680,71.038,94.144
95.131,2.572,11.674,72.296,95.915
97.487,4.030,14.471,71.900,96.595
99.479,7.790,18.188,69.517,94.862
99.809,12.649,20.698,66.134,91.172
100.000,19.911,25.274,61.942,86.577
100.000,25.367,29.391,58.883,83.851
100.000,31.325,34.132,55.956,81.382
100.000,36.391,38.123,53.558,79.415
100.000,39.697,40.314,51.748,77.738
100.000,42.058,41.145,50.071,75.741
100.000,42.352,40.455,49.209,74.715
100.000,41.010,38.363,48.833,74.210
100.000,38.402,35.403,49.075,74.236
100.000,34.027,31.218,50.196,75.174
100.000,28.479,26.502,52.261,77.110
100.000,22.504,21.852,54.981,79.754
99.990,16.210,17.000,58.118,82.587
98.756,10.407,12.262,61.293,85.254
97.026,5.824,8.135,64.276,87.554
95.796,2.718,5.065,66.790,89.531
95.390,1.209,3.449,68.548,91.049
95.761,0.888,3.268,69.139,91.895
96.699,1.230,4.326,68.771,91.910
98.118,2.922,6.877,67.279,91.049
99.971,6.953,11.203,64.764,89.349
100.000,11.663,15.554,62.303,87.582
100.000,16.783,20.095,59.963,85.800
100.000,21.892,24.394,57.840,84.300
100.000,26.228,27.982,56.246,83.056
100.000,29.210,30.145,55.063,82.151
100.000,29.165,29.674,55.038,81.921
100.000,28.230,28.271,55.303,81.979
100.000,24.999,25.175,56.763,83.013
100.000,20.056,20.769,59.066,84.833
100.000,13.454,14.874,62.295,87.251
98.553,6.674,8.563,65.834,89.695
95.617,1.464,2.791,69.248,91.733
92.938,1.369,0.000,72.115,93.372
91.198,4.277,0.000,74.240,94.505
90.405,6.840,0.000,75.788,95.662
90.746,8.470,0.283,76.798,96.897
91.758,8.491,0.000,76.646,97.518
93.300,6.359,0.000,74.961,96.741
95.184,2.869,0.000,72.204,94.841
97.424,0.748,1.058,69.110,92.644
99.930,3.276,5.117,66.292,90.690
100.000,6.430,7.351,63.874,88.744
100.000,9.177,8.517,61.521,86.115
100.000,10.826,9.652,60.376,85.174
100.000,12.771,11.511,59.489,84.849
100.000,13.323,12.831,59.692,85.705
100.000,12.525,12.674,60.462,86.738
100.000,10.564,10.520,61.396,87.151
99.971,7.241,6.477,62.977,87.482
97.184,3.531,2.234,65.120,88.205
94.417,0.906,0.000,67.842,89.610
92.218,1.901,0.000,70.984,91.610
90.143,5.212,0.418,73.877,93.356
88.558,8.292,3.212,75.876,94.282
87.538,10.950,5.929,77.432,95.044
87.792,12.507,6.951,78.473,96.197
89.859,12.094,5.495,78.189,97.056
92.140,9.477,2.708,76.309,96.621
94.940,5.049,0.000,72.957,94.923
97.436,1.601,0.000,69.810,93.067
99.877,1.319,0.689,66.764,91.295
100.000,3.885,3.526,64.604,89.877
100.000,6.086,5.074,62.921,88.664
100.000,8.274,6.160,61.328,86.915
100.000,9.154,6.689,60.710,86.379
100.000,9.436,6.920,60.640,86.382
100.000,8.289,6.123,61.316,87.069
100.000,5.275,3.492,63.022,88.244
99.532,1.806,0.009,65.232,89.251
95.870,1.256,0.000,67.599,89.774
92.663,4.060,1.129,69.980,90.531
90.635,7.755,4.585,72.692,91.931
89.350,11.363,7.957,75.197,93.613
88.695,14.574,10.923,77.350,95.146
89.049,15.652,11.425,77.978,96.041
89.870,15.607,10.782,78.013,96.662
91.103,14.791,9.262,77.656,97.046
92.378,13.104,7.508,76.404,96.526
93.846,9.626,4.831,73.413,94.272
95.457,5.453,1.834,69.989,91.579
97.539,1.945,0.000,66.747,89.233
99.784,1.117,0.000,64.124,87.697
100.000,2.649,0.000,62.198,86.664
100.000,5.088,1.649,60.355,85.659
100.000,7.571,3.514,58.933,84.538
100.000,8.672,4.012,58.116,83.769
100.000,9.935,4.375,57.280,82.533
100.000,10.110,4.465,57.157,82.441
100.000,9.061,3.917,57.902,83.405
100.000,6.579,1.957,59.302,84.513
100.000,3.418,0.000,60.992,85.300
98.257,1.271,0.000,62.623,85.423
95.295,1.625,0.335,64.883,86.485
93.027,4.185,3.182,67.137,87.451
91.237,7.535,6.446,69.342,88.831
89.851,10.107,9.071,70.953,89.710
89.042,11.752,11.022,71.748,89.931
88.903,12.563,11.991,72.356,90.382
90.139,12.429,11.342,72.945,91.472
93.041,11.051,8.631,73.043,93.079
96.270,8.482,5.074,71.844,93.674
98.666,4.975,2.068,68.938,91.992
100.000,1.830,0.000,65.339,89.146
100.000,1.149,0.000,62.716,87.067
100.000,2.328,0.000,60.277,85.095
100.000,4.336,0.000,58.155,83.613
100.000,6.115,0.883,56.285,82.274
100.000,7.372,1.492,54.921,81.115
100.000,7.618,1.591,54.447,80.715
100.000,7.027,1.345,54.802,81.331
100.000,5.652,0.689,55.775,82.382
100.000,3.332,0.000,57.383,83.521
100.000,1.342,0.000,59.087,84.072
99.842,1.740,1.120,60.642,83.918
96.707,4.093,4.837,62.662,84.346
94.203,7.470,8.677,65.403,85.741
92.364,10.897,12.132,68.357,87.782
91.046,13.632,14.843,70.841,89.513
89.937,15.429,16.772,72.674,90.582
89.229,16.252,17.828,73.712,91.074
89.313,15.881,17.569,73.760,91.115
90.369,14.078,15.538,72.938,90.808
92.477,10.885,11.982,71.229,90.154
94.568,7.104,8.163,68.852,88.679
95.853,3.609,5.009,66.103,86.359
96.556,1.669,2.948,63.516,84.231
97.596,1.247,1.071,61.585,82.723
99.390,2.118,0.000,60.544,82.305
100.000,2.866,0.000,60.255,82.659
100.000,2.756,0.000,60.772,83.321
100.000,2.426,0.000,61.494,83.933
99.628,1.732,0.000,62.552,84.872
98.467,1.164,0.511,64.067,86.085
96.954,1.503,2.286,65.793,86.836
94.841,3.323,5.102,67.878,88.041
92.778,6.216,8.458,70.019,89.085
91.124,9.162,11.600,71.904,90.000
89.428,12.129,14.932,73.468,90.626
87.870,14.553,17.754,74.392,90.731
86.854,16.148,19.695,74.640,90.328
86.628,16.712,20.409,74.495,90.090
87.488,15.928,19.326,73.879,90.062
89.562,13.754,16.486,72.807,90.144
92.434,10.597,12.572,71.389,90.169
94.478,7.042,8.923,69.281,89.174
95.455,4.191,6.474,67.103,87.221
96.003,3.077,5.018,66.359,87.144
97.140,2.435,3.649,66.425,87.608
96.923,2.510,3.428,67.111,88.351
95.950,2.735,3.585,67.798,88.567
94.066,3.341,4.431,68.542,88.531
92.097,4.476,5.622,69.894,88.954
90.104,6.124,6.948,71.927,89.954
88.287,7.832,8.298,74.057,90.982
86.370,9.703,9.822,76.613,92.272
84.838,11.265,11.015,79.015,93.615
83.340,12.762,12.028,81.556,95.038
82.129,14.113,12.855,84.030,96.367
80.757,15.117,13.369,86.398,97.451
79.676,15.587,13.415,88.589,98.549
78.618,15.907,13.237,90.697,99.621
77.040,16.139,13.640,92.087,99.772
75.954,15.590,13.022,93.232,100.000
75.116,14.915,12.095,94.143,100.000
74.002,14.369,12.006,94.702,99.618
72.926,13.825,12.077,94.755,98.915
72.179,13.505,11.948,95.199,98.810
71.633,13.644,11.625,96.239,99.277
71.292,14.229,11.492,97.518,100.000
70.804,15.001,11.763,98.631,100.000
70.091,15.385,12.231,99.318,100.000
69.272,15.281,12.489,99.589,100.000
68.556,14.785,12.542,99.425,99.621
67.755,14.194,12.452,99.033,98.869
68.640,12.239,9.757,98.019,98.710
68.942,10.977,7.649,98.079,99.359
70.202,9.872,5.646,97.715,99.838
69.923,8.669,4.508,97.155,99.490
70.568,7.740,3.649,96.143,98.915
69.987,8.429,4.483,96.730,99.133
70.855,10.074,4.655,98.750,100.000
71.079,10.594,4.563,99.386,100.000
70.976,9.629,4.209,98.352,100.000
70.477,9.260,4.649,97.828,100.000
70.882,9.492,4.252,98.241,100.000
70.972,9.751,4.289,98.580,100.000
70.798,9.379,4.286,98.021,100.000
70.607,9.451,4.495,98.111,100.000
70.771,9.546,4.406,98.222,100.000
70.707,9.534,4.483,98.231,100.000
70.609,9.522,4.520,98.224,100.000
70.726,9.546,4.443,98.196,100.000
70.697,9.522,4.471,98.222,100.000
70.666,9.507,4.511,98.159,100.000
70.685,9.516,4.465,98.159,100.000
70.642,9.516,4.483,98.155,100.000
70.674,9.516,4.489,98.159,100.000
70.734,9.513,4.465,98.187,100.000
70.681,9.540,4.492,98.179,100.000
70.664,9.534,4.505,98.191,100.000
70.720,9.546,4.492,98.171,100.000
70.680,9.516,4.480,98.237,100.000
70.668,9.486,4.480,98.200,100.000
70.672,9.534,4.492,98.159,100.000
70.644,9.525,4.486,98.177,100.000
70.668,9.525,4.498,98.161,100.000
70.726,9.519,4.480,98.224,100.000
70.754,9.522,4.495,98.282,100.000
70.699,9.516,4.489,98.255,100.000
70.732,9.513,4.483,98.255,100.000
70.678,9.519,4.498,98.183,100.000
70.670,9.510,4.498,98.118,100.000
70.691,9.513,4.486,98.185,100.000
70.683,9.522,4.495,98.210,100.000
70.699,9.528,4.483,98.214,100.000
70.676,9.513,4.486,98.229,100.000
70.668,9.519,4.489,98.181,100.000
70.680,9.522,4.492,98.187,100.000
70.680,9.534,4.495,98.239,100.000
70.711,9.534,4.505,98.278,100.000
70.713,9.534,4.505,98.235,100.000
70.722,9.516,4.495,98.224,100.000
70.746,9.540,4.505,98.325,100.000
70.736,9.513,4.495,98.192,100.000
70.687,9.531,4.486,98.267,100.000
70.701,9.540,4.495,98.255,100.000
70.736,9.513,4.489,98.194,100.000
70.705,9.546,4.502,98.239,100.000
70.699,9.549,4.508,98.241,100.000
70.701,9.516,4.483,98.208,100.000
70.681,9.516,4.483,98.192,100.000
70.674,9.519,4.495,98.173,100.000
70.750,9.513,4.492,98.208,100.000
70.687,9.516,4.495,98.243,100.000
70.654,9.516,4.492,98.189,100.000
70.703,9.510,4.498,98.179,100.000
70.691,9.498,4.486,98.167,100.000
70.658,9.522,4.495,98.241,100.000
70.666,9.525,4.502,98.222,100.000
70.742,9.540,4.495,98.245,100.000

}
左环岛数据
{
70.699,9.501,4.492,98.177,100.000
97.535,20.903,0.000,71.615,93.392
97.506,20.870,0.000,71.606,93.385
97.518,20.900,0.000,71.569,93.344
97.504,20.873,0.000,71.590,93.431
97.512,20.900,0.000,71.600,93.403
97.512,20.900,0.000,71.631,93.403
97.559,20.906,0.000,71.596,93.385
97.502,20.897,0.000,71.590,93.426
97.582,20.894,0.000,71.594,93.456
97.588,20.894,0.000,71.615,93.336
97.565,20.891,0.000,71.596,93.456
97.520,20.924,0.000,71.576,93.331
97.541,20.885,0.000,71.584,93.408
97.559,20.894,0.000,71.625,93.426
97.598,20.921,0.000,71.633,93.446
97.654,20.918,0.000,71.584,93.459
97.592,20.900,0.000,71.623,93.436
97.568,20.891,0.000,71.633,93.415
97.592,20.906,0.000,71.588,93.390
97.565,20.933,0.000,71.610,93.403
97.559,20.909,0.000,71.584,93.410
97.489,20.879,0.000,71.617,93.444
97.567,20.924,0.000,71.668,93.436
97.567,20.936,0.000,71.602,93.349
97.551,20.918,0.000,71.629,93.485
97.551,20.906,0.000,71.617,93.387
97.572,20.915,0.000,71.539,93.387
97.531,20.927,0.000,71.569,93.410
97.574,20.903,0.000,71.571,93.433
97.574,20.912,0.000,71.571,93.382
97.596,20.900,0.000,71.555,93.456
97.522,20.906,0.000,71.508,93.379
97.498,20.930,0.000,71.588,93.362
97.528,20.906,0.000,71.534,93.462
97.607,20.900,0.000,71.580,93.446
97.502,20.879,0.000,71.565,93.418
97.555,20.912,0.000,71.563,93.428
97.528,20.909,0.000,71.528,93.387
97.537,20.909,0.000,71.551,93.405
97.516,20.912,0.000,71.565,93.385
97.555,20.936,0.000,71.555,93.359
97.555,20.897,0.000,71.563,93.423
97.524,20.939,0.000,71.559,93.403
97.512,20.894,0.000,71.526,93.421
97.541,20.903,0.000,71.553,93.351
97.543,20.933,0.000,71.561,93.382
97.522,20.897,0.000,71.526,93.441
97.537,20.915,0.000,71.493,93.395
97.609,20.900,0.000,71.549,93.364
97.617,20.888,0.000,71.522,93.390
97.580,20.903,0.000,71.549,93.385
97.598,20.915,0.000,71.539,93.436
97.580,20.882,0.000,71.522,93.426
97.531,20.891,0.000,71.528,93.410
97.557,20.900,0.000,71.526,93.456
97.590,20.918,0.000,71.549,93.456
97.621,20.915,0.000,71.573,93.474
97.596,20.930,0.000,71.598,93.438
97.590,20.912,0.000,71.584,93.423
97.559,20.903,0.000,71.580,93.474
97.631,20.900,0.000,71.551,93.436
97.555,20.894,0.000,71.520,93.418
97.539,20.903,0.000,71.567,93.421
97.567,20.891,0.000,71.551,93.405
97.531,20.888,0.000,71.530,93.387
97.531,20.891,0.000,71.551,93.479
97.567,20.897,0.000,71.502,93.408
97.572,20.897,0.000,71.530,93.433
97.557,20.891,0.000,71.534,93.410
97.611,20.897,0.000,71.510,93.426
97.561,20.885,0.000,71.537,93.467
97.582,20.897,0.000,71.555,93.418
97.557,20.909,0.000,71.573,93.418
97.602,20.915,0.000,71.495,93.405
97.580,20.924,0.000,71.602,93.431
97.572,20.921,0.000,71.571,93.408
97.602,20.921,0.000,71.526,93.379
97.662,20.912,0.000,71.508,93.454
97.565,20.903,0.000,71.555,93.338
97.565,20.903,0.000,71.510,93.392
97.516,20.894,0.000,71.522,93.354
97.559,20.903,0.000,71.539,93.444
97.609,20.936,0.000,71.598,93.482
97.604,20.936,0.000,71.551,93.390
97.625,20.894,0.000,71.534,93.444
97.537,20.909,0.000,71.543,93.395
97.516,20.927,0.000,71.534,93.400
97.547,20.921,0.000,71.537,93.415
97.567,20.915,0.000,71.536,93.390
97.512,20.903,0.000,71.549,93.418
97.609,20.903,0.000,71.508,93.464
97.604,20.924,0.000,71.498,93.467
97.604,20.900,0.000,71.528,93.467
97.572,20.909,0.000,71.567,93.449
97.602,20.912,0.000,71.528,93.377
97.611,20.909,0.000,71.534,93.505
97.658,20.909,0.000,71.532,93.377
97.625,20.936,0.000,71.563,93.446
97.625,20.924,0.000,71.543,93.418
97.528,20.953,0.000,71.576,93.449
97.492,20.903,0.000,71.528,93.433
97.533,20.909,0.000,71.584,93.431
97.592,20.900,0.000,71.526,93.415
97.568,20.912,0.000,71.541,93.469
97.545,20.918,0.000,71.545,93.395
97.524,20.912,0.000,71.537,93.428
97.502,20.876,0.000,71.495,93.449
97.598,20.939,0.000,71.576,93.505
97.617,20.930,0.000,71.565,93.449
97.582,20.965,0.000,71.608,93.464
97.565,20.962,0.000,71.561,93.479
97.598,20.921,0.000,71.545,93.451
97.726,20.846,0.000,71.522,93.495
97.828,20.546,0.000,71.430,93.454
98.146,19.712,0.000,71.110,93.287
98.346,19.525,0.105,71.083,93.441
98.173,19.560,0.031,71.048,93.251
97.966,19.935,0.000,71.212,93.346
97.873,20.232,0.000,71.288,93.418
97.734,20.315,0.000,71.321,93.285
97.701,20.336,0.000,71.329,93.336
97.756,20.318,0.000,71.354,93.349
97.697,20.309,0.000,71.378,93.333
97.699,20.291,0.000,71.337,93.364
97.758,20.202,0.000,71.311,93.300
97.816,20.056,0.000,71.222,93.282
97.947,19.715,0.000,71.085,93.246
98.060,19.531,0.000,71.042,93.213
98.122,19.385,0.031,70.970,93.205
98.105,19.412,0.015,71.017,93.223
98.052,19.433,0.000,71.034,93.208
98.132,19.486,0.012,71.079,93.249
98.079,19.483,0.025,71.075,93.269
98.103,19.474,0.028,71.071,93.323
98.083,19.534,0.003,71.124,93.303
97.974,19.679,0.000,71.138,93.282
97.986,19.822,0.000,71.227,93.282
97.834,19.988,0.000,71.259,93.267
97.869,20.199,0.000,71.352,93.356
97.857,20.083,0.000,71.255,93.346
97.841,20.089,0.000,71.288,93.336
97.937,19.655,0.000,71.140,93.249
97.943,18.993,0.046,70.912,92.959
98.380,17.606,0.468,70.574,92.772
98.501,16.469,0.843,70.356,92.600
98.651,16.391,0.932,70.467,92.695
98.612,16.329,0.982,70.438,92.749
98.536,16.311,0.985,70.434,92.764
98.729,16.068,1.077,70.336,92.710
98.676,15.982,1.105,70.348,92.659
98.791,15.898,1.157,70.303,92.703
98.426,15.887,1.120,70.549,92.787
96.945,17.568,0.557,72.403,93.923
94.741,20.734,0.000,75.112,95.518
91.871,24.595,0.000,77.990,96.669
88.759,28.978,0.062,81.082,97.705
86.244,33.454,2.055,84.149,99.013
84.261,36.516,4.003,86.509,99.915
83.471,37.903,4.858,87.889,100.000
83.744,37.734,4.551,87.905,100.000
83.904,36.683,4.046,87.513,100.000
84.251,35.765,3.505,87.129,100.000
84.615,34.984,3.040,86.914,100.000
84.744,34.440,2.711,86.752,100.000
84.908,33.834,2.397,86.739,100.000
85.031,32.085,1.766,86.448,100.000
85.571,29.771,0.763,85.924,100.000
86.302,28.390,0.102,85.737,100.000
88.127,25.590,0.000,84.927,100.000
90.102,21.161,0.000,83.141,100.000
92.253,16.576,0.788,81.162,100.000
94.416,12.483,2.791,79.316,100.000
96.381,8.812,4.892,77.547,100.000
97.760,5.670,6.652,76.026,99.726
98.079,4.615,7.018,75.303,99.338
97.804,5.094,6.326,75.529,99.605
97.299,7.377,5.197,76.991,100.000
96.742,10.247,4.138,78.643,100.000
96.050,12.124,3.255,79.741,100.000
96.135,12.869,3.246,80.213,100.000
96.465,13.101,3.431,80.415,100.000
96.083,12.810,3.200,80.168,100.000
94.821,12.257,2.575,79.850,100.000
92.887,12.914,1.554,80.404,100.000
91.044,14.624,0.665,81.893,100.000
89.365,16.792,0.000,83.771,100.000
87.316,18.851,0.000,85.664,100.000
85.321,20.092,0.000,87.226,100.000
84.003,20.936,0.000,88.410,100.000
83.713,21.259,0.000,89.244,100.000
84.140,20.933,0.000,89.502,100.000
84.840,19.994,0.000,89.213,100.000
85.635,18.696,0.000,88.679,100.000
86.183,17.847,0.000,88.244,100.000
87.525,15.144,0.040,86.361,100.000
89.149,12.037,1.129,83.775,100.000
90.873,9.210,2.277,81.074,100.000
93.306,6.421,3.634,78.019,99.833
96.418,3.879,5.329,74.876,98.562
99.799,1.773,7.658,71.966,97.587
100.000,0.900,9.431,69.785,96.508
100.000,1.045,10.209,68.195,95.123
100.000,1.521,10.215,67.213,93.800
100.000,1.868,9.908,66.719,92.754
100.000,1.966,9.723,67.000,92.590
100.000,1.625,9.440,67.899,93.169
99.218,0.953,8.963,69.933,94.833
99.725,0.769,9.218,71.945,97.500
98.980,1.298,8.400,73.797,99.087
95.638,2.765,6.502,76.436,99.959
92.924,4.627,5.178,79.204,100.000
90.208,6.412,4.034,81.806,100.000
87.423,8.123,2.806,84.340,100.000
84.457,9.733,1.612,86.924,100.000
81.556,11.535,0.523,89.888,100.000
78.953,13.252,0.000,93.023,100.000
76.695,14.871,0.000,96.057,100.000
74.983,16.341,0.000,98.729,100.000
73.895,17.508,0.000,100.000,100.000
73.400,18.135,0.000,100.000,100.000
73.384,18.500,0.000,100.000,100.000
74.141,18.429,0.000,100.000,100.000
74.948,18.123,0.000,100.000,100.000
77.003,17.101,0.000,99.879,100.000
79.704,15.426,0.000,97.465,100.000
82.681,13.320,0.948,93.975,100.000
85.526,10.915,2.175,89.923,100.000
88.788,7.630,3.637,85.179,100.000
91.863,5.183,4.862,81.168,100.000
94.872,3.178,6.148,77.717,100.000
97.126,1.562,7.369,74.788,99.336
98.510,0.790,8.342,72.485,97.628
99.048,0.784,8.908,71.341,96.690
99.403,0.944,9.458,71.095,96.541
99.688,1.126,10.200,71.307,97.110
99.805,1.363,10.831,71.475,97.382
99.269,1.440,10.625,71.803,97.400
98.333,0.986,10.206,73.136,98.362
96.096,0.656,9.403,75.303,99.451
92.756,0.971,7.788,77.888,100.000
89.254,2.385,5.954,81.000,100.000
85.719,4.348,4.105,84.223,100.000
82.133,6.439,2.329,87.644,100.000
79.181,8.560,0.902,91.216,100.000
77.062,10.656,0.000,94.899,100.000
75.632,12.228,0.000,97.947,100.000
75.260,12.643,0.000,99.491,100.000
75.802,12.219,0.000,99.871,100.000
76.609,11.449,0.483,99.864,100.000
77.574,10.582,1.283,99.643,100.000
78.337,9.397,1.957,98.701,100.000
78.658,7.933,2.185,97.075,100.000
78.836,6.608,2.160,95.506,100.000
79.321,5.658,2.366,94.261,100.000
80.406,5.007,3.006,93.365,100.000
82.116,4.063,4.188,92.310,100.000
83.857,2.599,5.511,90.520,100.000
85.425,1.045,6.649,88.295,100.000
87.092,0.454,8.148,86.086,100.000
89.036,1.105,9.920,84.157,100.000
90.933,2.346,11.529,82.609,100.000
92.298,3.466,12.785,81.704,100.000
93.411,4.220,13.945,81.186,100.000
93.907,5.034,14.652,80.706,100.000
94.000,5.922,15.203,80.322,100.000
93.916,6.065,15.375,80.349,100.000
93.166,5.967,15.188,80.698,100.000
91.237,5.509,14.317,81.490,100.000
88.476,4.523,13.022,82.818,100.000
86.054,3.597,12.117,84.395,100.000
84.194,2.854,11.582,86.041,100.000
82.679,2.290,11.160,87.706,100.000
81.433,2.011,10.868,89.069,100.000
80.729,1.960,10.665,90.100,100.000
80.370,2.124,10.686,90.738,100.000
80.544,2.557,11.129,91.058,100.000
81.209,3.344,11.969,90.923,100.000
82.211,4.381,13.117,90.430,100.000
84.003,6.118,15.440,89.792,100.000
86.000,8.028,17.975,88.973,100.000
87.281,9.748,19.628,88.180,100.000
87.848,11.755,20.572,87.062,100.000
87.312,13.588,20.409,85.801,100.000
86.766,15.331,20.428,84.703,100.000
87.378,16.982,21.757,84.202,100.000
88.710,18.390,23.886,84.331,100.000
90.722,20.520,26.883,84.198,100.000
92.546,23.279,29.766,83.742,100.000
92.748,25.738,30.554,82.638,100.000
91.779,27.933,29.877,81.279,100.000
90.609,29.243,28.846,80.337,100.000
90.122,29.489,28.535,80.458,100.000
91.440,29.667,30.218,81.215,100.000
93.199,29.703,32.637,82.090,100.000
94.246,29.130,34.000,83.022,100.000
93.706,28.423,33.400,83.313,100.000
90.995,29.608,30.145,81.730,100.000
88.346,28.966,26.689,81.141,100.000
87.236,28.212,25.271,81.392,100.000
87.636,27.294,25.554,82.627,100.000
87.749,24.606,25.335,84.865,100.000
88.882,24.069,26.843,85.943,100.000
91.023,26.558,30.449,85.501,100.000
92.093,30.181,32.720,83.923,100.000
92.044,31.304,33.052,83.449,100.000
92.542,33.733,34.286,82.348,100.000
93.645,37.642,36.698,80.686,100.000
94.183,40.867,38.114,79.255,100.000
93.552,40.306,37.145,79.394,100.000
92.054,38.206,35.037,80.092,100.000
89.896,38.779,32.554,78.965,100.000
88.016,37.024,29.997,79.384,100.000
88.158,35.839,29.720,80.300,100.000
89.030,35.420,30.458,81.069,100.000
89.517,34.295,30.769,82.084,100.000
89.650,33.585,30.788,82.617,100.000
88.371,34.915,29.508,81.306,100.000
86.536,34.191,27.169,81.024,100.000
86.169,32.857,26.406,81.843,100.000
86.756,33.166,27.268,82.176,100.000
86.912,32.857,27.468,82.589,100.000
85.815,33.998,26.628,81.529,100.000
84.633,33.977,25.240,81.024,99.041
85.017,34.699,25.849,80.971,99.054
85.891,36.377,27.255,80.296,99.092
86.271,37.345,27.954,79.934,99.062
86.450,37.977,28.200,79.618,98.885
86.577,39.171,28.600,78.908,98.356
86.871,40.128,29.135,78.423,98.154
87.942,41.562,30.763,78.101,98.544
89.697,43.424,33.323,77.841,99.528
90.781,46.751,35.972,76.348,98.885
90.042,48.690,35.828,74.804,96.754
88.188,49.739,34.231,73.275,93.923
86.973,50.407,33.218,72.183,92.023
87.100,50.244,33.077,72.239,92.069
88.349,49.703,33.674,72.770,93.397
89.818,48.845,34.265,73.524,95.123
90.701,47.960,34.412,74.261,96.338
92.273,48.292,35.942,74.503,97.685
93.626,49.290,37.606,74.137,98.254
93.019,49.840,37.129,73.419,97.113
90.186,49.712,34.338,72.058,93.921
87.156,49.516,31.308,70.775,90.592
85.302,48.958,29.338,70.124,88.805
84.668,48.860,28.738,69.804,88.072
84.409,48.726,28.538,69.837,88.003
84.198,48.690,28.360,69.759,87.795
84.202,48.610,28.197,69.818,87.803
84.407,48.500,28.302,69.991,88.087
85.622,49.020,29.745,70.233,89.238
87.993,50.294,32.665,70.420,90.974
88.893,51.387,34.548,70.126,91.490
86.325,52.723,33.083,68.281,88.095
82.250,52.958,29.822,66.292,83.713
79.553,52.640,27.760,65.142,81.121
79.148,52.673,27.862,64.879,80.682
79.304,52.551,28.209,64.863,80.844
78.918,52.233,27.748,64.647,80.549
77.960,51.818,26.711,64.259,79.644
77.797,51.928,26.523,63.902,79.310
78.202,52.115,27.046,63.742,79.467
78.393,52.147,27.157,63.523,79.549
78.643,52.302,27.449,63.299,79.505
78.385,52.040,27.240,63.024,79.259
77.639,51.889,26.662,62.320,78.300
76.923,51.767,26.142,61.731,77.392
76.549,51.408,25.837,61.390,77.067
76.246,50.924,25.338,61.141,76.782
76.379,50.318,25.166,61.420,77.095
77.122,50.223,26.068,61.776,78.087
77.724,50.496,27.077,61.872,78.700
77.422,50.594,26.785,61.702,78.346
76.644,50.650,25.942,61.382,77.418
76.100,50.264,25.003,61.457,77.003
76.410,50.255,25.286,61.652,77.467
76.527,50.716,25.523,61.632,77.423
77.262,51.841,27.135,61.809,77.982
77.840,52.109,27.831,62.480,78.987
78.177,52.156,27.960,62.925,79.362
77.958,51.693,27.154,63.584,79.626
78.602,51.432,27.237,64.635,80.759
79.148,51.556,27.665,65.456,81.615
79.041,51.449,27.554,65.984,82.018
79.048,51.651,27.785,66.312,82.218
79.366,51.794,28.234,67.080,83.031
79.764,52.278,28.791,67.353,83.364
79.567,52.355,28.785,67.685,83.546
80.107,52.088,29.286,68.669,84.749
80.936,52.584,30.123,68.849,85.303
81.059,52.070,30.262,69.917,86.415
81.790,52.296,30.926,70.241,87.026
81.691,51.773,30.742,70.894,87.544
81.928,51.595,31.018,71.296,88.092
82.825,51.479,31.889,72.023,89.372
83.432,51.123,32.446,72.744,90.405
83.740,50.647,32.625,73.273,91.172
84.194,49.973,32.695,73.998,92.049
84.440,48.958,32.428,74.827,93.085
84.327,48.061,31.726,75.242,93.223
84.268,47.098,31.292,75.849,93.756
84.758,46.365,31.566,76.383,94.692
85.542,46.427,32.425,76.611,95.505
86.247,46.876,33.191,76.309,95.672
86.624,47.669,33.692,75.708,95.285
86.745,48.435,33.902,74.882,94.690
87.156,48.904,34.151,74.230,94.285
88.117,48.931,34.794,74.129,94.926
88.917,48.675,35.157,74.156,95.456
89.319,47.871,34.726,74.144,95.749
88.693,44.675,32.978,75.350,96.733
88.002,41.203,30.843,76.613,97.444
88.441,38.806,30.151,77.799,98.969
87.848,34.431,28.249,79.873,100.000
87.402,31.705,26.723,80.901,100.000
87.033,28.551,25.378,82.309,100.000
86.825,25.459,23.994,83.615,100.000
86.790,24.042,23.268,83.892,100.000
86.452,22.412,22.172,84.099,100.000
86.220,21.054,21.271,84.243,100.000
86.698,19.635,20.997,84.522,100.000
86.912,18.506,20.529,84.508,100.000
87.004,17.357,19.806,84.442,100.000
87.111,15.958,19.117,84.452,100.000
87.158,14.286,18.342,84.875,100.000
87.213,12.667,17.597,85.109,100.000
87.154,10.520,16.585,85.666,100.000
87.211,8.456,15.649,86.232,100.000
86.869,6.293,14.185,86.809,100.000
86.665,3.900,12.892,87.671,100.000
86.405,2.391,11.585,87.985,100.000
85.746,1.565,10.225,87.685,100.000
85.070,1.117,9.298,87.162,100.000
84.723,0.544,8.188,87.261,100.000
85.111,0.582,7.554,88.034,100.000
85.629,1.785,6.905,89.176,100.000
85.713,3.612,5.963,89.966,100.000
84.918,5.661,4.440,90.268,100.000
84.325,8.512,2.652,91.052,100.000
82.593,11.440,0.526,91.573,100.000
79.240,16.210,0.000,93.271,100.000
76.906,20.205,0.000,94.605,100.000
75.839,23.231,0.422,95.753,100.000
75.607,26.736,1.603,97.163,100.000
75.722,29.985,2.600,98.350,100.000
75.946,31.925,3.086,98.682,100.000
76.270,32.382,3.065,98.033,100.000
77.112,32.317,2.646,96.950,100.000
78.272,32.085,2.209,95.728,100.000
79.187,32.088,2.126,94.761,100.000
79.450,29.952,1.548,92.618,100.000
78.417,26.549,1.335,89.595,98.682
78.384,24.220,0.622,87.784,97.115
79.144,24.924,0.400,88.242,98.087
79.228,26.965,0.874,89.697,99.500
79.665,27.481,0.745,90.309,100.000
80.107,27.764,0.548,90.703,100.000
80.462,28.655,0.508,91.471,100.000
81.117,29.127,0.345,91.881,100.000
80.408,29.290,0.735,92.015,100.000
80.394,29.059,0.702,91.746,100.000
80.409,29.249,0.686,91.900,100.000
79.536,30.333,1.388,92.518,100.000
77.286,32.765,3.825,93.569,100.000
74.823,36.356,7.563,95.648,100.000
75.702,38.756,7.723,97.424,100.000
76.128,39.742,7.557,98.286,100.000
75.761,38.319,7.363,97.081,100.000
74.655,36.971,8.018,95.905,100.000
74.850,36.638,7.745,95.535,100.000
75.765,37.971,7.437,96.648,100.000
76.159,38.527,7.218,97.155,100.000
75.336,37.633,7.625,96.342,100.000
72.495,41.533,11.542,98.635,100.000
73.663,47.086,12.929,100.000,100.000
73.819,53.228,15.188,100.000,100.000
74.378,56.959,16.378,100.000,100.000
74.536,56.683,15.969,100.000,100.000
76.297,55.165,13.132,100.000,100.000
76.787,55.266,12.594,100.000,100.000
76.867,56.837,12.985,100.000,100.000
76.890,56.813,12.720,100.000,100.000
77.231,54.535,11.492,100.000,100.000
77.126,53.757,11.289,100.000,100.000
76.790,54.814,12.120,100.000,100.000
76.679,55.527,12.575,100.000,100.000
76.282,55.097,12.948,100.000,100.000
76.051,52.103,12.268,100.000,100.000
75.841,49.266,11.440,100.000,100.000
76.022,48.209,10.837,100.000,100.000
76.352,49.424,10.911,100.000,100.000
76.705,50.677,10.902,100.000,100.000
76.734,50.151,10.335,100.000,100.000
75.814,47.202,9.022,100.000,100.000
75.490,44.425,7.323,100.000,100.000
78.138,40.692,3.769,100.000,100.000
81.016,38.696,1.422,100.000,100.000
82.276,38.019,0.403,100.000,100.000
83.414,36.641,0.000,100.000,100.000
84.727,34.773,0.049,100.000,100.000
85.563,33.205,0.455,100.000,100.000
85.481,31.916,0.514,100.000,100.000
84.602,30.383,0.271,100.000,100.000
84.007,27.784,0.055,99.996,100.000
84.181,25.887,0.206,99.774,100.000
83.964,24.592,0.197,99.516,100.000
83.580,23.190,0.212,99.275,100.000
83.075,20.936,0.385,98.707,100.000
82.940,18.058,0.751,97.693,100.000
82.523,15.471,0.948,96.744,100.000
81.182,13.041,0.628,95.728,100.000
80.940,10.849,0.914,95.106,100.000
80.205,9.483,0.815,94.768,100.000
78.967,8.328,0.391,94.494,100.000
78.571,7.523,0.508,94.540,100.000
78.372,6.727,0.726,94.685,100.000
78.235,5.878,1.071,94.825,100.000
78.009,4.788,1.618,94.776,100.000
77.576,3.121,2.246,94.254,100.000
78.380,0.888,4.228,93.365,100.000
78.282,0.371,5.326,92.479,100.000
77.908,0.921,6.018,91.793,100.000
77.997,1.951,7.169,91.594,100.000
77.656,2.415,7.714,91.703,100.000
78.152,3.365,8.788,91.731,100.000
78.528,4.360,9.578,91.653,100.000
78.764,5.462,10.403,91.686,100.000
78.941,6.296,11.111,91.762,100.000
79.115,7.101,11.926,91.902,100.000
79.446,8.102,12.686,91.935,100.000
79.189,8.925,13.188,92.074,100.000
79.384,9.896,14.089,92.179,100.000
79.433,10.912,14.877,92.193,100.000
79.368,12.192,15.849,92.144,100.000
79.446,13.481,16.203,91.493,100.000
77.945,14.191,15.655,91.122,100.000
77.836,15.777,16.289,90.481,100.000
77.520,17.591,17.049,89.859,100.000
77.859,19.430,17.969,89.018,100.000
77.444,21.117,18.277,88.385,100.000
76.978,22.222,18.335,87.722,100.000
75.474,22.542,17.886,87.322,99.110
74.969,24.072,18.520,86.834,98.374
75.016,26.124,19.843,86.378,98.105
75.420,28.925,21.738,85.629,97.913
76.069,32.100,23.846,84.801,97.651
77.167,35.004,25.674,83.933,97.387
77.475,36.371,26.305,83.414,97.051
77.292,36.899,26.206,82.956,96.523
76.894,37.262,25.846,82.539,95.879
76.553,37.778,25.415,82.016,95.049
76.268,38.337,24.948,81.513,94.144
75.679,38.767,24.086,80.942,93.015
74.616,39.029,23.258,80.357,91.785
73.669,39.581,22.735,79.823,90.528
72.813,40.754,22.843,79.066,89.428
72.066,42.462,23.492,78.385,88.369
71.760,44.645,24.711,77.537,87.495
71.787,46.486,25.763,76.726,86.836
71.736,47.862,26.471,76.145,86.292
71.561,48.821,26.938,75.689,85.759
71.370,49.593,27.215,75.225,85.341
70.810,50.012,27.258,74.829,84.762
70.319,50.751,27.545,74.445,84.121
69.839,51.518,27.797,73.973,83.521
69.894,52.602,28.354,73.466,83.046
69.613,52.640,28.209,73.421,82.744
69.779,52.896,28.557,73.618,83.038
70.570,53.763,29.591,73.864,83.703
71.116,54.375,30.354,74.043,84.100
70.933,53.701,29.692,74.299,84.059
71.075,52.813,28.769,74.688,84.149
70.761,51.619,27.511,75.295,84.285
70.795,50.817,27.385,76.504,85.182
71.705,50.407,27.785,77.689,86.631
71.596,48.655,26.597,78.791,87.251
72.534,48.049,27.034,79.928,88.731
72.471,47.080,26.785,81.113,89.703
71.600,45.385,25.228,81.681,89.474
70.896,43.264,23.523,82.500,89.554
70.650,42.156,23.902,83.804,90.608
70.865,42.557,25.865,84.996,92.010
71.085,42.058,26.142,85.955,92.995
71.354,40.903,25.742,87.016,93.872
71.881,40.053,25.960,88.377,95.344
72.066,38.919,26.240,89.786,96.582
71.372,36.715,24.778,91.017,97.046
72.091,35.717,25.865,92.518,98.892
71.557,35.613,26.474,93.222,99.262
71.697,35.925,27.520,93.487,99.551
71.023,35.738,27.618,93.745,99.544
71.198,34.764,28.083,94.854,100.000
71.021,33.721,28.062,95.613,100.000
71.500,32.337,28.400,96.599,100.000
70.210,31.506,27.403,96.948,100.000
70.997,30.009,27.606,97.898,100.000
70.293,28.943,27.015,98.545,100.000
70.108,27.752,26.954,99.382,100.000
70.075,26.552,26.732,99.916,100.000
69.215,25.034,25.745,100.000,100.000
69.163,22.976,24.855,100.000,100.000
68.445,20.748,23.231,100.000,100.000
67.788,18.607,21.772,100.000,100.000
67.062,16.234,20.052,100.000,100.000
66.368,13.867,18.252,100.000,100.000
65.731,11.631,16.455,100.000,100.000
64.867,9.454,14.612,100.000,100.000
64.005,7.395,12.683,100.000,100.000
63.198,5.673,10.895,100.000,100.000
62.369,4.024,9.246,100.000,100.000
61.316,3.413,9.348,100.000,100.000
61.794,2.813,9.818,100.000,100.000
64.678,1.031,11.828,100.000,100.000
65.573,0.107,11.911,100.000,100.000
66.472,0.535,11.498,100.000,100.000
66.723,1.040,10.809,100.000,100.000
66.577,1.440,9.434,100.000,100.000
66.413,2.738,7.932,100.000,100.000
66.019,4.592,5.474,100.000,100.000
66.152,6.852,3.649,100.000,100.000
65.189,8.245,1.612,100.000,100.000
61.841,8.227,0.000,100.000,100.000
63.677,9.970,0.000,100.000,100.000
63.063,13.092,0.000,100.000,100.000
61.923,16.582,0.000,100.000,100.000
61.330,19.964,0.000,100.000,100.000
60.339,21.865,0.631,100.000,100.000
60.620,22.931,1.640,100.000,100.000
58.434,23.977,3.849,100.000,100.000
58.590,24.526,4.062,100.000,100.000
57.767,24.327,4.388,100.000,100.000
59.786,23.959,3.031,100.000,100.000
59.633,22.738,2.757,100.000,100.000
59.817,22.608,2.815,100.000,100.000
60.039,22.884,2.920,100.000,100.000
60.801,23.130,2.471,100.000,100.000
61.605,23.472,1.828,100.000,100.000
61.923,23.781,1.551,100.000,100.000
62.151,23.950,1.400,100.000,100.000
62.155,23.668,1.440,100.000,100.000
62.227,22.872,1.040,100.000,100.000
62.178,22.789,1.055,100.000,100.000
62.309,22.715,0.877,100.000,100.000
62.250,22.465,0.852,100.000,100.000
62.157,21.925,0.757,100.000,100.000
61.872,21.506,0.818,100.000,100.000
61.942,21.512,0.778,100.000,100.000
62.110,21.850,0.788,100.000,100.000
62.162,22.228,0.840,100.000,100.000
62.281,22.596,0.868,100.000,100.000
62.371,22.762,0.862,100.000,100.000
62.691,22.103,0.375,100.000,100.000
62.194,21.348,0.523,100.000,100.000
61.962,20.986,0.585,100.000,100.000
62.231,21.440,0.622,100.000,100.000
62.309,21.755,0.668,100.000,100.000
62.355,21.601,0.563,100.000,100.000
62.283,21.301,0.526,100.000,100.000
62.316,21.366,0.523,100.000,100.000
62.500,21.512,0.342,100.000,100.000
62.474,21.485,0.268,100.000,100.000
62.451,21.417,0.231,100.000,100.000
62.474,21.405,0.200,100.000,100.000
62.359,21.405,0.280,100.000,100.000
62.139,21.636,0.566,100.000,100.000
62.671,21.595,0.185,100.000,100.000
62.724,21.233,0.034,100.000,100.000
62.457,20.707,0.003,100.000,100.000
62.812,20.582,0.000,100.000,100.000
62.794,20.457,0.000,100.000,100.000
62.634,20.490,0.000,100.000,100.000
62.511,20.757,0.000,100.000,100.000
62.402,20.832,0.000,100.000,100.000
62.539,20.541,0.000,100.000,100.000
62.541,19.501,0.000,100.000,100.000
62.383,15.551,0.000,100.000,100.000
62.796,12.789,0.000,100.000,100.000
63.147,9.575,0.000,100.000,100.000
64.044,8.696,0.000,100.000,100.000
62.437,9.810,0.000,100.000,100.000
62.135,8.527,0.000,100.000,100.000
62.120,6.394,0.000,100.000,100.000
62.584,5.013,0.382,100.000,100.000
61.082,4.601,0.000,100.000,100.000
59.850,5.310,0.000,100.000,100.000
59.035,4.996,0.000,100.000,100.000
58.742,3.015,0.089,100.000,100.000
58.276,1.601,1.077,100.000,100.000
58.208,1.158,2.062,100.000,100.000
58.235,0.149,3.538,100.000,100.000
58.214,0.143,5.249,100.000,100.000
57.490,0.814,6.200,100.000,100.000
57.674,2.563,8.406,100.000,100.000
58.161,4.116,10.760,100.000,100.000
58.208,5.809,12.606,100.000,100.000
58.467,6.911,13.942,100.000,100.000
58.341,10.392,16.532,100.000,100.000
58.350,12.085,18.132,100.000,100.000
57.664,14.660,19.418,100.000,100.000
59.072,17.749,22.748,100.000,100.000
57.383,18.631,22.431,100.000,100.000
58.005,20.980,23.720,100.000,100.000
58.721,23.992,26.422,100.000,100.000
57.687,26.100,26.366,100.000,99.595
57.816,26.516,26.603,100.000,99.813
57.742,30.104,28.068,100.000,97.974
57.879,31.779,29.034,100.000,97.977
58.229,34.609,30.920,100.000,97.762
57.958,36.697,31.028,100.000,96.710
57.709,39.038,32.391,100.000,95.549
57.547,41.877,33.077,100.000,94.521
57.914,45.275,35.403,99.852,93.849
58.286,49.376,37.763,97.695,92.692
57.687,50.841,37.517,96.841,91.436
58.029,53.175,38.289,94.704,90.533
57.192,54.173,37.778,94.201,89.426
56.868,55.052,36.923,93.107,88.441
56.915,54.422,35.520,93.511,88.554
55.535,56.516,35.760,91.929,86.528
55.720,58.058,36.474,90.440,86.044
54.269,58.800,36.578,90.272,85.282
54.529,58.833,35.938,89.336,84.682
55.061,60.300,37.209,88.271,84.323
55.309,60.897,37.874,87.901,84.231
55.334,60.529,37.806,88.441,84.428
55.704,58.530,36.317,89.755,85.531
56.523,57.838,36.538,90.313,86.377
56.989,56.852,36.840,91.344,87.313
56.987,57.683,38.692,91.403,87.744
58.647,61.209,42.868,88.948,87.828
59.013,59.133,42.717,90.927,89.346
59.343,59.255,43.695,91.151,89.856
60.922,59.552,45.745,91.512,91.482
61.287,58.254,45.818,92.563,92.631
61.511,57.357,46.148,93.230,93.400
61.866,54.099,45.923,95.856,95.336
61.574,50.591,44.277,97.754,96.403
61.248,48.369,43.400,98.779,96.892
61.601,44.060,42.206,100.000,99.256
61.195,41.120,40.606,100.000,99.805
60.729,38.295,39.031,100.000,100.000
61.039,36.299,38.511,100.000,100.000
60.242,33.006,36.209,100.000,100.000
60.714,29.923,35.357,100.000,100.000
60.101,27.805,33.274,100.000,100.000
61.106,27.553,33.932,100.000,100.000
59.325,22.287,29.120,100.000,100.000
59.255,17.437,25.932,100.000,100.000
58.031,14.633,22.388,100.000,100.000
56.946,7.868,16.594,100.000,100.000
54.716,3.416,9.855,100.000,100.000
55.129,0.541,7.818,100.000,100.000
53.998,0.606,2.671,100.000,100.000
54.316,2.171,0.975,100.000,100.000
54.277,4.428,0.000,100.000,100.000
55.311,6.187,0.000,100.000,100.000
55.242,7.992,0.000,100.000,100.000
56.543,10.065,0.000,100.000,100.000
56.868,10.823,0.000,100.000,100.000
59.107,12.156,0.000,100.000,100.000
58.426,14.529,0.000,100.000,100.000
59.000,17.470,0.000,100.000,100.000
60.339,17.942,0.000,100.000,100.000
62.194,17.345,0.000,100.000,100.000
63.038,21.696,0.000,100.000,100.000
61.353,20.965,0.000,100.000,100.000
63.911,22.545,0.000,100.000,100.000
64.504,17.205,0.000,100.000,100.000
65.758,20.588,0.000,100.000,100.000
66.655,19.281,0.000,100.000,100.000
66.653,20.992,0.000,100.000,100.000
66.251,20.944,0.000,100.000,100.000
66.390,21.675,0.000,100.000,100.000
66.074,22.293,0.000,100.000,100.000
66.698,19.106,0.000,100.000,100.000
68.160,17.621,0.000,100.000,100.000
67.493,16.332,0.000,100.000,100.000
67.499,14.110,0.000,100.000,100.000
67.176,13.736,0.000,100.000,100.000
69.320,10.086,1.738,100.000,100.000
71.549,7.190,5.477,100.000,100.000
73.795,1.812,10.554,100.000,100.000
74.076,0.671,14.055,99.980,100.000
76.233,6.044,20.458,97.494,100.000
79.249,13.413,27.468,94.435,100.000
80.103,21.399,32.129,91.212,100.000
82.389,28.001,37.326,88.839,100.000
82.985,34.393,39.954,86.189,100.000
83.997,39.685,42.711,84.339,100.000
85.066,44.785,45.369,82.449,100.000
85.179,49.611,46.622,80.357,100.000
86.349,55.682,49.465,78.005,98.828
87.312,63.142,52.086,74.603,96.085
89.018,71.607,55.585,71.038,93.382
89.005,77.957,57.000,67.603,89.728
89.034,83.813,57.892,64.034,85.790
89.859,87.089,58.483,62.008,83.908
89.317,89.581,57.791,59.536,80.846
89.391,90.564,57.366,57.996,79.267
89.420,89.762,56.292,56.874,78.385
89.120,89.228,55.154,55.775,77.179
89.574,88.773,54.428,54.704,76.277
88.227,85.610,51.991,54.373,75.692
88.281,85.780,51.388,53.093,74.187
87.257,83.219,49.154,52.700,73.446
87.365,82.100,48.388,52.111,72.892
85.715,79.053,45.726,52.091,72.336
85.934,75.848,44.526,52.468,73.208
84.647,70.903,41.086,53.232,73.705
84.635,68.307,39.563,54.068,74.610
86.158,63.015,36.797,56.568,77.800
83.843,55.913,30.929,60.035,79.879
84.900,50.065,27.302,62.987,82.744
83.436,43.662,21.658,66.602,84.774
83.759,40.870,19.926,68.813,86.685
81.919,37.936,17.228,70.477,87.377
82.743,38.931,18.052,70.005,86.933
82.057,38.058,16.926,70.543,86.905
82.120,35.815,15.151,71.536,87.587
80.893,29.691,11.108,76.295,90.764
81.626,28.334,10.428,75.919,90.974
82.174,26.706,10.378,77.567,92.982
83.040,26.549,10.849,77.219,93.287
84.413,26.813,12.003,77.026,93.821
84.576,26.136,12.218,77.824,95.079
86.130,26.489,13.498,76.906,95.444
86.575,26.840,14.298,76.512,95.638
89.053,27.755,16.268,75.256,96.190
88.654,27.155,16.348,75.911,96.903
89.580,26.427,16.806,75.718,97.518
90.412,24.755,17.175,76.005,98.928
90.432,21.776,15.898,77.081,100.000
90.814,18.488,14.837,77.939,100.000
91.715,17.003,14.634,77.855,100.000
90.797,13.537,12.458,78.779,100.000
92.741,12.560,13.342,78.282,100.000
94.125,10.995,13.523,77.964,100.000
92.914,5.928,10.422,79.261,100.000
93.567,3.612,9.618,78.764,100.000
92.288,0.962,6.474,79.013,100.000
91.814,0.704,4.877,78.653,100.000
91.543,1.304,3.572,77.586,100.000
91.748,4.604,1.588,78.735,100.000
89.480,11.838,0.000,81.308,100.000
85.471,23.015,1.222,86.002,100.000
83.151,32.064,6.578,88.812,100.000
81.324,38.182,11.188,90.463,100.000
80.218,39.020,12.557,90.958,100.000
77.169,47.749,19.615,94.224,100.000
78.136,46.290,18.649,92.161,100.000
78.582,46.724,18.572,92.918,100.000
78.871,46.189,17.834,93.027,100.000
78.696,47.285,18.391,94.283,100.000
77.058,47.027,19.542,95.010,100.000
72.696,54.651,28.572,99.865,100.000
67.677,54.892,34.145,100.000,100.000
68.531,51.690,29.942,100.000,100.000
66.294,48.607,29.526,100.000,100.000
64.980,46.953,28.662,100.000,100.000
63.935,40.808,25.172,100.000,100.000
65.555,37.695,19.597,100.000,100.000
64.608,32.198,15.920,100.000,100.000
65.844,27.078,8.837,100.000,100.000
64.717,21.286,5.806,100.000,100.000
63.081,18.791,4.425,100.000,100.000
62.611,12.756,0.846,100.000,100.000
63.547,7.977,0.000,100.000,100.000
63.100,2.756,0.000,100.000,100.000
64.132,0.107,0.000,100.000,100.000
64.912,2.822,3.308,100.000,100.000
65.768,8.720,7.508,100.000,100.000
66.908,15.379,12.329,100.000,100.000
68.496,22.275,17.529,98.506,100.000
69.229,29.038,21.338,95.476,100.000
69.923,36.751,26.098,91.982,97.905
71.637,44.131,31.145,88.652,96.528
71.807,50.048,34.668,85.544,94.379
71.403,55.061,36.714,81.782,91.185
71.469,59.115,39.305,79.195,89.421
70.420,61.120,39.323,76.305,86.744
69.437,62.973,40.018,74.197,84.628
68.755,64.354,40.403,72.074,82.769
68.082,65.524,41.022,70.407,81.254
67.739,67.075,41.991,68.880,79.964
67.170,66.852,41.782,69.597,80.174
67.546,66.688,41.680,69.482,80.246
68.484,68.010,43.578,69.453,80.944
69.299,70.220,46.163,69.529,81.505
70.703,71.135,47.938,70.461,83.133
72.031,72.658,50.492,72.007,84.885
72.711,73.647,52.477,72.963,86.115
73.610,72.542,53.172,75.266,88.554
74.382,70.841,54.246,78.415,91.549
74.232,67.113,53.372,81.291,93.856
73.131,60.309,50.649,85.647,97.013
72.731,55.396,49.274,89.026,99.482
71.370,47.553,45.862,93.634,100.000
69.944,38.369,40.640,98.023,100.000
68.067,30.053,35.071,100.000,100.000
66.791,20.974,28.578,100.000,100.000
65.191,13.704,22.840,100.000,100.000
63.713,6.204,15.911,100.000,100.000
63.769,2.412,11.960,100.000,100.000
63.079,0.395,6.877,100.000,100.000
62.917,1.841,3.748,100.000,100.000
63.621,5.904,1.015,100.000,100.000
64.210,9.801,0.000,100.000,100.000
64.101,13.656,0.000,100.000,100.000
64.674,17.449,0.000,100.000,100.000
63.933,21.625,0.000,100.000,100.000
61.669,25.429,2.403,100.000,100.000
62.537,28.625,3.803,100.000,100.000
62.121,28.836,4.474,100.000,100.000
63.272,28.922,4.366,100.000,100.000
61.503,34.449,8.591,100.000,100.000
61.265,36.775,10.366,100.000,100.000
60.994,36.282,10.588,100.000,100.000
61.562,34.844,9.086,100.000,100.000
60.768,31.945,8.089,100.000,99.415
62.276,32.011,6.505,100.000,100.000
62.030,28.168,4.114,100.000,100.000
61.357,25.423,2.809,100.000,100.000
63.508,20.665,0.000,100.000,100.000
64.925,17.060,0.000,100.000,100.000
65.926,9.118,0.317,100.000,100.000
68.219,3.531,5.982,100.000,100.000
68.905,0.653,11.886,100.000,100.000
70.079,4.785,17.274,100.000,100.000
70.787,9.860,21.828,100.000,100.000
71.393,15.593,26.274,100.000,100.000
72.146,21.369,30.548,99.739,100.000
72.776,28.619,35.071,97.613,100.000
74.339,36.475,40.409,94.681,100.000
75.014,44.696,44.015,90.951,100.000
76.948,53.665,49.274,87.213,100.000
77.879,61.194,52.268,83.104,98.451
78.781,68.684,54.655,78.545,94.649
79.029,74.633,56.031,73.870,90.577
79.078,78.019,56.391,70.276,87.400
79.245,80.006,56.397,67.636,85.079
77.982,79.706,54.271,65.288,82.226
77.567,78.319,52.695,63.863,81.005
75.997,76.086,49.852,62.935,79.451
75.593,76.308,49.692,61.542,78.223
74.573,73.362,47.083,61.576,77.838
74.712,75.272,48.314,60.400,76.762
74.497,75.013,48.022,60.649,76.936
74.568,74.235,47.308,61.340,77.446
74.837,73.139,47.738,63.872,80.046
76.664,72.121,47.689,65.220,81.849
77.227,72.334,48.483,67.170,83.649
78.409,71.265,49.077,69.369,86.174
79.288,70.490,50.135,72.136,88.985
78.969,67.835,48.932,73.813,90.349
79.093,63.882,48.563,77.494,93.736
79.171,61.298,47.760,79.150,95.403
79.210,55.296,46.637,83.147,99.131
78.171,49.281,43.649,85.803,100.000
78.142,42.884,41.514,89.254,100.000
76.539,35.970,36.763,91.502,100.000
75.180,27.799,31.803,94.843,100.000
74.952,20.793,27.683,96.870,100.000
73.294,13.537,21.597,98.916,100.000
73.770,7.027,18.012,100.000,100.000
72.561,2.643,13.034,100.000,100.000
73.082,0.356,10.357,100.000,100.000
73.468,1.342,7.905,100.000,100.000
73.749,3.116,6.074,100.000,100.000
76.644,2.878,8.606,99.070,100.000
76.707,5.925,6.477,99.140,100.000
79.548,4.131,8.862,95.131,100.000
78.192,4.182,6.763,93.255,100.000
79.813,3.612,8.803,91.713,100.000
79.708,4.188,8.406,90.876,100.000
81.782,2.043,10.791,89.219,100.000
81.488,2.290,10.631,89.855,100.000
81.932,2.043,11.188,89.722,100.000
81.457,1.283,11.788,90.034,100.000
83.139,0.517,14.489,89.135,100.000
84.598,1.654,17.243,88.061,100.000
85.091,1.625,17.911,89.252,100.000
85.711,4.488,20.702,88.301,100.000
87.977,8.081,25.428,87.632,100.000
86.074,10.561,24.458,87.055,100.000
86.538,15.007,26.772,85.643,100.000
87.575,19.896,29.929,84.290,100.000
87.392,25.542,31.462,82.149,100.000
89.225,31.583,35.612,80.433,100.000
89.408,37.419,37.726,78.417,100.000
90.001,43.139,40.040,76.451,99.782
90.882,49.563,42.791,74.197,98.203
92.138,58.304,46.025,70.849,95.177
91.590,63.344,46.674,68.230,92.144
92.762,71.250,49.335,64.883,88.895
92.752,74.470,49.868,62.521,86.451
92.048,77.808,49.806,59.684,82.931
92.362,81.206,50.588,56.890,79.926
90.894,81.140,48.929,54.798,77.151
90.752,82.878,48.815,52.454,74.397
89.747,81.423,47.209,50.834,72.382
87.189,77.478,43.492,49.660,70.326
87.068,77.375,43.255,47.961,68.523
85.423,75.233,41.246,46.758,66.918
85.569,76.086,42.203,44.838,65.172
83.161,73.410,39.231,43.658,63.028
82.683,71.993,38.865,42.835,62.287
81.289,69.323,37.025,42.412,61.718
81.082,67.565,36.302,42.539,62.138
81.328,66.757,35.898,42.541,62.295
81.435,66.270,35.526,43.003,62.856
81.952,67.728,35.926,42.976,62.415
83.077,65.364,34.997,45.639,65.821
85.062,64.250,34.745,47.230,67.956
87.090,62.266,33.809,50.132,71.469
88.503,58.628,31.822,53.261,75.062
89.404,55.438,30.154,56.188,78.387
90.984,51.794,29.071,59.503,82.541
92.105,48.910,28.117,61.960,85.354
92.906,45.572,27.178,64.222,88.395
94.449,44.797,27.597,64.931,89.774
95.759,42.902,27.954,65.740,91.582
95.759,41.209,27.080,66.130,91.915
96.868,39.762,26.982,66.630,92.867
97.999,38.358,27.068,66.624,93.623
99.130,34.574,26.520,67.070,94.941
100.000,33.493,26.788,66.811,95.244
99.992,29.783,25.034,66.944,95.146
99.823,22.848,22.225,68.673,96.800
96.939,12.498,15.600,71.904,98.426
91.590,1.218,7.163,77.407,100.000
88.287,4.999,1.098,80.780,100.000
90.052,9.418,0.335,81.595,100.000
90.814,11.381,0.000,80.651,100.000
92.308,12.052,0.292,79.454,100.000
94.174,11.215,1.191,77.568,100.000
96.675,6.374,3.378,73.760,98.349
99.604,3.920,5.892,71.557,97.436
99.756,2.522,6.372,69.909,95.669
99.745,3.023,6.277,70.845,96.879
99.589,3.629,5.849,71.440,97.372
98.994,4.443,5.326,72.261,98.092
98.017,3.748,5.348,73.058,98.787
98.226,1.803,6.606,72.912,99.028
97.756,0.846,7.314,72.904,99.090
98.261,2.323,9.905,71.859,98.274
97.968,8.150,12.535,69.615,96.010
99.394,15.405,16.803,67.626,94.808
99.973,22.421,20.046,65.586,93.241
100.000,29.994,24.791,63.949,92.792
100.000,36.231,26.769,61.940,90.459
100.000,41.631,30.052,60.718,90.033
100.000,45.040,30.477,59.518,88.223
100.000,47.850,29.917,58.075,85.851
100.000,52.715,33.000,57.448,85.787
99.992,53.329,30.880,56.116,82.600
100.000,58.358,32.951,54.310,80.533
99.534,57.814,31.858,53.394,79.021
99.304,58.185,32.262,52.312,77.913
96.792,58.212,30.742,50.876,75.267
96.831,59.385,31.388,49.295,73.482
93.310,56.412,28.523,48.833,71.944
93.714,57.449,29.382,47.761,70.813
91.906,53.695,26.991,48.213,71.054
91.391,52.510,26.600,48.112,71.128
88.856,49.008,23.837,48.502,70.869
88.665,48.473,23.809,48.934,71.341
85.842,45.144,20.720,49.471,70.890
85.062,43.861,19.674,49.939,70.990
84.563,42.210,18.554,50.738,71.628
84.165,39.635,16.797,52.588,73.367
84.512,39.768,17.006,52.134,72.944
84.454,39.222,16.237,52.696,73.331
85.360,36.445,14.228,55.151,75.579
87.201,36.697,14.458,55.933,76.718
88.698,36.879,14.677,56.689,78.064
90.383,34.966,14.169,57.305,79.156
92.154,34.030,14.228,58.801,81.413
92.881,31.830,13.203,59.862,82.928
94.778,29.765,12.892,60.517,84.382
95.794,28.482,12.431,61.189,85.462
97.116,28.019,12.705,60.969,85.790
98.604,27.214,12.846,61.466,87.115
99.768,26.879,13.951,61.468,88.364
100.000,27.187,15.126,60.737,88.526
100.000,24.508,14.486,61.291,89.503
100.000,21.129,12.249,61.570,89.590
100.000,16.086,10.345,62.738,91.051
100.000,12.504,8.200,62.437,90.403
100.000,6.947,6.695,63.882,92.872
100.000,2.997,5.332,64.510,93.900
100.000,0.870,2.782,65.912,94.885
100.000,4.211,0.772,67.131,95.938
100.000,8.999,0.000,67.774,96.682
100.000,13.392,0.000,67.971,96.026
100.000,19.997,0.000,69.016,96.951
100.000,23.418,0.502,68.804,96.518
100.000,27.413,1.806,68.804,96.010
100.000,29.843,2.554,68.381,95.315
99.990,32.905,3.889,68.293,94.654
99.626,37.487,6.265,68.585,94.197
99.764,39.281,7.034,68.209,93.682
99.479,40.600,7.951,68.039,93.031
97.128,48.467,12.415,70.775,94.923
96.141,49.305,13.538,71.358,94.938
96.514,51.164,14.098,72.179,96.013
90.584,60.440,23.520,77.005,97.205
85.138,71.841,35.129,83.063,99.077
76.118,83.606,52.477,89.814,98.023
69.383,87.556,63.172,94.347,95.846
67.140,84.158,63.154,95.899,95.400
67.010,81.458,61.040,98.594,97.372
66.641,76.053,56.914,99.828,98.259
68.063,67.710,48.262,99.979,100.000
69.276,59.023,39.825,99.904,100.000
69.954,53.166,33.932,100.000,100.000
70.371,44.452,26.705,99.826,100.000
69.235,38.699,23.123,99.961,100.000
70.662,32.278,16.517,100.000,100.000
69.929,26.703,12.348,100.000,100.000
70.358,23.686,8.502,100.000,100.000
68.977,17.868,5.858,100.000,100.000
67.965,14.137,3.858,100.000,100.000
68.439,7.597,0.000,100.000,100.000
69.032,1.313,0.000,100.000,100.000
69.716,1.040,0.000,99.516,100.000
70.603,7.651,1.551,96.894,100.000
71.744,16.540,6.748,93.517,99.341
72.897,25.563,12.631,90.219,97.367
73.450,34.301,17.462,86.171,94.503
73.616,41.696,22.289,82.549,91.877
72.314,46.400,24.188,78.629,88.208
71.662,51.108,27.252,75.127,85.315
70.350,54.657,29.317,71.966,82.413
69.551,55.696,30.148,70.414,81.151
68.730,56.599,31.083,69.289,80.167
68.065,57.743,32.015,68.115,79.205
67.899,58.586,32.735,67.335,78.572
68.398,58.753,32.775,67.324,78.674
69.227,57.882,32.378,69.535,80.479
70.253,56.742,31.329,69.864,81.195
71.890,54.660,30.902,72.774,84.277
72.873,53.427,30.628,74.291,86.167
75.092,51.737,31.240,76.529,89.121
76.607,49.985,31.911,79.029,92.226
77.535,47.960,31.818,79.856,93.782
79.284,46.267,32.982,81.371,96.379
78.937,42.560,31.415,82.849,97.933
80.140,39.718,31.566,84.064,100.000
80.004,32.346,28.769,87.242,100.000
79.509,27.523,25.889,88.544,100.000
80.840,20.737,23.997,91.153,100.000
78.134,13.234,16.892,92.553,100.000
79.904,8.384,15.745,93.626,100.000
77.034,1.363,7.935,95.675,100.000
77.820,1.031,4.985,96.461,100.000
78.543,3.163,3.748,96.340,100.000
81.328,4.586,4.249,94.133,100.000
81.652,8.248,1.982,93.154,100.000
83.128,9.947,1.778,91.444,100.000
83.750,11.482,1.382,89.991,100.000
83.785,13.478,0.446,88.810,100.000
84.670,14.583,0.428,87.864,100.000
83.508,15.940,0.000,86.916,100.000
83.640,17.885,0.000,87.478,100.000
83.950,17.859,0.000,87.205,100.000
83.958,17.707,0.000,87.369,100.000
84.512,16.371,0.000,87.127,100.000
83.486,19.400,0.000,89.309,100.000
79.756,21.948,0.000,92.819,100.000
80.505,19.243,0.000,93.088,100.000
81.045,14.173,0.000,93.092,100.000
82.065,10.832,1.477,93.764,100.000
82.508,4.396,4.877,92.649,100.000
83.833,0.701,10.231,91.426,100.000
83.069,4.336,14.018,89.950,100.000
84.748,16.427,20.929,85.154,100.000
88.184,27.072,28.785,82.262,100.000
87.088,35.566,31.465,79.146,100.000
89.841,43.766,37.117,76.907,100.000
88.186,48.414,37.006,74.203,96.656
89.804,55.907,40.538,71.142,94.144
88.841,58.937,40.458,68.624,91.074
88.511,63.561,41.292,65.323,87.228
88.067,65.842,41.631,62.812,84.441
85.321,64.280,38.818,60.618,81.223
85.040,66.181,39.443,58.175,78.610
81.940,63.502,36.366,56.629,76.059
81.135,63.508,36.649,55.164,74.592
78.953,59.967,33.702,54.989,73.903
77.785,58.482,32.489,54.661,73.308
76.410,54.805,29.643,55.979,73.985
75.913,53.154,28.015,56.964,74.485
75.905,53.038,28.071,56.664,74.321
75.923,52.741,27.538,57.253,74.726
77.048,50.814,25.963,59.984,77.113
78.364,50.475,25.858,61.016,78.400
80.673,50.175,26.751,62.775,80.946
82.026,49.718,26.446,64.009,82.377
83.297,48.827,25.975,65.278,83.851
85.054,47.042,26.268,67.371,86.705
85.612,44.158,25.326,68.874,88.877
88.209,43.282,26.932,70.915,92.197
88.474,40.413,25.726,72.021,93.685
89.619,36.715,25.363,74.000,96.503
89.256,29.944,22.717,76.775,99.487
89.379,24.529,20.052,78.290,100.000
88.903,17.508,16.600,80.468,100.000
89.139,11.028,13.437,81.589,100.000
91.042,6.207,12.295,82.281,100.000
89.903,1.152,7.692,82.373,100.000
89.900,1.256,4.311,82.073,100.000
88.603,4.814,1.271,80.870,100.000
90.699,9.819,0.468,81.443,100.000
90.865,15.349,0.000,81.330,100.000
91.364,20.273,0.000,81.041,100.000
91.524,24.167,0.000,80.577,100.000
91.073,28.251,0.508,80.027,100.000
91.103,29.902,0.997,78.811,98.949
91.865,29.290,0.594,77.399,98.015
90.779,31.328,1.185,77.487,97.785
91.922,30.327,0.785,76.638,97.095
92.187,30.707,0.868,77.364,98.000
90.902,33.828,2.145,78.922,98.941
89.864,33.802,2.815,80.466,99.718
89.040,32.118,2.492,81.577,100.000
87.497,33.187,3.378,84.660,100.000
84.379,34.535,5.452,88.094,100.000
81.418,33.582,6.572,90.941,100.000
80.402,29.302,4.643,92.356,100.000
79.803,21.161,1.175,91.302,100.000
82.588,12.697,0.000,90.855,100.000
83.011,4.797,0.871,89.833,100.000
86.573,0.748,8.077,88.427,100.000
86.144,7.487,12.098,85.122,100.000
87.727,15.399,17.732,83.315,100.000
87.127,21.699,19.846,81.316,100.000
87.593,27.594,23.058,79.924,100.000
88.164,33.249,25.852,77.953,99.805
87.827,37.775,27.548,76.239,97.815
87.172,42.216,28.474,74.082,95.015
87.139,45.753,29.966,72.374,93.177
86.201,47.223,29.711,71.346,91.572
84.894,48.301,29.246,69.978,89.431
83.734,49.011,28.625,68.870,87.646
83.258,50.270,28.883,68.158,86.646
83.040,50.003,28.514,68.312,86.582
82.121,49.661,27.917,68.562,86.272
82.377,49.284,27.855,68.661,86.526
82.131,46.772,25.714,69.753,87.177
81.345,41.812,22.295,73.197,89.474
81.733,38.334,20.618,75.266,91.618
82.474,34.939,19.545,77.801,94.251
82.396,30.226,17.618,80.437,96.813
81.769,23.612,14.040,83.280,99.195
80.792,17.582,10.985,85.924,100.000
81.006,11.794,8.483,87.811,100.000
81.150,6.843,5.972,89.133,100.000
81.858,1.859,3.883,90.646,100.000
81.603,0.247,1.760,90.709,100.000
82.769,1.274,0.729,90.085,100.000
85.138,5.563,0.443,90.990,100.000
81.568,11.176,0.000,88.999,100.000
85.308,14.746,0.000,88.197,100.000
83.430,23.175,2.163,87.846,100.000
84.908,27.957,4.132,87.324,100.000
86.994,32.275,5.557,85.879,100.000
86.035,36.911,9.092,84.725,100.000
86.655,41.859,11.440,84.151,100.000
86.162,46.148,14.268,83.785,100.000
86.663,50.288,16.129,83.541,100.000
85.308,53.249,19.049,83.241,99.503
82.469,58.732,24.452,85.140,99.413
81.796,59.647,25.738,85.662,99.121
81.706,60.110,26.108,86.427,99.831
80.575,62.011,28.452,87.866,100.000
78.976,62.634,30.320,89.845,100.000
78.179,60.128,29.400,91.459,100.000
75.192,58.732,30.951,94.324,100.000
74.963,53.169,27.249,94.784,100.000
75.556,49.005,22.920,97.130,100.000
74.942,41.440,17.985,97.085,100.000
73.464,36.145,14.674,98.432,100.000
73.918,28.286,8.655,98.653,100.000
74.798,21.755,3.169,99.316,100.000
74.971,15.423,0.000,99.747,100.000
75.812,9.849,0.000,99.846,100.000
74.267,4.096,0.000,98.701,100.000
75.071,1.179,0.311,98.816,100.000
74.805,0.650,2.529,97.834,100.000
75.073,3.430,5.357,97.167,100.000
75.012,8.227,7.825,95.326,100.000
74.456,11.663,9.397,94.817,100.000
75.073,16.980,12.692,93.173,100.000
74.768,21.850,14.852,91.516,100.000
75.223,26.270,17.274,89.874,100.000
75.439,31.034,19.738,87.963,98.515
74.609,34.274,20.360,86.374,96.382
74.694,38.138,22.123,84.674,94.864
74.706,41.230,23.917,83.557,93.741
73.634,43.626,24.243,81.827,91.644
71.906,44.615,23.612,80.628,89.638
71.982,46.807,25.151,79.823,88.967
71.247,47.802,25.058,79.035,87.813
70.516,48.488,25.194,78.456,86.849
70.631,48.426,25.212,78.442,86.944
70.619,48.533,25.218,78.146,86.708
71.101,47.244,25.606,80.406,89.046
71.374,47.333,26.271,79.789,89.149
73.146,46.388,27.006,81.478,91.433
74.295,46.371,28.182,81.640,92.523
75.977,47.253,30.634,81.886,93.987
76.518,46.968,31.271,81.211,94.162
77.504,46.317,32.609,82.244,96.008
78.575,46.561,33.920,82.104,96.836
79.017,44.200,33.951,83.477,98.554
79.072,42.165,33.455,84.245,99.515
79.481,38.886,32.800,85.963,100.000
79.813,35.815,32.237,87.447,100.000
78.992,30.238,29.462,89.552,100.000
78.690,24.841,26.458,91.643,100.000
77.902,19.290,23.151,93.392,100.000
76.913,13.478,18.640,94.897,100.000
76.839,8.224,15.695,96.691,100.000
76.020,3.775,11.634,97.473,100.000
75.566,0.529,7.883,98.508,100.000
75.340,0.903,5.006,98.832,100.000
75.901,4.458,2.834,99.922,100.000
76.870,4.598,3.338,98.703,100.000
77.502,6.421,2.323,97.763,100.000
79.971,8.396,3.243,97.416,100.000
79.875,11.871,1.323,97.212,100.000
80.591,11.758,1.172,95.059,100.000
81.318,12.548,1.197,93.719,100.000
81.687,13.291,0.997,92.140,100.000
80.733,14.693,0.000,90.683,100.000
81.069,14.431,0.000,88.915,100.000
82.665,15.376,0.203,89.047,100.000
82.683,13.092,0.880,87.324,100.000
83.966,12.792,1.397,86.630,100.000
83.410,14.410,0.665,87.692,100.000
83.701,12.468,1.572,87.259,100.000
85.575,9.620,3.575,85.881,100.000
85.594,7.467,4.212,84.984,100.000
86.671,4.939,6.526,84.598,100.000
89.067,1.669,10.286,83.348,100.000
89.701,0.841,12.723,82.086,100.000
92.481,3.570,17.462,80.985,100.000
92.670,8.064,19.929,79.499,100.000
96.104,14.710,25.905,77.732,100.000
95.527,22.201,27.905,74.835,100.000
96.925,28.203,31.006,73.101,99.236
96.496,30.743,32.252,73.056,99.392
96.414,35.432,33.280,71.196,97.433
96.479,40.650,35.117,69.705,96.028
97.765,46.552,37.803,68.008,94.923
96.672,48.366,37.212,67.451,93.679
96.200,48.868,37.083,67.538,93.782
96.274,50.713,37.520,67.203,93.467
96.122,53.808,38.108,65.932,92.036
95.322,54.826,37.486,65.333,90.733
95.184,56.492,37.597,64.498,89.759
94.609,57.473,37.486,63.750,88.677
94.490,58.999,37.674,62.453,87.179
94.304,60.820,38.228,61.230,85.815
93.419,62.462,37.923,59.698,83.554
93.495,61.348,37.600,59.669,83.708
91.440,60.416,35.772,59.169,82.313
90.654,58.292,34.043,59.265,81.992
89.697,56.130,32.406,59.887,82.233
88.511,53.246,30.357,61.273,83.103
88.193,50.003,28.105,62.174,83.721
86.245,47.704,25.898,63.311,83.910
85.592,47.484,25.815,63.358,83.741
85.072,47.223,25.083,63.182,83.264
85.493,49.614,26.382,61.792,81.772
85.356,50.618,26.723,60.842,80.772
85.719,49.332,26.351,62.354,82.526
86.971,50.419,27.637,61.640,82.456
88.131,50.915,28.409,62.042,83.400
88.724,51.509,29.274,62.354,84.138
89.671,49.243,28.846,63.857,86.277
91.099,47.909,28.760,65.805,88.554
91.288,45.227,27.742,67.423,90.474
91.543,39.543,25.668,70.325,93.849
91.298,35.088,23.680,72.058,95.638
91.077,28.658,21.249,74.889,98.749
91.124,24.452,18.942,75.938,99.644
90.898,20.024,16.618,77.130,100.000
91.873,15.866,15.385,78.091,100.000
92.791,16.579,15.889,76.237,100.000
93.897,12.899,15.523,76.773,100.000
95.474,10.763,15.098,76.194,100.000
95.831,8.634,13.658,75.467,100.000
96.155,7.054,12.209,74.068,100.000
94.022,3.567,8.615,73.895,98.921
95.732,0.927,7.735,74.499,100.000
94.222,1.975,4.369,75.911,100.000
95.153,5.625,3.086,76.695,100.000
94.657,10.264,1.197,77.268,100.000
95.225,13.656,0.538,77.179,100.000
94.451,16.861,0.000,77.005,100.000
95.420,18.150,0.000,75.929,99.713
96.239,17.764,0.000,74.490,98.356
98.549,15.301,0.862,72.247,96.769
98.762,14.618,1.225,71.253,95.913
97.914,16.786,0.671,71.631,95.931
98.736,15.429,0.886,70.728,95.003
98.456,16.653,0.646,71.656,96.044
98.943,16.956,0.714,71.721,96.364
97.604,18.470,0.000,73.409,97.346
96.529,20.852,0.000,75.221,99.115
92.555,23.787,0.000,78.442,100.000
91.463,23.935,0.000,80.218,100.000
90.075,22.839,0.000,82.194,100.000
89.124,20.546,0.000,83.541,100.000
87.907,16.801,0.000,83.806,100.000
86.979,13.873,0.000,84.752,100.000
86.068,9.112,0.000,84.764,100.000
86.811,5.554,0.855,85.770,100.000
86.986,1.414,3.400,85.571,100.000
88.221,0.493,6.760,85.984,100.000
87.837,1.847,8.889,86.583,100.000
85.000,4.452,7.671,85.701,100.000
86.259,6.703,10.554,86.655,100.000
83.715,9.489,10.018,86.208,100.000
84.196,12.153,12.028,86.283,100.000
83.018,15.438,13.200,85.957,100.000
82.394,18.800,14.065,85.245,100.000
82.022,21.999,15.317,84.576,100.000
81.449,25.043,16.160,83.783,99.574
81.125,27.265,16.994,83.531,98.885
79.910,29.002,16.732,83.034,97.295
78.742,28.963,15.480,83.403,96.531
77.715,29.605,14.637,83.510,95.508
77.110,30.463,14.631,83.824,95.023
76.147,30.039,13.452,84.278,94.449
76.003,30.567,13.665,84.487,94.418
75.948,30.674,13.803,84.188,94.192
75.357,29.085,12.403,84.438,94.146
75.045,26.121,11.185,86.766,95.800
75.535,25.388,11.271,86.064,96.179
75.357,21.690,9.889,88.500,98.154
76.646,18.622,8.877,89.217,99.805
76.767,16.403,8.308,89.769,100.000
77.237,11.880,6.502,91.214,100.000
76.960,8.358,4.649,91.725,100.000
77.721,4.116,3.126,93.214,100.000
77.896,0.876,1.074,93.552,100.000
78.066,1.289,0.000,95.002,100.000
79.191,3.620,0.000,94.589,100.000
79.748,6.965,0.000,93.628,100.000
79.786,13.549,0.000,94.277,100.000
78.627,19.281,2.434,93.302,100.000
80.376,24.606,4.212,92.349,100.000
79.608,31.132,9.185,92.173,100.000
81.967,37.669,11.326,92.150,100.000
80.840,41.746,15.902,90.098,100.000
82.580,48.969,19.080,90.192,100.000
81.620,51.788,22.345,87.956,100.000
82.839,55.946,23.985,86.552,100.000
82.687,58.586,25.985,85.253,99.492
84.073,61.173,26.286,84.030,99.064
82.888,63.427,28.880,83.707,97.821
82.472,65.212,30.006,83.841,97.777
81.934,65.845,30.966,84.001,97.572
82.008,66.433,31.295,84.931,98.418
79.435,69.115,35.286,87.454,98.897
78.440,69.468,36.846,89.147,99.264
75.956,72.706,41.520,92.592,100.000
72.507,70.101,43.157,95.199,99.608
71.097,67.178,42.135,97.723,100.000
70.438,62.688,39.228,99.838,100.000
70.272,55.358,33.385,100.000,100.000
70.777,49.026,27.098,100.000,100.000
69.829,42.542,22.123,100.000,100.000
70.641,33.855,14.763,100.000,100.000
71.953,26.267,7.858,100.000,100.000
72.690,19.489,2.837,100.000,100.000
73.308,15.833,0.000,100.000,100.000
71.360,7.633,0.000,100.000,100.000
73.542,5.254,0.000,100.000,100.000
70.697,1.081,0.000,100.000,100.000
72.711,1.087,2.428,99.793,100.000
71.929,6.047,5.009,97.869,100.000
74.191,12.845,10.932,95.697,100.000
74.238,20.398,14.591,92.626,100.000
75.821,28.361,20.055,89.650,100.000
76.207,35.349,23.898,86.538,98.144
75.808,40.835,25.868,83.338,95.233
76.689,47.321,30.200,80.616,93.433
75.006,50.345,30.375,77.818,90.010
73.981,53.110,31.348,75.400,87.531
72.916,54.785,31.791,73.577,85.577
71.362,55.619,31.197,71.926,83.297
69.907,55.616,30.474,71.274,82.059
69.775,56.721,31.634,70.603,81.556
69.303,59.127,33.751,68.893,80.374
69.326,59.593,34.175,68.858,80.326
69.420,58.764,33.314,69.231,80.521
69.492,58.004,32.917,70.914,81.787
70.212,56.374,32.065,71.955,83.074
72.130,55.664,32.978,74.016,85.836
73.160,54.648,33.157,75.868,87.638
74.031,53.502,33.489,77.793,89.705
75.944,51.919,34.852,80.312,92.974
75.786,49.840,34.754,81.866,94.592
76.539,47.072,34.452,83.174,96.687
77.200,45.637,35.329,84.879,98.469
77.578,42.207,34.698,86.392,100.000
76.519,37.339,32.348,88.646,100.000
78.325,33.092,32.163,90.621,100.000
76.514,26.522,27.815,92.852,100.000
76.537,20.502,25.049,95.312,100.000
75.589,15.673,21.102,96.315,100.000
75.658,10.312,18.018,97.627,100.000
75.170,6.270,15.037,98.631,100.000
74.735,2.242,11.794,99.661,100.000
74.765,0.612,9.271,99.452,100.000
75.991,0.573,8.043,99.723,100.000
75.375,2.426,5.203,99.713,100.000
76.556,3.733,5.520,99.370,100.000
78.300,3.677,6.837,97.884,100.000
78.641,9.136,4.591,99.883,100.000
76.730,11.426,1.532,99.475,100.000
76.876,13.466,0.646,99.275,100.000
75.353,16.362,0.000,99.553,100.000
74.295,18.506,0.000,99.704,100.000
73.542,18.622,0.000,98.922,100.000
73.181,20.544,0.000,99.903,100.000
73.095,21.396,0.000,100.000,100.000
73.756,20.422,0.000,100.000,100.000
75.745,18.438,0.000,99.998,100.000
74.917,16.902,0.000,100.000,100.000
75.344,15.091,0.000,100.000,100.000
75.389,11.850,0.763,100.000,100.000
76.301,10.015,3.062,100.000,100.000
75.712,5.661,4.726,100.000,100.000
74.201,2.037,5.572,100.000,100.000
75.394,0.356,9.849,99.994,100.000
74.156,1.351,11.185,99.877,100.000
75.509,6.923,17.185,98.284,100.000
76.272,11.969,21.658,97.565,100.000
76.075,18.984,25.431,95.342,100.000
77.535,26.080,30.594,93.107,100.000
77.943,33.802,34.785,90.658,100.000
78.762,39.165,38.092,88.798,100.000
78.729,45.786,40.594,85.877,100.000
80.562,53.056,44.425,82.315,99.295
79.669,58.384,45.422,79.021,95.779
80.759,64.051,47.831,75.677,93.105
79.953,67.285,47.763,72.349,89.538
80.450,71.087,49.108,69.231,86.974
79.269,72.370,48.634,66.495,83.967
77.258,72.061,46.785,63.769,80.679
75.919,72.783,46.369,61.016,77.851
74.277,72.605,45.458,58.411,75.013
73.107,73.231,45.652,56.167,72.808
71.727,72.409,44.717,54.601,70.982
70.997,71.405,43.975,53.944,70.249
70.221,70.775,43.148,53.690,69.721
70.465,71.408,43.760,53.361,69.531
70.379,70.745,42.911,54.131,69.972
71.465,70.353,42.948,55.301,71.382
72.951,70.018,42.963,57.301,73.659
74.611,68.289,42.215,60.020,76.618
75.371,64.924,39.711,63.137,79.341
77.658,64.078,40.292,65.731,82.497
78.200,60.368,38.449,69.547,85.969
80.601,58.759,39.218,72.602,89.828
79.253,54.012,36.391,75.390,91.723
81.106,52.308,37.231,77.180,94.364
80.996,48.865,36.215,79.614,96.577
81.548,46.121,35.671,80.640,98.256
81.367,41.256,34.483,83.028,100.000
82.299,39.017,33.680,83.761,100.000
82.611,33.018,31.754,85.943,100.000
81.156,27.330,27.585,87.579,100.000
81.977,22.486,25.886,88.823,100.000
81.076,16.659,21.662,89.919,100.000
81.400,11.218,18.858,91.290,100.000
80.979,6.463,15.151,91.754,100.000
81.297,2.320,12.705,92.464,100.000
82.420,1.476,12.120,91.021,100.000
84.869,0.754,12.575,89.627,100.000
86.435,1.117,13.945,87.959,100.000
87.298,1.004,12.323,89.157,100.000
87.199,0.716,11.785,86.620,100.000
88.663,0.784,12.529,85.662,100.000
89.198,0.903,12.797,85.202,100.000
88.453,1.066,11.846,84.972,100.000
88.365,1.259,11.474,85.274,100.000
88.946,1.387,12.151,85.881,100.000
90.208,0.618,14.572,84.155,100.000
89.720,1.048,14.920,84.411,100.000
90.754,2.878,17.652,83.794,100.000
91.937,6.365,20.809,82.857,100.000
92.005,9.341,22.471,82.297,100.000
90.428,12.721,21.991,81.359,100.000
90.405,14.378,23.794,82.430,100.000
88.180,17.000,23.012,81.700,100.000
90.208,23.650,27.418,80.365,100.000
89.463,27.294,28.302,79.674,100.000
89.344,32.768,30.145,78.099,100.000
90.506,37.796,33.206,76.923,100.000
89.806,43.047,34.222,74.714,98.197
90.773,47.823,36.726,73.047,96.933
90.054,52.513,37.652,70.500,94.051
90.693,56.971,39.360,68.078,91.551
89.804,61.429,39.840,65.152,87.756
89.361,63.514,40.305,63.124,85.449
87.371,62.839,38.397,61.540,83.079
86.437,62.094,37.560,60.794,81.892
84.522,59.373,34.954,60.702,80.885
84.144,59.225,34.369,60.439,80.405
82.529,56.914,32.105,60.513,79.805
82.003,54.476,30.655,62.012,81.036
82.322,53.879,29.840,61.648,80.538
82.001,53.187,29.265,62.722,81.359
82.346,51.369,27.665,63.288,81.759
82.644,48.750,26.249,66.388,84.523
83.028,46.867,25.462,67.460,85.818
83.539,43.983,24.071,69.588,87.944
85.146,41.767,23.828,71.475,90.556
86.337,40.784,24.034,72.247,91.946
87.335,37.939,23.775,74.191,94.559
87.876,35.916,23.295,74.650,95.700
88.217,32.189,22.345,76.061,97.695
88.995,29.653,21.378,76.406,98.618
90.773,25.756,21.154,77.479,100.000
89.102,21.250,17.551,78.124,100.000
91.549,18.179,18.077,78.824,100.000
90.849,14.728,15.695,78.735,100.000
93.103,10.226,15.262,79.015,100.000
93.025,5.566,12.615,79.836,100.000
90.914,1.238,7.489,80.224,100.000
90.742,0.790,4.917,80.433,100.000
88.316,6.145,0.945,81.314,100.000
89.410,9.323,0.197,82.001,100.000
89.266,12.207,0.000,82.174,100.000
89.414,15.212,0.000,82.679,100.000
88.314,16.492,0.000,82.759,100.000
87.569,20.163,0.000,84.904,100.000
87.710,18.916,0.000,83.779,100.000
88.113,19.287,0.000,84.027,100.000
88.125,18.919,0.000,83.956,100.000
88.289,18.922,0.000,83.976,100.000
88.037,18.916,0.000,83.894,100.000
87.878,19.451,0.000,84.222,100.000
87.724,19.768,0.000,84.278,100.000
87.525,20.039,0.000,84.296,100.000
87.316,20.285,0.000,84.376,100.000
87.511,20.318,0.000,84.502,100.000
88.041,20.027,0.000,84.477,100.000
88.603,19.097,0.000,84.149,100.000
88.646,19.391,0.000,84.387,100.000
88.753,19.290,0.000,84.301,100.000
88.484,19.373,0.000,84.218,100.000
87.603,19.198,0.000,83.915,100.000
87.554,19.296,0.000,83.982,100.000
88.137,19.620,0.000,84.300,100.000
87.887,19.584,0.000,84.202,100.000
87.616,19.454,0.000,84.067,100.000
88.059,19.620,0.000,84.229,100.000
87.998,19.626,0.000,84.184,100.000
87.702,19.474,0.000,84.030,100.000
87.825,19.528,0.000,84.151,100.000
87.977,19.605,0.000,84.192,100.000
87.803,19.516,0.000,84.079,100.000
87.739,19.480,0.000,84.108,100.000
87.917,19.578,0.000,84.175,100.000
87.940,19.554,0.000,84.085,100.000
87.796,19.483,0.000,84.118,100.000
87.905,19.563,0.000,84.167,100.000
87.819,19.504,0.000,84.085,100.000
87.819,19.516,0.000,84.124,100.000
87.809,19.531,0.000,84.058,100.000
87.809,19.543,0.000,84.093,100.000
87.821,19.504,0.000,84.126,100.000
87.874,19.537,0.000,84.169,100.000
87.823,19.522,0.000,84.085,100.000
87.864,19.480,0.000,84.021,100.000
87.805,19.480,0.000,84.081,100.000
87.848,19.504,0.000,84.087,100.000
87.844,19.507,0.000,84.110,100.000
87.934,19.510,0.000,84.081,100.000
87.850,19.504,0.000,84.060,100.000
87.827,19.507,0.000,84.083,100.000
87.876,19.534,0.000,84.136,100.000
87.864,19.513,0.000,84.087,100.000
87.844,19.531,0.000,84.120,100.000
87.887,19.507,0.000,84.122,100.000
87.792,19.489,0.000,84.042,100.000
87.842,19.522,0.000,84.105,100.000
87.883,19.528,0.000,84.159,100.000
87.829,19.501,0.000,84.075,100.000
87.839,19.495,0.000,84.110,100.000
87.870,19.510,0.000,84.091,100.000
87.798,19.528,0.000,84.142,100.000
87.868,19.504,0.000,84.153,100.000
87.852,19.525,0.000,84.110,100.000
87.813,19.507,0.000,84.095,100.000
87.839,19.498,0.000,84.087,100.000
87.881,19.522,0.000,84.140,100.000
87.815,19.522,0.000,84.114,100.000
87.821,19.492,0.000,84.075,100.000
87.879,19.492,0.000,84.069,100.000
87.844,19.507,0.000,84.099,100.000
87.868,19.495,0.000,84.097,100.000
87.876,19.507,0.000,84.128,100.000
87.885,19.507,0.000,84.079,100.000
87.868,19.498,0.000,84.079,100.000
87.862,19.510,0.000,84.134,100.000
87.879,19.525,0.000,84.077,100.000
87.829,19.486,0.000,84.095,100.000
87.856,19.486,0.000,84.042,100.000
87.839,19.492,0.000,84.079,100.000
87.864,19.495,0.000,84.081,100.000
87.874,19.486,0.000,84.118,100.000
87.885,19.492,0.000,84.066,100.000
87.870,19.507,0.000,84.116,100.000
87.825,19.489,0.000,84.083,100.000
87.815,19.498,0.000,84.124,100.000
87.846,19.501,0.000,84.128,100.000
87.899,19.519,0.000,84.132,100.000
87.860,19.498,0.000,84.103,100.000
87.878,19.489,0.000,84.142,100.000
87.938,19.534,0.000,84.204,100.000
87.784,19.462,0.000,84.044,100.000
87.885,19.501,0.000,84.138,100.000
87.839,19.483,0.000,84.015,100.000
87.821,19.498,0.000,84.077,100.000
87.885,19.513,0.000,84.101,100.000
87.862,19.495,0.000,84.116,100.000
87.823,19.495,0.000,84.081,100.000
87.876,19.516,0.000,84.142,100.000
87.827,19.537,0.000,84.091,100.000
87.829,19.492,0.000,84.083,100.000
87.899,19.501,0.000,84.112,100.000
87.827,19.477,0.000,84.034,100.000
79.234,0.000,4.268,98.586,100.000
79.185,0.000,4.274,98.618,100.000
79.187,0.000,4.271,98.639,100.000
79.234,0.000,4.252,98.606,100.000
79.195,0.000,4.271,98.707,100.000
79.191,0.000,4.271,98.635,100.000
79.282,0.000,4.268,98.625,100.000
79.224,0.000,4.271,98.662,100.000
79.202,0.000,4.271,98.614,100.000
79.206,0.000,4.262,98.713,100.000
79.195,0.000,4.265,98.703,100.000
79.224,0.000,4.268,98.688,100.000
79.208,0.000,4.268,98.668,100.000
79.187,0.000,4.271,98.670,100.000
79.202,0.000,4.258,98.592,100.000
79.220,0.000,4.271,98.664,100.000
79.199,0.000,4.271,98.625,100.000
79.191,0.000,4.268,98.664,100.000
79.202,0.000,4.274,98.588,100.000
79.230,0.000,4.271,98.582,100.000
79.187,0.000,4.268,98.577,100.000
79.208,0.000,4.265,98.584,100.000
79.204,0.000,4.262,98.551,100.000
79.240,0.000,4.258,98.586,100.000
79.224,0.000,4.268,98.579,100.000
79.247,0.000,4.268,98.563,100.000
79.279,0.000,4.274,98.606,100.000
79.224,0.000,4.255,98.653,100.000
79.243,0.000,4.265,98.713,100.000
79.421,0.000,4.523,98.506,100.000
79.655,0.000,4.778,98.491,100.000
79.630,0.000,4.754,98.467,100.000
79.624,0.000,4.834,98.220,100.000
79.552,0.000,4.695,98.288,100.000
79.238,0.000,4.302,98.561,100.000
79.298,0.000,4.415,98.440,100.000
79.284,0.000,4.345,98.553,100.000
79.292,0.000,4.397,98.495,100.000
79.193,0.000,4.302,98.567,100.000
79.310,0.000,4.415,98.465,100.000
79.187,0.000,4.280,98.528,100.000
79.261,0.000,4.295,98.600,100.000
79.187,0.000,4.249,98.596,100.000
79.132,0.000,4.203,98.483,100.000
79.212,0.000,4.286,98.538,100.000
79.265,0.000,4.302,98.497,100.000
79.267,0.000,4.314,98.495,100.000
79.243,0.000,4.283,98.549,100.000
79.210,0.000,4.292,98.495,100.000
79.271,0.000,4.286,98.590,100.000
79.162,0.000,4.163,98.553,100.000
78.990,0.000,3.994,98.530,100.000
79.119,0.000,4.028,98.510,100.000
79.101,0.000,4.148,98.432,100.000
79.165,0.000,4.145,98.440,100.000
79.253,0.000,4.323,98.111,100.000
79.392,0.000,4.403,98.900,100.000
79.696,0.000,4.591,99.052,100.000
79.429,0.000,4.489,98.787,100.000
79.191,0.000,4.283,98.616,100.000
79.388,0.000,4.649,98.477,100.000
79.308,0.000,4.634,98.241,100.000
79.257,0.000,4.532,98.210,100.000
79.526,0.030,5.175,97.715,100.000
79.947,0.095,5.708,97.660,100.000
80.228,0.312,6.582,97.196,100.000
80.521,0.558,7.240,96.980,100.000
80.493,0.805,7.818,96.619,100.000
80.314,0.826,7.723,96.859,100.000
79.932,0.748,7.563,96.966,100.000
79.690,0.731,7.578,97.042,100.000
80.877,2.388,11.086,95.927,100.000
82.022,4.690,15.418,95.055,100.000
82.864,8.037,21.003,93.579,100.000
84.354,10.490,25.665,92.842,100.000
83.389,11.684,27.228,92.647,100.000
83.796,13.828,30.452,91.834,100.000
83.048,14.113,32.108,92.392,100.000
83.449,15.970,35.120,91.740,100.000
82.993,17.244,37.477,91.695,100.000
83.428,19.397,41.674,91.329,100.000
82.028,20.134,42.997,91.270,100.000
81.613,20.778,45.775,91.732,100.000
80.554,20.588,47.726,92.668,100.000
79.351,20.606,48.849,93.053,100.000
77.758,20.312,48.874,93.086,99.228
76.689,19.142,49.671,94.187,99.333
75.496,18.978,50.188,94.435,98.623
74.472,17.467,49.674,95.453,98.590
73.751,16.697,47.920,95.566,97.862
72.795,14.458,45.732,97.003,98.344
73.836,15.652,47.412,96.365,98.492
74.874,18.423,49.588,94.618,97.926
76.826,22.052,52.994,92.423,97.574
77.393,22.931,53.422,91.955,97.905
79.097,24.841,55.378,91.009,98.762
79.903,25.355,54.588,90.609,98.987
81.211,25.640,53.969,90.543,99.887
81.771,23.938,50.662,90.962,100.000
82.913,23.567,48.680,90.334,100.000
82.868,22.073,44.603,90.305,100.000
84.522,21.443,43.243,90.137,100.000
84.309,19.350,38.332,90.054,100.000
85.828,18.999,36.412,89.223,100.000
86.536,18.295,33.483,88.371,100.000
87.513,16.451,30.055,88.353,100.000
88.151,14.289,26.080,88.209,100.000
87.181,11.711,20.126,88.215,100.000
87.341,8.301,15.760,89.192,100.000
84.832,5.183,8.714,89.855,100.000
83.939,1.601,3.628,91.781,100.000
82.999,0.000,0.000,94.254,100.000
82.960,0.050,0.000,94.601,100.000
82.802,0.252,0.000,94.825,100.000
82.541,0.098,0.000,94.626,100.000
82.568,0.062,0.000,94.841,100.000
81.979,0.000,0.000,94.215,100.000
81.897,0.618,2.049,93.156,100.000
81.950,1.402,4.751,93.232,100.000
81.648,1.351,6.785,94.936,100.000
81.109,1.723,9.443,95.591,100.000
79.758,1.613,11.320,97.372,100.000
79.704,3.124,15.622,97.155,100.000
79.333,4.978,20.594,97.089,100.000
78.955,7.351,25.338,96.558,100.000
78.853,9.929,31.745,96.102,100.000
78.945,13.386,38.022,95.088,100.000
78.528,15.839,43.092,94.068,100.000
76.648,15.459,43.975,94.646,99.364
75.550,15.150,45.877,94.942,98.613
73.441,13.413,44.243,95.047,96.887
72.031,11.571,43.775,96.440,96.741
70.313,9.932,41.883,97.009,95.715
69.100,7.416,38.228,98.183,95.279
67.770,5.269,35.015,99.436,95.226
68.277,4.901,35.098,99.899,95.990
68.113,5.111,35.046,99.928,96.123
68.642,5.245,35.212,99.975,97.123
68.858,5.132,33.560,100.000,97.274
68.203,2.896,29.098,100.000,98.446
68.478,1.764,26.652,100.000,99.554
67.792,0.573,22.058,100.000,99.882
67.367,0.000,17.923,100.000,100.000
67.232,0.030,14.689,100.000,100.000
67.209,0.232,11.889,100.000,100.000
67.271,0.876,9.305,100.000,100.000
67.061,1.571,6.283,100.000,100.000
67.240,1.850,3.818,100.000,100.000
68.234,1.844,3.151,100.000,100.000
68.289,2.655,0.763,100.000,100.000
69.096,2.750,0.000,100.000,100.000
69.359,2.551,0.000,100.000,100.000
69.424,4.609,0.000,100.000,100.000
69.638,4.627,0.000,100.000,100.000
69.882,4.648,0.000,100.000,100.000
70.200,4.838,0.000,100.000,100.000
70.270,4.526,0.000,100.000,100.000
70.993,4.262,0.000,100.000,100.000
70.422,6.448,2.505,100.000,100.000
71.101,6.267,2.874,100.000,100.000
71.873,5.860,3.040,100.000,100.000
72.540,6.460,3.711,100.000,100.000
72.949,6.264,3.745,100.000,100.000
72.918,6.947,4.711,100.000,100.000
73.881,5.512,3.182,100.000,100.000
73.948,5.714,3.166,100.000,100.000
73.183,5.364,2.615,100.000,100.000
74.295,2.997,0.000,100.000,100.000
74.577,1.238,0.000,100.000,100.000
75.016,0.258,0.000,99.945,100.000
74.012,0.000,0.000,99.930,100.000
75.853,0.030,1.735,100.000,100.000
74.603,0.422,3.532,100.000,100.000
74.593,0.722,7.092,100.000,100.000
75.418,3.585,13.957,100.000,100.000
74.681,4.722,18.455,100.000,100.000
74.919,8.046,25.068,100.000,100.000
73.620,8.984,29.169,100.000,100.000
72.561,9.765,32.295,100.000,100.000
71.276,10.027,34.582,100.000,100.000
70.387,10.163,37.052,100.000,100.000
69.422,10.713,38.791,100.000,100.000
68.734,11.500,39.991,100.000,99.456
68.866,12.560,43.538,100.000,99.233
68.769,13.819,45.486,100.000,98.692
68.135,12.673,43.877,100.000,98.374
67.441,11.176,41.895,100.000,98.400
67.883,11.737,42.812,100.000,98.805
69.125,12.940,43.868,100.000,99.313
69.841,14.434,44.425,99.953,99.133
71.502,15.892,45.422,99.255,99.949
72.856,14.945,43.865,99.885,100.000
73.273,13.840,40.317,99.930,100.000
74.285,13.020,36.880,99.982,100.000
75.747,12.192,33.818,99.674,100.000
76.440,10.701,28.908,99.238,100.000
77.208,8.375,23.563,99.396,100.000
77.658,6.567,18.529,98.912,100.000
77.348,3.267,11.578,99.955,100.000
77.748,2.183,7.538,99.183,100.000
78.239,1.734,4.763,98.107,100.000
78.343,1.081,2.062,97.366,100.000
78.150,0.692,0.000,96.656,100.000
79.795,0.226,0.000,96.718,100.000
79.914,0.137,0.000,96.572,100.000
82.428,0.814,0.000,95.032,100.000
83.560,1.972,0.000,93.994,100.000
84.947,3.745,1.437,92.161,100.000
84.779,4.033,2.052,92.267,100.000
84.500,4.666,2.517,91.834,100.000
84.666,5.518,4.508,91.927,100.000
84.194,6.513,5.991,91.537,100.000
84.922,9.207,9.954,90.568,100.000
84.188,12.213,13.797,89.367,100.000
85.477,14.550,19.455,89.465,100.000
85.272,16.861,24.062,89.818,100.000
86.181,19.177,30.557,90.473,100.000
83.980,21.078,33.738,90.719,100.000
83.613,22.284,39.317,92.146,100.000
81.182,23.003,42.258,93.187,100.000
79.314,22.964,45.302,94.924,100.000
76.878,22.343,47.200,96.588,100.000
75.201,22.034,49.711,97.707,100.000
72.663,20.520,50.126,99.552,100.000
71.598,21.598,53.400,99.089,100.000
70.167,21.616,54.662,99.123,99.144
69.231,21.669,55.871,99.130,98.190
68.045,20.867,55.705,99.222,97.369
65.600,16.237,50.018,100.000,97.462
65.655,15.263,48.788,100.000,97.474
64.159,11.642,44.037,100.000,97.969
64.886,12.385,44.018,100.000,98.010
64.095,9.468,39.594,100.000,98.638
63.215,6.754,34.052,100.000,99.203
63.172,5.120,30.689,100.000,100.000
63.531,3.745,27.723,100.000,100.000
63.449,2.545,23.412,100.000,100.000
63.190,1.176,18.800,100.000,100.000
63.258,0.448,15.034,100.000,100.000
63.592,0.000,11.858,100.000,100.000
63.687,0.000,8.028,100.000,100.000
63.876,0.119,4.560,100.000,100.000
63.266,0.823,0.566,100.000,100.000
62.445,3.641,0.000,100.000,100.000
60.996,5.423,0.000,100.000,100.000
60.671,7.731,1.385,100.000,100.000
60.415,7.475,2.797,100.000,99.874
59.768,9.002,6.111,100.000,99.259
59.043,8.283,7.354,100.000,96.890
58.670,9.385,9.662,100.000,96.474
58.462,9.709,10.748,100.000,96.356
58.832,10.600,11.640,100.000,96.915
58.621,10.846,11.757,100.000,96.831
58.797,9.605,10.582,100.000,96.364
58.452,9.109,10.034,100.000,96.110
59.070,8.212,7.846,100.000,96.736
59.323,7.853,5.917,100.000,97.503
59.651,7.271,4.437,100.000,98.333
60.704,7.226,1.505,100.000,100.000
59.676,7.413,1.711,100.000,100.000
60.458,6.020,0.000,100.000,100.000
60.097,5.593,0.000,100.000,100.000
61.045,3.876,0.000,100.000,100.000
61.248,1.729,0.000,100.000,100.000
62.753,0.561,5.560,100.000,100.000
62.759,0.000,10.843,100.000,100.000
63.496,0.754,17.228,100.000,100.000
63.492,1.984,21.545,100.000,100.000
63.541,3.148,25.640,100.000,100.000
63.260,3.558,28.145,100.000,100.000
62.256,4.119,28.908,100.000,99.013
61.780,4.544,30.477,100.000,98.033
61.273,4.122,30.877,100.000,97.444
60.394,3.326,29.726,100.000,96.897
59.208,1.485,25.938,100.000,96.659
58.852,1.191,24.840,100.000,96.287
59.657,1.821,26.588,100.000,96.823
59.156,1.013,23.969,100.000,97.444
59.715,1.066,22.997,100.000,97.503
59.610,0.336,19.966,100.000,98.451
59.571,0.000,16.117,100.000,99.497
59.294,0.000,12.480,100.000,99.618
58.489,1.420,6.735,100.000,99.933
57.518,2.753,1.357,100.000,99.138
57.619,4.173,0.000,100.000,99.844
56.785,6.109,0.000,100.000,99.479
56.751,6.537,0.000,100.000,98.933
56.048,8.565,0.000,100.000,99.013
56.108,8.937,1.422,100.000,98.610
55.946,9.373,4.052,100.000,97.890
56.016,10.722,6.898,100.000,98.197
56.282,9.620,6.766,100.000,97.400
56.652,9.789,7.428,100.000,97.521
56.711,8.797,7.480,100.000,96.482
56.900,7.565,7.394,100.000,95.515
58.155,6.956,5.702,100.000,96.597
59.113,5.492,4.298,100.000,96.985
60.177,4.975,3.455,100.000,97.759
61.121,4.122,1.837,100.000,98.482
61.964,2.703,0.265,100.000,98.369
62.307,2.207,0.000,100.000,98.597
63.479,0.823,0.000,100.000,99.087
64.491,0.000,0.000,100.000,99.446
66.893,0.606,0.000,100.000,100.000
68.925,2.370,4.652,100.000,100.000
69.315,4.042,8.935,100.000,100.000
70.980,7.478,16.458,100.000,100.000
70.446,9.231,21.022,100.000,100.000
70.756,11.687,27.126,100.000,100.000
69.590,13.802,31.268,100.000,100.000
70.048,15.468,38.323,100.000,100.000
67.505,16.694,40.714,100.000,100.000
66.986,17.802,46.040,100.000,100.000
65.372,18.399,48.831,100.000,100.000
63.958,18.972,51.505,100.000,99.641
63.377,20.743,55.618,100.000,98.090
62.190,21.636,58.009,100.000,96.608
61.496,22.920,60.831,100.000,95.092
60.622,24.057,61.505,100.000,93.036
60.817,24.574,64.077,100.000,93.413
59.630,22.489,60.754,100.000,92.985
59.589,21.530,60.265,100.000,93.372
60.230,23.258,61.797,100.000,93.369
61.084,23.876,62.194,100.000,93.905
61.960,24.716,62.578,100.000,94.756
64.407,26.962,65.529,100.000,96.462
65.885,28.078,65.332,100.000,97.336
67.957,29.762,65.185,99.670,98.382
71.372,32.254,67.028,98.231,100.000
73.694,33.929,64.754,96.046,100.000
77.313,35.812,63.738,93.739,100.000
79.811,36.255,60.018,91.699,100.000
82.644,35.242,55.609,90.369,100.000
84.471,34.315,50.397,88.363,100.000
86.160,30.146,43.775,88.882,100.000
85.649,26.198,34.966,88.435,100.000
87.419,23.300,29.938,88.217,100.000
86.376,22.554,24.209,85.779,98.408
86.626,17.407,17.957,88.020,100.000
85.996,13.514,12.108,89.067,100.000
86.119,9.231,7.317,90.995,100.000
85.111,5.343,2.858,92.807,100.000
83.570,2.646,0.046,94.792,100.000
84.362,3.300,0.225,93.716,100.000
84.356,3.879,1.046,93.515,100.000
83.601,3.917,1.092,93.571,100.000
85.013,8.411,6.529,91.241,100.000
85.122,10.936,10.822,90.481,100.000
85.148,14.547,15.757,88.695,99.982
85.973,18.842,22.831,88.076,100.000
87.729,23.754,32.422,87.195,100.000
87.634,28.019,40.834,87.380,100.000
84.920,31.224,46.234,87.589,100.000
85.725,36.246,56.858,87.412,100.000
81.396,36.971,60.197,88.993,99.808
80.903,40.541,68.815,89.235,99.495
78.206,42.299,73.280,89.346,97.985
76.746,45.067,78.649,88.312,96.151
74.790,45.340,81.643,88.677,95.297
74.102,47.422,84.926,87.642,93.977
73.076,47.793,85.563,87.008,92.864
72.374,46.026,83.705,87.846,92.954
73.696,47.505,85.800,87.597,93.595
75.470,51.280,87.566,85.386,92.962
77.122,51.895,87.717,85.072,93.936
79.124,54.247,86.492,83.332,93.449
82.307,56.210,86.095,81.932,94.146
85.974,58.260,84.243,79.553,94.015
89.202,59.504,80.397,76.943,93.187
93.183,60.555,76.200,73.745,91.905
96.527,59.581,70.517,70.941,90.587
99.670,57.357,64.732,69.061,89.690
100.000,53.306,56.874,67.599,88.649
100.000,49.626,49.880,65.820,86.818
100.000,44.595,41.483,65.233,85.690
100.000,38.465,36.409,66.439,88.369
100.000,30.413,26.769,67.776,89.492
100.000,27.722,23.209,68.074,89.705
100.000,20.187,12.843,69.972,89.792
100.000,17.624,10.215,70.707,90.567
99.998,11.512,3.357,72.795,91.528
100.000,10.386,2.098,73.209,91.785
99.612,8.527,0.274,73.852,91.538
98.462,7.336,0.000,74.961,92.426
98.385,6.195,0.000,75.966,93.959
98.387,5.780,0.105,76.941,94.828
98.130,6.819,1.665,77.120,95.038
97.141,6.757,2.902,78.091,96.026
96.964,7.211,5.182,79.292,97.279
95.556,6.261,7.206,81.498,99.838
95.145,10.983,13.200,80.577,98.572
95.769,16.956,21.443,79.294,97.664
92.973,19.546,25.634,80.189,97.397
95.129,25.132,36.000,79.903,98.413
92.897,27.211,41.474,81.342,98.836
91.151,30.523,48.058,81.952,98.397
90.239,33.612,54.858,82.504,98.303
87.103,33.980,57.735,83.424,97.377
85.815,34.826,62.468,84.243,97.241
82.038,31.717,61.175,86.162,96.351
80.521,30.321,62.422,87.178,96.051
78.577,28.999,61.982,87.437,94.923
77.715,29.112,63.148,87.390,94.256
78.231,30.653,65.492,86.470,93.746
78.832,33.315,68.243,85.070,93.072
79.887,34.975,69.865,84.290,93.133
80.404,34.764,68.342,84.374,93.549
81.560,34.657,66.662,84.752,94.564
83.557,35.010,65.745,84.520,95.792
85.368,35.138,62.415,83.623,96.146
87.373,32.905,58.169,84.027,98.031
88.796,30.915,51.932,83.256,98.100
91.159,28.352,46.169,82.502,98.862
92.101,24.039,37.905,82.326,99.041
93.497,19.703,30.692,82.073,99.562
92.731,14.366,20.902,81.913,98.785
92.140,8.934,12.062,82.972,99.164
93.246,3.178,5.603,84.961,100.000
89.898,0.487,0.000,87.456,100.000
87.174,3.757,0.000,89.601,100.000
84.980,7.879,5.569,90.972,100.000
83.258,12.213,11.305,93.006,100.000
81.952,14.479,15.068,93.794,100.000
81.757,13.953,15.015,93.271,100.000
81.429,14.387,15.557,93.458,100.000
82.205,13.909,14.157,93.528,100.000
83.067,11.972,11.326,92.452,100.000
84.179,9.159,7.154,91.266,100.000
85.085,7.761,4.117,90.980,100.000
85.173,6.489,1.529,91.231,100.000
85.859,5.949,0.000,91.752,100.000
85.579,5.013,0.000,92.210,100.000
86.518,1.066,0.000,89.929,100.000
86.669,0.187,2.283,89.157,100.000
86.308,1.182,7.172,88.689,100.000
86.918,2.228,12.982,90.165,100.000
87.107,5.750,19.871,89.008,100.000
86.653,8.462,25.868,88.907,100.000
86.183,11.313,32.212,88.408,100.000
85.074,12.712,37.175,88.782,99.810
83.373,13.813,39.862,88.266,97.813
82.307,13.505,42.806,88.897,97.210
80.530,13.683,43.492,87.803,94.474
80.252,13.427,46.689,88.045,94.151
78.645,13.582,46.840,86.651,91.623
78.407,14.128,49.003,85.524,90.351
77.635,14.660,49.563,84.184,88.705
78.007,16.201,51.815,82.804,87.864
78.146,16.080,51.785,82.921,87.982
79.060,17.550,53.483,82.640,88.146
79.885,18.851,54.308,82.708,89.008
81.587,21.084,56.089,82.357,89.877
83.161,23.086,56.597,81.638,90.721
84.426,22.920,55.240,82.591,92.544
86.031,24.122,53.348,81.646,93.041
88.264,23.368,51.446,82.529,95.474
88.521,21.565,45.283,82.490,95.892
90.613,18.960,41.231,83.325,98.223
89.373,12.700,30.705,85.146,99.528
89.326,7.865,22.329,86.298,100.000
88.238,2.429,12.874,88.285,100.000
85.715,0.071,3.618,88.513,100.000
83.360,5.435,0.000,93.080,100.000
81.462,10.743,1.517,95.205,100.000
79.672,17.092,9.658,98.132,100.000
77.654,19.955,15.917,98.405,100.000
75.858,22.219,21.283,99.341,100.000
75.568,22.723,22.926,99.089,100.000
76.104,21.957,21.895,98.738,100.000
75.605,22.640,23.455,99.006,100.000
75.929,22.251,22.597,98.828,100.000
77.257,20.160,18.942,97.841,100.000
78.541,17.957,15.012,96.925,100.000
80.571,14.764,9.326,95.484,100.000
82.800,11.500,3.080,94.850,100.000
85.588,4.220,0.000,90.941,100.000
88.312,0.457,2.957,87.761,100.000
88.420,3.407,10.966,85.896,99.908
92.386,9.540,23.492,84.481,100.000
90.352,12.875,28.542,84.110,99.392
90.855,17.146,36.858,83.535,99.103
89.319,18.940,41.335,83.935,98.192
88.043,20.909,45.298,83.416,96.654
86.905,22.245,49.834,83.475,95.669
85.914,24.921,54.148,81.923,93.385
85.372,27.000,59.200,81.273,92.374
84.695,30.229,62.963,78.647,89.472
84.450,31.452,66.366,77.604,88.215
82.599,30.389,65.345,77.042,86.710
82.032,29.100,65.142,77.358,86.415
80.431,25.937,62.258,78.524,86.636
80.164,24.734,61.332,79.358,87.041
80.111,23.944,60.428,80.129,87.508
78.391,17.152,52.782,84.356,89.818
77.288,11.411,45.665,88.539,92.031
74.687,4.802,35.483,93.402,94.249
72.280,0.068,24.185,99.156,96.905
68.899,2.661,12.822,100.000,96.897
68.377,5.661,8.108,100.000,98.538
66.271,8.274,1.588,100.000,98.349
66.111,10.327,0.000,100.000,100.000
65.493,10.980,0.000,100.000,100.000
65.358,12.076,0.000,100.000,100.000
65.265,12.278,0.000,100.000,100.000
65.487,13.101,0.000,100.000,100.000
64.900,14.066,2.111,100.000,100.000
65.372,13.959,3.449,100.000,100.000
64.808,15.818,8.126,100.000,100.000
64.705,15.349,10.169,100.000,100.000
64.890,15.105,11.683,100.000,100.000
64.699,14.957,13.517,100.000,99.685
63.818,17.377,18.625,100.000,99.877
64.214,18.494,19.791,100.000,100.000
62.853,19.454,24.040,100.000,98.900
62.588,20.380,26.240,100.000,98.679
63.124,20.760,26.351,100.000,99.049
63.828,18.343,24.031,100.000,98.479
66.378,15.325,18.625,100.000,99.967
68.757,12.272,14.317,100.000,100.000
69.693,11.325,12.489,100.000,100.000
71.662,8.571,8.049,100.000,100.000
73.788,6.489,3.837,100.000,100.000
75.817,2.127,0.000,100.000,100.000
77.157,0.000,0.000,98.462,100.000
77.216,1.467,1.188,96.707,100.000
77.120,2.112,5.160,98.830,100.000
77.058,3.264,10.483,99.680,100.000
75.741,4.407,14.929,100.000,100.000
75.106,7.170,21.480,99.914,100.000
74.351,8.355,26.778,100.000,100.000
72.590,9.950,31.886,100.000,100.000
71.904,11.527,37.218,100.000,100.000
70.262,12.652,41.062,100.000,100.000
69.007,12.228,42.542,100.000,100.000
66.004,9.700,39.606,100.000,98.118
64.491,7.274,38.378,100.000,97.044
60.716,3.763,30.920,100.000,94.123
59.821,1.304,28.492,100.000,93.821
57.040,0.000,21.483,100.000,91.262
56.514,0.000,19.760,100.000,90.879
54.936,0.466,15.705,100.000,89.874
55.611,0.529,16.720,100.000,90.946
55.897,0.140,17.462,100.000,91.072
56.198,0.294,17.185,100.000,92.195
56.740,0.000,17.618,100.000,92.787
57.005,0.151,16.425,100.000,94.513
57.760,0.074,16.062,100.000,95.692
57.787,0.291,12.775,100.000,96.577
58.237,0.939,10.317,100.000,98.249
57.921,2.611,4.222,100.000,99.003
57.023,4.307,0.000,100.000,98.728
56.829,7.045,0.000,100.000,99.449
55.868,7.915,0.000,100.000,97.921
56.024,9.985,2.077,100.000,98.392
55.525,10.146,4.966,100.000,97.731
56.943,9.875,5.086,100.000,98.669
58.155,7.392,3.446,100.000,98.364
60.136,5.486,1.366,100.000,99.087
62.406,1.265,0.000,100.000,98.359
65.565,0.030,0.000,100.000,100.000
67.392,0.600,0.000,100.000,100.000
70.290,1.435,0.000,100.000,100.000
71.885,3.858,0.997,100.000,100.000
74.074,6.074,3.222,100.000,100.000
75.004,8.482,5.095,99.864,100.000
75.071,6.822,3.486,100.000,100.000
75.457,8.530,4.745,99.928,100.000
75.695,8.966,5.908,99.815,100.000
75.660,9.831,7.723,99.883,100.000
76.139,12.881,12.477,98.370,100.000
74.624,14.678,15.618,98.247,100.000
75.960,15.741,22.320,99.945,100.000
74.191,17.576,26.815,99.965,100.000
75.036,21.634,36.486,99.879,100.000
72.665,22.703,41.775,100.000,100.000
72.074,25.747,49.529,100.000,100.000
69.890,27.232,55.582,100.000,100.000
67.969,29.391,61.874,100.000,100.000
66.296,31.500,67.668,100.000,99.003
65.144,34.084,73.578,100.000,97.128
63.130,36.715,77.391,98.226,93.933
62.096,39.127,83.182,96.580,92.249
60.252,40.829,84.052,94.082,89.238
60.236,42.236,87.483,92.789,88.713
59.148,42.168,85.735,92.082,87.451
59.212,40.080,85.314,93.585,88.492
61.039,44.497,89.022,91.773,88.623
62.769,46.947,91.074,90.876,89.236
65.475,50.241,93.428,90.155,90.597
68.591,53.124,94.551,89.280,92.069
72.776,57.063,95.489,87.447,93.297
76.796,59.697,93.462,85.308,94.085
81.484,61.571,90.185,82.742,94.623
85.380,61.880,83.778,79.745,94.044
90.968,62.412,78.548,76.266,93.490
92.327,58.049,67.314,74.082,91.949
97.510,57.559,61.631,70.627,90.395
97.615,50.318,50.255,70.143,89.767
97.921,46.751,41.538,68.644,87.541
99.852,42.949,35.855,68.334,88.238
99.587,36.308,28.329,69.859,89.549
99.842,32.067,22.342,70.845,89.813
98.148,26.555,15.302,72.659,90.146
97.623,22.153,10.683,74.431,91.541
97.387,21.527,9.785,74.745,91.369
96.709,18.488,7.911,76.785,93.041
94.901,13.522,4.440,79.793,94.956
92.503,9.985,2.385,82.318,96.338
91.670,7.781,2.292,84.504,98.541
91.495,7.862,4.526,85.286,99.772
90.139,7.707,7.335,87.082,100.000
87.702,10.050,11.188,87.388,100.000
86.825,13.023,17.292,87.517,100.000
87.033,15.094,25.655,89.757,100.000
83.668,16.700,30.726,91.493,100.000
82.332,18.663,38.858,93.850,100.000
79.201,20.451,43.443,94.172,100.000
78.031,22.358,50.532,94.622,100.000
75.311,22.961,53.615,95.102,99.510
74.041,23.704,57.188,94.474,97.833
71.773,22.141,57.240,95.043,96.392
69.970,20.737,55.643,94.478,94.559
69.147,19.136,55.677,95.502,94.608
66.897,15.495,50.105,97.455,94.197
68.186,16.270,52.126,97.288,94.997
68.585,17.666,51.271,95.975,94.444
69.820,16.519,50.985,98.060,97.085
70.763,16.724,48.172,98.042,97.826
73.068,16.142,46.412,98.842,100.000
74.209,14.693,40.711,98.606,100.000
76.736,13.442,36.206,97.880,100.000
76.927,9.400,26.274,98.719,100.000
78.337,6.552,18.840,97.771,100.000
78.731,2.709,9.609,98.099,100.000
78.785,0.642,2.852,97.358,100.000
76.835,0.502,0.000,98.454,100.000
77.101,2.658,0.000,99.602,100.000
75.176,7.674,5.271,100.000,100.000
72.959,9.881,10.354,100.000,100.000
71.261,12.718,15.689,100.000,100.000
70.019,14.134,18.708,100.000,98.969
68.718,15.420,21.637,100.000,97.449
67.224,17.630,24.957,100.000,96.921
66.554,18.043,26.028,100.000,96.079
66.398,18.319,26.388,100.000,96.041
66.292,19.180,27.545,100.000,96.018
66.191,18.503,26.335,100.000,96.233
66.852,18.946,26.142,100.000,97.197
67.419,19.382,26.022,100.000,98.474
68.773,18.108,22.806,100.000,99.459
69.209,17.897,21.169,100.000,100.000
71.551,15.536,15.538,100.000,100.000
71.362,16.187,14.218,100.000,100.000
73.331,12.744,6.791,100.000,100.000
73.546,7.963,0.978,99.998,100.000
75.104,6.451,0.000,100.000,100.000
75.472,5.296,0.000,100.000,100.000
75.047,3.644,1.175,100.000,100.000
75.086,1.922,5.465,100.000,100.000
74.731,1.230,9.231,100.000,100.000
74.445,0.639,12.868,100.000,100.000
74.092,0.000,16.028,99.969,100.000
74.995,0.000,20.849,98.803,99.808
74.398,0.184,22.329,97.797,98.146
75.166,0.921,25.966,96.974,97.921
75.225,0.799,26.043,97.278,97.928
74.975,0.644,25.520,97.479,98.164
76.157,1.773,26.720,96.519,98.662
76.504,1.494,24.462,96.829,99.626
77.689,1.173,22.560,97.042,100.000
78.450,0.891,19.068,97.030,100.000
79.871,0.383,15.726,96.798,100.000
80.464,0.000,9.311,96.287,100.000
81.661,0.068,5.182,95.151,100.000
81.168,1.051,0.000,93.846,100.000
80.105,5.786,0.000,96.488,100.000
80.464,9.329,2.160,97.496,100.000
78.031,13.600,10.591,98.150,100.000
75.683,17.306,18.852,98.939,100.000
75.543,17.532,20.225,98.664,100.000
74.260,18.845,24.015,98.906,99.433
74.831,16.590,22.234,97.672,98.400
76.067,14.030,19.637,96.170,97.810
79.109,8.669,13.062,94.144,97.790
80.447,6.736,10.649,93.162,97.903
80.357,5.762,9.566,92.719,97.687
83.155,3.365,5.055,92.276,98.997
84.471,0.775,0.649,90.972,99.569
86.554,0.324,0.000,89.537,100.000
88.636,2.138,0.000,88.776,100.000
87.677,2.718,1.575,89.894,100.000
88.529,8.753,9.572,87.579,100.000
87.447,13.154,16.351,86.741,100.000
87.852,15.958,25.695,88.948,100.000
86.054,20.561,33.994,89.012,100.000
83.988,23.496,43.077,91.298,100.000
80.478,25.952,48.698,91.898,100.000
78.056,26.216,55.148,93.663,100.000
73.261,23.796,55.163,96.352,99.221
70.377,22.738,56.963,96.728,97.062
68.178,22.320,58.329,95.519,94.508
65.902,21.316,58.578,95.336,92.700
64.461,21.580,58.788,93.288,90.338
63.701,21.016,58.677,92.128,89.190
61.899,17.823,54.043,93.495,88.721
61.359,15.768,51.729,94.963,89.115
61.384,13.644,48.862,97.143,90.328
59.298,8.292,40.105,100.000,91.023
59.052,5.007,35.197,100.000,93.113
57.997,2.750,28.375,100.000,93.400
57.685,0.232,22.514,100.000,95.649
56.654,0.000,15.800,100.000,95.962
57.255,0.217,12.969,100.000,97.633
57.136,1.209,7.369,100.000,98.431
57.214,1.850,3.415,100.000,98.882
57.861,3.472,0.000,100.000,100.000
57.108,4.473,0.000,100.000,99.446
57.918,6.074,0.000,100.000,100.000
56.305,8.788,3.603,100.000,98.782
56.551,9.323,5.434,100.000,98.062
55.849,9.501,8.929,100.000,95.751
55.410,9.379,11.080,100.000,94.185
55.387,12.043,14.212,100.000,94.867
54.780,12.127,16.348,100.000,93.651
55.398,13.297,17.132,100.000,94.723
55.591,11.942,16.126,100.000,93.813
56.120,9.739,14.012,100.000,93.133
58.165,7.419,9.372,100.000,94.764
58.731,6.112,8.154,100.000,94.895
59.082,5.643,7.068,100.000,95.315
59.932,4.901,5.062,100.000,97.000
61.893,2.412,0.745,100.000,98.569
62.344,0.380,0.000,100.000,98.841
63.110,0.000,0.000,100.000,99.031
62.262,0.000,0.000,100.000,100.000
62.935,0.125,1.431,100.000,100.000
61.548,0.541,4.483,100.000,100.000
62.346,3.020,14.852,100.000,100.000
61.521,5.999,22.880,100.000,100.000
61.858,9.540,34.483,100.000,100.000
60.994,14.161,43.695,100.000,99.354
60.854,18.361,53.643,100.000,97.426
59.550,21.345,59.265,100.000,94.326
57.695,22.492,61.246,100.000,91.018
55.946,21.815,61.852,99.243,88.918
52.347,18.304,54.969,98.124,85.059
50.393,14.758,50.083,97.245,83.074
47.893,11.435,43.280,97.379,80.890
47.033,9.626,40.249,97.867,80.377
47.160,9.269,40.114,98.091,80.495
48.347,12.275,44.708,96.843,81.144
50.219,14.779,49.471,97.613,83.072
52.867,18.251,55.880,98.382,85.664
55.149,21.904,60.203,98.908,87.654
58.446,24.247,64.702,99.984,91.328
60.918,25.985,64.025,99.752,93.567
65.154,27.051,65.191,100.000,97.238
66.885,24.419,56.809,100.000,99.741
70.278,22.706,51.671,100.000,100.000
72.397,20.300,42.748,100.000,100.000
75.496,18.168,34.338,99.674,100.000
78.902,16.932,27.683,97.319,100.000
80.852,16.204,20.985,93.928,100.000
81.410,15.857,15.188,91.463,99.797
84.654,14.871,12.748,90.900,100.000
84.481,11.942,7.717,91.736,100.000
85.748,11.996,6.289,91.019,100.000
84.611,11.016,3.683,90.993,99.521
86.097,12.418,5.175,90.229,99.341
84.393,10.728,3.652,91.167,99.477
82.180,6.635,1.255,94.207,100.000
80.353,4.951,0.788,96.165,100.000
79.780,5.052,3.182,97.270,100.000
76.426,4.826,3.714,98.538,100.000
73.735,4.434,6.108,99.686,100.000
72.795,2.513,9.520,100.000,100.000
68.966,2.088,10.178,100.000,100.000
67.394,1.779,15.052,100.000,100.000
64.087,1.423,16.452,100.000,100.000
62.589,1.509,20.680,100.000,100.000
60.470,1.001,21.588,100.000,99.105
58.153,0.086,20.317,100.000,96.664
56.083,0.000,17.948,100.000,93.890
54.624,0.336,15.738,100.000,91.287
52.434,2.029,11.311,100.000,89.046
52.023,1.966,11.375,100.000,86.979
52.321,1.925,12.212,100.000,86.046
52.208,1.746,12.517,100.000,85.164
52.875,1.057,14.720,100.000,85.267
53.119,0.737,15.526,100.000,85.438
54.599,0.000,20.440,100.000,86.210
55.931,0.104,23.926,100.000,87.690
57.015,1.432,27.160,100.000,88.769
59.793,4.592,34.102,100.000,91.095
62.006,7.199,38.243,100.000,93.574
65.196,11.960,43.295,100.000,95.541
69.494,16.252,47.914,99.440,98.356
73.524,18.432,47.428,98.641,100.000
76.870,18.764,42.077,96.712,100.000
81.148,17.478,34.985,94.363,100.000
83.619,14.268,24.895,92.241,100.000
87.084,13.175,17.991,88.182,100.000
87.386,8.099,7.040,87.985,100.000
90.122,4.915,2.000,88.008,100.000
87.577,2.548,0.000,86.992,97.736
88.363,1.892,0.000,86.550,96.446
86.922,0.636,0.000,86.975,95.482
86.575,0.359,1.406,86.856,94.638
85.588,0.244,2.397,86.959,94.326
86.581,0.392,1.732,86.448,94.010
86.279,0.356,0.948,87.390,95.359
87.154,0.748,0.000,87.008,96.092
87.025,0.737,0.000,88.008,97.862
87.538,2.040,0.000,87.417,98.644
87.731,2.326,0.000,89.264,100.000
85.661,3.252,2.843,90.652,100.000
84.526,6.546,9.298,90.810,100.000
83.375,8.170,17.228,93.593,100.000
81.501,10.897,24.840,94.618,100.000
78.865,11.717,31.782,97.073,100.000
74.661,10.734,34.892,99.639,100.000
72.146,9.664,38.403,100.000,100.000
68.548,7.974,36.458,100.000,97.838
66.587,5.762,36.246,99.953,95.515
63.288,2.513,31.535,99.893,92.705
60.753,0.606,26.791,99.635,89.554
59.918,0.000,24.966,97.810,87.592
58.682,0.000,22.960,95.063,84.992
59.871,0.116,25.625,93.290,84.828
60.055,0.659,26.649,92.243,84.315
61.689,2.112,30.991,92.017,85.279
62.484,3.745,33.338,92.296,86.105
65.179,6.766,39.514,93.249,88.790
66.758,9.189,41.806,94.453,90.810
70.383,12.836,47.258,94.924,94.000
72.850,15.768,46.735,94.100,95.546
76.931,16.926,46.228,94.141,99.062
80.228,17.057,41.258,92.780,100.000
84.122,16.941,35.277,90.165,100.000
88.180,15.729,28.572,87.382,100.000
90.931,14.301,21.108,84.046,99.644
93.392,12.141,14.375,81.694,98.677
97.099,12.492,11.338,78.144,96.708
98.009,10.532,5.898,76.636,94.936
97.863,7.603,1.126,76.853,94.331
96.307,5.598,0.000,76.900,92.921
96.245,2.970,0.000,77.966,93.336
94.318,0.713,0.000,79.460,93.226
93.415,0.205,0.665,80.562,93.967
92.735,0.291,1.483,80.998,94.000
92.743,0.523,1.209,82.030,95.510
92.167,1.069,1.120,82.753,96.351
91.922,0.891,0.000,83.420,97.479
91.931,0.849,0.000,84.457,98.800
89.086,1.681,0.000,86.825,100.000
88.359,1.740,0.000,89.032,100.000
87.174,0.134,0.649,88.942,100.000
84.738,1.194,5.954,89.145,100.000
84.863,2.314,14.935,92.150,100.000
82.391,5.477,22.378,91.968,100.000
83.007,9.171,33.514,91.522,100.000
80.343,11.366,38.471,90.315,97.131
80.571,14.247,46.422,88.351,95.023
78.735,14.185,49.092,87.179,92.185
76.707,13.380,48.757,85.405,88.944
76.773,14.220,51.206,82.946,86.731
74.950,13.751,49.354,80.819,84.097
75.816,15.055,51.418,79.101,83.228
74.741,13.855,49.102,79.723,83.272
76.512,17.113,53.338,79.017,83.808
77.812,19.537,55.603,79.197,84.933
80.029,22.824,58.763,79.729,86.838
83.143,27.618,62.034,79.103,88.408
86.481,31.577,63.163,78.329,90.205
90.602,35.524,61.966,76.050,91.072
95.053,37.282,57.538,73.883,91.533
99.417,35.890,50.215,71.810,91.656
100.000,31.102,39.969,70.124,90.985
100.000,26.953,30.163,67.421,88.441
100.000,18.818,21.914,68.240,90.503
100.000,12.670,13.603,67.733,90.218
100.000,6.700,4.409,67.821,89.115
100.000,2.132,0.000,68.388,89.215
100.000,0.796,0.000,70.547,90.100
100.000,2.988,1.794,72.025,90.826
97.623,9.857,10.895,75.660,92.074
95.962,13.659,16.191,77.450,92.618
91.452,19.611,24.397,79.918,92.903
89.551,23.811,28.920,81.948,93.718
88.139,25.486,31.314,82.371,93.497
86.955,29.314,35.080,83.767,94.141
85.818,31.910,37.625,84.840,94.779
86.548,32.747,36.825,84.937,95.605
86.832,31.096,33.935,84.058,95.297
89.800,28.598,27.182,83.806,97.038
89.868,26.124,22.317,83.336,97.197
92.415,21.301,12.440,83.284,98.669
93.556,14.529,3.191,81.780,97.951
95.258,8.937,0.000,80.819,98.113
93.051,4.292,0.578,79.916,95.551
94.402,0.128,10.825,77.106,92.587
94.421,2.712,19.800,75.782,90.946
96.206,8.773,30.495,73.166,88.562
95.312,11.084,35.948,72.259,87.023
95.053,13.914,41.209,71.091,85.521
94.767,14.152,43.015,71.036,85.092
92.871,10.098,39.154,73.127,86.072
93.910,10.059,38.646,73.378,86.405
92.588,5.726,31.443,75.155,87.731
92.122,1.785,25.154,78.003,90.356
90.214,0.030,16.120,80.394,92.100
89.621,3.481,8.782,83.812,95.554
87.437,6.552,0.800,84.190,95.177
87.439,10.431,0.000,85.639,97.305
88.230,17.490,0.000,89.925,100.000
84.908,22.376,8.606,91.395,100.000
84.974,23.727,13.862,90.555,100.000
82.398,28.046,23.465,91.939,100.000
80.784,30.235,29.846,92.659,99.854
79.355,32.034,34.966,93.279,99.187
77.701,34.461,39.963,94.453,98.972
76.280,33.294,41.415,93.497,96.836
76.003,34.630,42.985,94.638,97.397
74.765,33.359,43.557,94.141,95.992
75.560,31.550,40.935,93.521,95.951
76.841,29.415,37.895,93.189,96.251
77.604,28.105,36.111,92.436,96.238
79.341,25.732,32.231,92.187,97.392
83.699,20.778,23.938,90.128,98.374
86.875,15.521,15.960,87.558,98.541
90.824,10.544,7.182,85.456,99.326
90.695,7.244,2.692,84.892,99.305
93.790,3.424,0.000,84.742,100.000
92.300,2.628,0.000,85.877,100.000
93.548,0.541,4.809,83.557,100.000
91.573,2.946,9.646,82.728,98.695
90.693,4.223,16.815,85.641,100.000
89.022,6.299,22.052,85.990,100.000
88.264,6.920,27.025,87.197,100.000
84.851,5.120,26.308,88.993,99.433
83.843,3.211,27.412,91.025,99.810
80.121,0.425,22.157,93.267,98.685
78.906,0.000,20.225,94.977,99.059
76.701,1.432,15.086,97.001,99.038
77.391,1.761,14.975,97.565,99.613
75.706,4.577,8.797,99.516,100.000
75.322,6.255,4.994,99.932,100.000
74.299,9.050,0.062,100.000,100.000
73.665,10.787,0.000,100.000,100.000
73.534,12.064,0.000,100.000,100.000
72.863,14.387,0.000,100.000,100.000
72.610,13.971,2.160,100.000,100.000
72.655,14.681,5.151,100.000,100.000
71.532,16.840,11.483,100.000,100.000
73.035,19.492,14.286,100.000,100.000
71.748,20.015,19.095,100.000,100.000
73.103,19.483,18.898,100.000,100.000
71.924,18.845,21.837,100.000,100.000
73.639,18.533,20.320,100.000,100.000
72.360,16.977,22.095,99.899,99.185
74.406,15.806,18.929,99.628,100.000
73.834,14.363,19.683,98.423,98.433
75.229,12.530,17.218,97.890,98.656
76.399,10.380,15.108,96.570,97.931
77.492,8.880,13.068,95.925,98.105
77.379,8.473,12.683,95.564,98.049
79.128,6.056,8.803,94.973,98.738
81.382,3.528,4.474,93.871,99.903
83.539,0.841,0.000,92.557,100.000
84.742,0.214,0.000,93.090,100.000
85.232,0.345,0.000,92.936,100.000
85.922,5.349,5.997,89.905,100.000
85.700,9.857,13.569,88.872,100.000
86.440,12.397,22.785,91.081,100.000
84.054,16.246,29.997,91.793,100.000
82.977,20.187,38.809,92.183,100.000
81.482,23.995,45.960,91.937,100.000
79.442,25.215,51.748,93.318,100.000
77.190,25.563,54.883,94.396,100.000
75.133,24.975,57.218,95.468,100.000
73.298,24.568,57.785,95.708,98.695
71.534,22.988,56.615,96.129,97.721
70.169,20.428,54.025,97.840,97.746
69.636,19.145,52.778,98.684,97.931
69.350,17.969,50.225,99.243,98.241
69.714,14.508,46.055,100.000,100.000
69.498,11.295,40.240,100.000,100.000
68.851,7.612,32.582,100.000,100.000
68.817,4.814,25.462,100.000,100.000
69.262,2.557,19.437,100.000,100.000
68.708,0.300,11.102,100.000,100.000
67.878,0.425,3.058,100.000,100.000
67.583,1.714,0.000,100.000,100.000
66.587,4.639,0.000,100.000,100.000
65.957,5.495,0.000,100.000,100.000
64.374,6.484,4.178,100.000,99.144
64.372,9.837,8.680,100.000,100.000
63.438,11.396,12.415,100.000,99.918
63.810,11.274,13.006,100.000,99.428
63.892,11.022,13.591,100.000,98.695
64.173,10.264,13.274,100.000,98.254
64.801,9.382,12.065,100.000,98.121
64.303,9.088,12.674,100.000,97.515
65.109,8.756,11.646,100.000,98.072
65.251,7.957,10.557,100.000,98.269
67.203,6.709,6.978,100.000,100.000
66.908,6.338,5.895,100.000,100.000
68.681,3.418,0.557,100.000,100.000
69.673,0.353,0.000,100.000,100.000
69.443,0.000,0.000,100.000,100.000
69.792,0.086,0.311,100.000,100.000
71.378,1.619,8.594,100.000,100.000
69.759,3.561,12.754,100.000,100.000
69.989,5.355,20.622,100.000,100.000
68.289,7.796,25.880,100.000,100.000
68.679,10.211,33.757,100.000,100.000
66.423,10.974,36.825,100.000,100.000
65.668,11.948,41.172,100.000,100.000
64.136,12.646,43.317,100.000,99.408
63.481,12.970,46.003,100.000,98.338
61.529,12.688,44.809,100.000,96.138
61.772,13.775,48.655,100.000,95.882
60.682,13.906,48.378,100.000,94.779
60.540,12.822,47.314,100.000,94.736
59.904,11.734,45.225,100.000,94.536
60.714,11.776,46.046,100.000,95.608
59.070,8.129,38.966,100.000,95.744
58.087,3.819,30.960,100.000,96.490
55.669,0.238,19.898,100.000,96.056
54.464,0.585,11.754,100.000,96.054
52.197,4.063,1.908,100.000,94.915
50.414,7.392,0.000,100.000,93.585
49.147,9.578,0.000,100.000,92.513
48.833,11.283,1.400,100.000,92.197
47.665,12.331,6.529,100.000,90.982
48.326,12.623,7.277,100.000,91.472
47.805,12.777,10.378,100.000,90.733
48.034,13.594,12.431,100.000,91.018
47.915,12.652,13.366,100.000,90.031
48.698,12.762,13.126,100.000,90.787
48.599,11.889,13.732,100.000,89.974
49.229,10.977,12.895,100.000,90.310
49.722,10.944,12.366,100.000,90.851
50.344,9.961,11.123,100.000,91.313
51.066,8.340,8.529,100.000,91.859
52.315,7.229,6.462,100.000,93.049
52.265,6.881,5.997,100.000,92.959
52.709,6.365,4.723,100.000,93.872
54.324,3.965,0.394,100.000,95.495
55.455,2.566,0.000,100.000,97.018
56.662,0.722,0.000,100.000,98.321
57.717,0.000,0.000,100.000,99.777
59.263,0.398,7.225,100.000,100.000
59.148,2.563,13.185,100.000,100.000
60.055,5.165,22.520,100.000,100.000
59.540,8.527,29.865,100.000,100.000
60.450,12.263,39.994,100.000,100.000
58.672,13.799,43.806,100.000,98.185
58.167,15.827,50.225,100.000,96.987
56.588,17.161,52.532,100.000,94.574
55.923,18.770,56.489,100.000,92.610
54.720,19.415,57.286,100.000,90.531
54.123,20.751,58.969,100.000,88.741
53.468,20.362,59.726,100.000,88.423
53.316,21.648,61.228,100.000,87.726
53.439,21.247,61.043,100.000,87.741
53.688,21.711,61.803,100.000,88.062
55.270,24.045,65.105,100.000,89.221
56.315,25.512,66.058,100.000,89.664
58.056,26.460,67.431,100.000,92.213
60.879,28.631,70.135,100.000,94.485
62.699,28.848,67.588,100.000,96.231
66.513,30.196,67.689,100.000,99.036
68.482,29.204,61.545,100.000,100.000
72.013,28.652,57.434,99.969,100.000
74.472,27.377,49.902,98.553,100.000
77.424,25.108,43.637,97.777,100.000
77.496,21.663,33.465,97.264,100.000
79.748,19.908,29.308,96.443,100.000
78.528,16.858,20.892,95.700,100.000
79.265,15.765,18.055,94.880,100.000
77.970,13.038,13.028,95.599,100.000
78.855,13.029,13.554,96.073,100.000
78.113,12.608,12.969,96.182,100.000
77.276,11.625,12.098,96.804,100.000
76.816,11.274,13.258,97.826,100.000
76.040,10.006,14.265,99.918,100.000
74.788,8.803,15.237,100.000,100.000
73.051,8.144,16.545,100.000,100.000
72.401,9.269,21.652,100.000,100.000
69.601,8.560,22.600,100.000,100.000
69.020,10.454,29.378,100.000,100.000
67.314,11.138,33.649,100.000,100.000
66.596,14.170,40.745,100.000,100.000
65.352,15.640,45.766,100.000,100.000
64.231,17.327,50.040,100.000,98.956
63.477,19.516,55.394,100.000,97.413
62.311,21.262,58.105,100.000,95.195
62.393,24.731,63.517,98.873,93.046
61.720,26.879,66.437,97.122,91.564
62.656,31.209,71.849,93.556,90.279
62.876,32.563,73.529,92.436,89.774
63.742,35.503,76.289,90.904,89.472
65.721,38.815,80.302,89.958,90.187
67.823,42.554,83.182,88.480,90.541
70.824,48.352,86.677,85.664,90.438
75.314,52.691,90.597,84.814,92.633
77.838,54.571,87.729,83.514,92.969
83.215,56.956,87.831,82.143,94.895
85.050,53.041,77.480,81.513,95.367
89.708,51.262,70.452,79.815,95.785
91.865,44.915,58.892,79.162,96.231
93.866,37.086,47.594,79.780,97.687
92.690,27.951,33.545,81.123,97.774
92.317,23.000,23.883,80.632,96.536
92.405,16.038,15.292,82.603,98.313
91.333,9.088,7.655,85.797,100.000
89.648,4.045,1.437,88.145,100.000
88.841,3.050,0.000,88.505,100.000
87.386,1.253,0.000,89.902,100.000
86.940,0.636,0.000,90.642,100.000
85.596,0.235,0.000,92.002,100.000
84.159,0.050,0.000,92.791,100.000
83.100,0.009,0.000,94.049,100.000
81.671,0.457,0.000,94.308,100.000
81.404,2.109,4.535,93.733,100.000
80.255,2.272,8.218,96.767,100.000
79.444,3.519,13.523,97.506,100.000
79.008,6.668,21.098,97.071,100.000
78.762,9.854,29.397,97.087,100.000
77.812,13.614,37.677,96.810,100.000
77.841,17.752,46.006,95.182,100.000
77.865,22.602,54.431,92.998,98.931
76.722,25.913,59.258,90.707,96.238
77.206,30.523,65.957,87.704,94.041
76.410,32.667,68.723,86.088,92.356
77.746,38.197,74.375,82.488,90.508
78.278,39.926,76.215,81.507,89.885
78.393,41.651,77.222,80.626,89.526
80.388,44.930,79.982,79.446,89.667
81.878,48.203,80.302,77.664,88.908
85.013,52.697,82.440,75.847,89.177
89.486,58.996,83.982,72.643,88.387
92.875,62.260,81.871,69.668,87.185
98.647,67.574,80.634,65.538,85.372
100.000,66.475,73.600,62.389,83.018
100.000,66.050,68.065,59.009,80.764
100.000,60.137,59.772,58.003,80.064
100.000,56.697,51.883,55.375,76.979
100.000,47.161,42.612,55.956,78.177
100.000,40.529,35.483,55.835,78.623
100.000,35.355,29.935,55.556,78.674
100.000,25.453,18.911,57.637,79.833
100.000,21.354,14.489,58.502,80.664
100.000,12.403,5.917,61.728,83.400
100.000,6.216,0.855,64.469,86.079
100.000,2.762,0.000,66.185,86.787
100.000,1.158,0.000,67.339,87.759
100.000,1.230,0.000,67.425,87.364
100.000,1.138,0.000,68.234,88.903
100.000,1.494,0.000,68.367,88.544
100.000,2.928,0.000,67.802,88.331
100.000,4.033,0.425,68.164,88.705
100.000,7.366,4.883,67.957,89.041
100.000,10.095,9.437,68.363,89.828
100.000,14.307,16.068,68.798,91.000
100.000,21.702,23.920,68.207,89.685
100.000,26.279,30.711,68.529,89.549
100.000,32.813,38.065,68.408,88.977
100.000,41.809,50.637,67.532,88.649
99.826,44.431,57.234,68.468,88.821
99.390,52.397,67.406,67.170,86.833
97.387,59.246,76.498,65.276,84.231
95.476,64.719,84.729,63.676,82.105
92.852,69.602,90.492,60.499,78.577
92.390,75.996,97.714,57.325,75.697
90.069,76.460,99.012,56.011,73.977
89.896,78.877,100.000,54.585,72.359
89.611,77.080,100.000,55.523,73.515
90.736,82.005,100.000,53.257,71.921
92.606,85.355,100.000,51.814,71.231
95.426,88.770,100.000,50.561,70.744
98.430,92.628,98.169,47.425,68.226
100.000,93.371,93.911,46.154,67.382
100.000,90.546,86.545,44.920,66.015
100.000,86.617,77.600,43.344,64.685
100.000,76.091,66.277,43.722,65.200
100.000,62.830,51.994,44.159,65.318
100.000,49.816,41.840,46.450,68.992
100.000,32.887,26.440,49.422,71.731
100.000,16.629,12.126,52.760,75.305
100.000,5.049,1.166,55.864,77.844
100.000,0.740,0.000,58.789,80.503
100.000,4.497,1.692,60.991,82.000
100.000,11.916,9.582,64.397,84.656
100.000,17.648,17.422,66.602,85.346
99.786,26.587,27.895,70.498,87.777
97.645,31.470,34.449,72.237,87.751
95.470,33.813,38.012,73.483,88.577
96.211,33.900,37.683,72.978,87.885
96.662,33.338,36.378,72.698,88.195
98.863,30.841,31.975,71.740,88.379
100.000,27.624,26.997,70.212,87.654
100.000,22.943,19.815,68.351,87.177
100.000,15.901,11.286,65.657,85.879
100.000,8.215,2.258,63.383,84.395
100.000,3.597,0.000,62.502,83.933
100.000,0.689,0.000,61.535,84.262
100.000,1.455,1.698,62.301,84.226
100.000,6.332,7.698,61.751,83.982
100.000,7.633,12.360,64.112,86.397
100.000,7.250,14.588,66.368,88.023
100.000,9.557,20.188,67.977,88.869
100.000,8.631,20.775,69.207,88.646
98.569,6.222,20.400,71.461,88.849
96.941,4.363,20.578,73.288,89.695
96.397,3.540,20.812,74.016,90.326
96.919,3.903,20.871,73.739,90.118
96.911,3.579,19.197,73.448,89.903
97.648,3.683,17.209,72.897,89.490
99.770,4.042,16.040,72.120,90.185
100.000,2.245,13.658,72.659,92.354
100.000,1.764,10.671,71.592,92.338
100.000,0.318,4.526,72.210,93.310
100.000,1.648,0.000,72.278,92.790
100.000,7.502,0.000,73.860,93.931
99.955,14.707,4.951,75.853,94.897
97.879,20.383,13.982,77.212,94.333
94.846,27.484,23.637,79.782,95.495
91.331,31.574,31.889,80.905,94.528
89.235,35.055,37.428,82.816,94.962
86.589,36.142,41.723,83.106,93.641
86.002,37.591,43.505,84.434,94.185
85.339,37.024,44.105,84.181,93.485
85.748,36.914,43.498,84.294,93.895
85.879,36.555,43.025,84.021,93.615
87.920,34.036,39.025,82.933,93.846
89.439,31.993,35.378,81.876,94.185
91.399,30.740,31.640,81.367,94.931
93.446,27.119,25.354,80.031,95.123
96.118,23.424,18.243,78.836,95.546
97.362,18.565,10.862,78.050,95.838
99.446,14.182,3.658,77.333,96.256
100.000,9.534,0.000,77.028,96.436
99.333,6.923,0.000,77.134,96.364
98.584,5.943,0.000,78.021,96.938
95.636,6.644,0.000,79.871,96.882
94.729,5.598,2.634,80.447,96.467
91.920,6.377,2.034,80.743,94.577
89.886,7.505,1.652,81.839,93.913
88.893,8.206,1.557,82.190,93.254
89.330,8.117,1.975,82.240,93.285
89.599,7.879,1.991,82.077,93.626
90.504,7.954,1.628,82.274,94.269
90.584,8.818,0.000,82.287,95.087
91.785,12.043,0.000,84.136,98.297
91.101,16.552,0.000,85.744,99.951
88.182,22.115,5.886,87.380,100.000
86.376,27.039,14.825,89.480,100.000
83.274,32.364,25.954,90.962,100.000
79.212,37.170,37.735,92.444,98.785
74.825,41.818,49.108,94.850,97.579
72.306,43.460,54.662,95.876,96.079
69.777,44.865,59.160,96.666,94.813
67.794,44.027,60.462,97.089,93.279
67.466,42.334,58.015,97.180,93.103
67.495,39.994,55.388,96.839,92.813
68.303,37.683,51.849,96.683,93.192
70.693,33.816,45.877,95.839,93.956
70.941,32.462,44.320,95.461,94.062
71.980,30.704,41.732,95.619,94.879
76.761,25.988,33.714,94.240,96.790
79.641,22.257,27.431,93.357,98.356
82.437,18.444,20.695,92.150,99.597
84.968,15.290,14.305,90.873,100.000
86.854,10.505,6.492,89.740,100.000
90.397,4.066,0.000,87.300,100.000
93.209,1.488,0.942,86.984,100.000
93.234,5.803,12.228,82.198,98.926
94.671,14.975,26.812,80.955,98.833
95.570,24.378,40.680,79.099,97.449
92.546,26.876,46.985,80.226,96.679
89.590,27.033,51.920,82.139,96.508
86.657,24.880,54.425,84.416,96.536
81.716,19.097,49.394,87.031,95.387
79.657,14.078,46.225,89.835,96.013
77.526,11.135,42.215,91.313,95.682
78.309,10.838,42.877,91.725,96.479
77.775,9.201,38.948,92.668,96.877
78.651,7.285,35.972,94.410,99.074
79.111,6.394,31.271,94.445,99.967
80.486,4.405,26.532,95.283,100.000
80.021,1.313,16.569,96.209,100.000
80.160,0.083,7.975,96.434,100.000
79.204,2.718,0.000,97.313,100.000
75.798,7.796,0.498,98.339,100.000
75.041,16.187,9.945,100.000,100.000
71.750,19.917,20.332,100.000,100.000
69.475,21.550,25.942,100.000,99.856
67.152,24.604,32.277,100.000,98.187
64.789,25.750,36.265,100.000,96.197
64.473,25.726,35.751,100.000,95.421
63.250,25.040,36.769,100.000,93.626
64.331,23.315,33.222,100.000,94.321
66.090,20.151,28.778,100.000,94.982
66.934,18.542,26.446,100.000,95.656
67.821,17.612,25.117,100.000,96.426
71.034,13.451,18.532,100.000,98.003
73.175,10.647,13.849,100.000,99.831
75.369,7.452,8.089,99.739,100.000
77.414,5.355,2.600,99.891,100.000
77.368,3.445,0.000,99.971,100.000
79.503,0.110,0.000,96.847,100.000
79.247,1.928,5.431,97.069,100.000
79.696,3.686,14.046,98.721,100.000
76.455,4.794,17.492,99.661,100.000
75.504,5.423,23.788,99.988,100.000
71.518,4.087,23.342,100.000,100.000
71.089,4.892,28.351,100.000,100.000
68.094,3.389,26.292,100.000,100.000
67.942,3.356,29.945,100.000,100.000
65.809,2.640,27.837,100.000,98.808
65.700,2.031,28.892,100.000,98.872
64.914,1.898,27.578,100.000,97.564
66.033,3.410,31.323,100.000,97.656
66.331,3.398,31.446,100.000,98.415
66.093,2.492,29.517,100.000,99.338
67.443,3.463,30.058,100.000,99.867
68.139,2.917,27.886,100.000,100.000
68.523,2.186,24.003,100.000,100.000
69.917,1.936,21.514,100.000,100.000
71.237,1.182,17.335,100.000,100.000
71.770,0.624,11.969,100.000,100.000
73.661,0.077,7.923,100.000,100.000
73.248,0.505,0.212,100.000,100.000
73.443,1.610,0.000,100.000,100.000
72.429,2.192,0.000,100.000,100.000
73.431,5.183,0.705,100.000,100.000
71.809,7.116,5.791,100.000,100.000
72.553,7.829,6.926,100.000,100.000
70.600,8.182,10.788,100.000,99.649
71.578,8.064,10.102,100.000,99.767
71.159,7.677,10.812,100.000,98.749
71.927,6.712,9.422,100.000,98.903
72.895,5.307,7.732,100.000,99.018
73.134,5.195,7.209,100.000,99.485
73.998,4.057,4.843,100.000,100.000
74.185,3.947,3.680,100.000,100.000
74.080,3.911,2.157,100.000,100.000
75.568,2.340,0.000,100.000,100.000
73.655,0.440,0.000,100.000,100.000
74.595,0.149,0.138,99.969,100.000
74.265,0.244,4.603,100.000,100.000
73.560,1.931,12.222,100.000,100.000
71.859,3.662,17.754,100.000,100.000
71.495,5.723,25.360,100.000,100.000
69.773,7.036,30.031,100.000,100.000
69.274,9.382,37.200,100.000,100.000
68.156,10.953,40.769,100.000,100.000
68.322,13.225,46.102,100.000,99.300
67.770,13.816,47.080,100.000,98.077
66.651,12.061,44.662,100.000,97.610
66.111,10.653,43.046,100.000,97.897
66.971,11.322,43.957,100.000,98.715
67.232,9.970,41.375,100.000,99.936
67.460,8.634,37.517,100.000,100.000
68.363,7.487,33.323,100.000,100.000
69.549,5.809,28.271,100.000,100.000
70.432,4.024,21.803,100.000,100.000
71.261,1.868,14.942,100.000,100.000
71.842,0.535,7.692,100.000,100.000
72.682,0.000,2.129,100.000,100.000
71.596,0.585,0.000,100.000,100.000
71.179,1.152,0.000,100.000,100.000
71.541,3.873,0.000,100.000,100.000
70.937,4.621,2.262,100.000,100.000
70.557,8.334,6.652,100.000,100.000
68.716,8.557,9.738,100.000,100.000
68.149,9.459,11.742,100.000,99.518
67.562,11.078,13.714,100.000,99.303
66.084,11.898,15.735,100.000,98.510
66.283,12.483,15.982,100.000,98.867
66.819,10.953,13.689,100.000,99.085
68.030,10.621,11.594,100.000,100.000
69.439,8.524,7.080,100.000,100.000
72.000,3.086,0.000,100.000,100.000
74.158,0.181,0.000,100.000,100.000
74.653,0.900,2.111,100.000,100.000
77.802,3.894,13.015,99.858,100.000
76.048,6.546,18.840,99.955,100.000
75.295,8.842,26.145,100.000,100.000
73.729,10.190,30.363,100.000,100.000
71.224,9.136,32.831,100.000,100.000
68.983,8.827,34.089,100.000,100.000
66.852,7.170,33.338,100.000,100.000
64.803,5.423,31.997,100.000,99.969
64.079,5.105,32.668,100.000,99.190
63.713,5.441,33.843,100.000,98.521
64.319,6.694,36.742,100.000,98.387
65.508,10.110,41.197,100.000,97.703
66.216,10.695,42.686,100.000,98.526
67.831,13.813,46.723,100.000,98.851
69.375,15.414,48.514,100.000,99.667
69.482,15.284,45.631,100.000,99.772
71.467,15.622,45.262,100.000,100.000
71.873,14.259,41.049,100.000,100.000
72.824,12.370,35.862,100.000,100.000
73.474,9.964,30.317,100.000,100.000
73.454,6.641,22.129,100.000,100.000
74.441,5.034,17.052,100.000,100.000
74.907,2.287,10.117,100.000,100.000
75.324,1.331,6.231,100.000,100.000
75.492,0.897,2.775,99.984,100.000
75.849,1.301,1.102,99.109,100.000
76.668,0.728,0.000,99.232,100.000
77.169,0.285,0.000,99.319,100.000
77.358,0.000,0.000,99.651,100.000
77.356,0.000,0.000,99.834,100.000
78.132,0.000,0.000,100.000,100.000
77.627,0.000,0.000,99.635,100.000
77.122,0.086,0.000,99.048,100.000
76.599,0.000,0.000,99.421,100.000
74.203,0.716,0.000,100.000,100.000
74.068,0.918,0.000,100.000,100.000
74.369,1.164,0.000,100.000,100.000
74.158,1.025,0.000,100.000,100.000
74.265,0.989,0.000,100.000,100.000
74.406,1.007,0.000,100.000,100.000
74.987,0.621,0.000,100.000,100.000
75.045,0.659,0.000,100.000,100.000
75.077,0.549,0.000,100.000,100.000
75.307,0.555,0.000,100.000,100.000
75.373,0.523,0.000,100.000,100.000
75.467,0.499,0.000,100.000,100.000
75.468,0.526,0.000,100.000,100.000
75.258,0.496,0.000,100.000,100.000
75.127,0.484,0.000,100.000,100.000
75.375,0.502,0.000,100.000,100.000
75.316,0.505,0.000,100.000,100.000
75.205,0.487,0.000,100.000,100.000
75.260,0.502,0.000,100.000,100.000
75.334,0.496,0.000,100.000,100.000
75.221,0.502,0.000,100.000,100.000
75.281,0.502,0.000,100.000,100.000
75.295,0.508,0.000,100.000,100.000
75.316,0.520,0.000,100.000,100.000
75.240,0.511,0.000,100.000,100.000
75.238,0.502,0.000,100.000,100.000
75.174,0.475,0.000,100.000,100.000
75.203,0.505,0.000,100.000,100.000
75.433,0.508,0.000,100.000,100.000
75.273,0.493,0.000,100.000,100.000
75.229,0.475,0.000,100.000,100.000
75.344,0.502,0.000,100.000,100.000
75.346,0.493,0.000,100.000,100.000
75.244,0.490,0.000,100.000,100.000
75.279,0.490,0.000,100.000,100.000
75.344,0.487,0.000,100.000,100.000
75.326,0.502,0.000,100.000,100.000
75.307,0.502,0.000,100.000,100.000
75.297,0.499,0.000,100.000,100.000
75.275,0.496,0.000,100.000,100.000
75.283,0.496,0.000,100.000,100.000
75.336,0.478,0.000,100.000,100.000
75.289,0.493,0.000,100.000,100.000
75.256,0.490,0.000,100.000,100.000
75.254,0.499,0.000,100.000,100.000
75.309,0.490,0.000,100.000,100.000
75.244,0.496,0.000,100.000,100.000
75.252,0.493,0.000,100.000,100.000
75.293,0.496,0.000,100.000,100.000
75.307,0.493,0.000,100.000,100.000
75.311,0.499,0.000,100.000,100.000
75.318,0.490,0.000,100.000,100.000
75.353,0.499,0.000,100.000,100.000
75.342,0.487,0.000,100.000,100.000
75.297,0.484,0.000,100.000,100.000
75.340,0.490,0.000,100.000,100.000
75.311,0.493,0.000,100.000,100.000
75.311,0.484,0.000,100.000,100.000
75.316,0.481,0.000,100.000,100.000
75.297,0.484,0.000,100.000,100.000
75.283,0.496,0.000,100.000,100.000
75.297,0.484,0.000,100.000,100.000
75.312,0.505,0.000,100.000,100.000
75.289,0.496,0.000,100.000,100.000
75.303,0.490,0.000,100.000,100.000
75.305,0.481,0.000,100.000,100.000
75.299,0.493,0.000,100.000,100.000
75.268,0.481,0.000,100.000,100.000
75.277,0.493,0.000,100.000,100.000
75.266,0.499,0.000,100.000,100.000
75.291,0.496,0.000,100.000,100.000
75.275,0.493,0.000,100.000,100.000
75.285,0.487,0.000,100.000,100.000
75.273,0.490,0.000,100.000,100.000
75.279,0.496,0.000,100.000,100.000
75.293,0.481,0.000,100.000,100.000
75.340,0.496,0.000,100.000,100.000
75.275,0.490,0.000,100.000,100.000
75.273,0.493,0.000,100.000,100.000
75.311,0.490,0.000,100.000,100.000
75.277,0.481,0.000,100.000,100.000
75.270,0.490,0.000,100.000,100.000
75.283,0.499,0.000,100.000,100.000
75.283,0.493,0.000,100.000,100.000
}
圆筒入口数据
{
67.848,29.635,46.978,75.507,79.274
67.891,29.650,46.985,75.550,79.274
67.872,29.644,46.985,75.461,79.262
67.868,29.658,46.982,75.498,79.256
67.852,29.650,46.985,75.470,79.251
67.913,29.629,46.954,75.564,79.274
67.895,29.611,46.975,75.529,79.251
67.866,29.638,47.015,75.490,79.256
67.915,29.617,46.951,75.546,79.323
67.928,29.608,46.975,75.496,79.282
67.872,29.626,46.975,75.525,79.256
67.922,29.632,46.954,75.492,79.269
67.917,29.658,46.988,75.529,79.264
67.844,29.647,46.985,75.502,79.231
67.936,29.632,46.966,75.566,79.305
67.956,29.620,46.982,75.533,79.249
67.874,29.664,47.009,75.461,79.262
67.891,29.617,46.966,75.513,79.264
67.864,29.617,46.966,75.539,79.272
67.932,29.602,46.963,75.574,79.297
67.868,29.653,47.015,75.468,79.272
67.897,29.641,46.945,75.504,79.285
67.899,29.608,46.991,75.584,79.295
67.885,29.632,46.972,75.506,79.218
67.858,29.623,46.951,75.482,79.305
67.874,29.626,46.997,75.548,79.295
67.872,29.590,46.963,75.504,79.228
67.897,29.617,46.966,75.568,79.285
67.866,29.614,46.985,75.543,79.315
67.858,29.647,46.972,75.478,79.231
67.831,29.608,46.972,75.465,79.238
67.831,29.670,46.948,75.506,79.238
67.891,29.629,46.945,75.527,79.333
67.840,29.653,47.006,75.492,79.256
67.957,29.626,46.988,75.597,79.326
67.850,29.655,47.000,75.486,79.249
67.837,29.632,46.966,75.533,79.236
67.907,29.599,46.969,75.550,79.290
67.868,29.617,46.985,75.543,79.308
67.860,29.647,46.972,75.502,79.287
67.913,29.650,46.975,75.560,79.341
67.924,29.605,46.932,75.572,79.256
67.893,29.709,47.025,75.443,79.218
67.815,29.694,46.942,75.414,79.167
67.731,29.626,46.769,75.529,79.115
67.632,29.100,46.252,75.866,79.310
67.649,28.916,45.991,76.063,79.438
67.722,28.984,46.169,76.020,79.474
67.659,29.011,46.166,75.954,79.408
67.669,28.836,45.982,76.108,79.551
67.722,28.117,45.437,76.506,79.862
68.067,30.832,48.117,74.770,78.844
68.067,30.211,47.769,75.227,79.246
68.110,30.211,47.843,75.180,79.318
68.227,30.644,48.218,74.993,79.313
68.141,29.911,47.625,75.439,79.605
68.342,28.652,46.862,76.170,80.474
68.554,28.108,46.803,76.342,80.933
68.480,27.885,46.585,76.451,80.954
68.102,28.034,46.009,76.582,80.323
66.914,26.522,43.080,78.097,80.244
67.603,26.222,43.526,77.888,80.605
67.166,25.726,42.443,78.239,80.464
67.271,25.836,42.677,78.136,80.538
67.187,25.910,42.686,78.185,80.408
67.296,26.406,43.375,77.762,80.285
67.291,26.412,43.342,77.779,80.259
67.607,28.524,45.431,76.414,79.518
67.909,29.605,46.698,75.788,79.251
67.940,30.841,47.775,75.069,78.695
68.706,31.518,49.320,74.135,78.985
68.059,30.588,47.886,74.956,79.162
68.414,30.148,47.978,75.020,79.521
68.112,29.718,47.215,75.478,79.613
68.342,29.718,47.622,75.361,79.749
68.152,30.481,47.837,75.108,79.118
68.201,31.140,48.560,74.575,78.841
68.139,31.233,48.517,74.579,78.772
68.152,30.924,48.277,74.683,78.882
68.078,31.013,48.231,74.632,78.746
68.260,31.702,48.954,74.199,78.459
68.386,33.181,50.228,73.271,77.792
68.365,32.750,49.923,73.435,78.046
68.461,32.958,50.080,73.374,77.951
68.349,33.715,50.520,72.955,77.503
68.747,34.782,51.797,72.134,77.162
68.841,34.785,51.898,72.142,77.326
68.747,34.580,51.785,72.239,77.462
68.659,33.148,50.563,73.152,78.128
68.656,32.667,50.166,73.396,78.351
68.562,31.835,49.372,73.944,78.713
68.593,31.702,49.237,73.985,78.708
68.361,31.034,48.542,74.423,78.949
68.427,30.873,48.369,74.525,79.051
68.464,30.291,47.960,74.848,79.315
68.441,30.448,48.049,74.685,79.200
68.394,30.582,48.123,74.659,79.123
68.383,30.532,48.025,74.739,79.149
68.336,29.926,47.434,75.143,79.454
67.837,28.206,45.243,76.399,79.667
67.125,25.492,42.209,78.405,80.451
66.095,22.726,38.465,80.501,80.992
66.768,22.899,39.351,80.099,81.318
66.419,21.687,37.686,81.084,81.495
65.934,19.724,35.111,82.511,81.992
66.166,19.590,35.043,82.636,82.221
65.503,16.938,31.800,84.611,82.933
64.533,13.629,26.846,87.092,83.359
64.814,13.181,26.252,87.737,83.615
64.961,13.169,26.203,88.236,83.787
65.725,14.256,27.483,88.201,84.213
66.583,15.833,29.726,88.096,84.651
67.716,18.465,33.129,86.961,84.726
69.125,21.928,37.606,85.768,84.687
69.502,22.827,38.132,86.066,84.756
70.793,25.367,41.597,84.898,84.859
71.894,28.764,45.178,83.619,84.538
73.483,32.400,49.382,81.985,84.151
74.312,36.344,53.262,80.585,83.431
75.767,40.710,57.495,78.520,82.577
76.915,43.704,60.489,76.800,81.962
77.362,47.342,63.609,75.155,80.787
77.401,48.093,64.317,74.722,80.482
77.309,48.488,64.588,74.281,80.092
76.874,48.601,64.345,74.043,79.708
76.705,45.094,62.009,74.938,80.915
74.224,38.975,55.843,78.206,82.190
72.858,34.476,51.680,80.129,83.110
70.843,30.053,46.523,82.289,83.513
69.545,27.377,43.357,83.371,83.513
69.502,28.500,44.778,82.010,82.979
70.674,29.917,47.335,79.887,82.723
68.326,26.287,42.089,82.203,82.469
68.402,25.584,42.535,81.661,82.815
67.963,27.232,43.129,80.665,81.344
68.299,28.429,45.271,79.485,81.156
69.591,33.148,50.166,75.876,79.695
70.182,36.097,53.465,73.934,78.882
70.028,36.157,53.305,74.049,78.836
70.467,36.573,54.040,73.641,78.987
70.377,35.007,52.612,74.837,79.787
69.781,33.392,50.794,76.449,80.462
70.280,31.975,49.468,77.358,81.246
70.083,29.038,46.111,79.655,82.305
70.262,27.401,44.418,81.207,83.074
70.058,25.385,42.080,82.979,83.877
70.009,24.102,40.369,84.278,84.382
69.736,23.496,39.095,85.171,84.572
71.641,28.185,44.692,82.623,84.008
72.854,33.273,50.052,80.146,83.046
74.692,39.477,56.465,76.767,81.444
76.077,45.284,62.034,73.565,79.736
75.449,46.204,62.634,73.400,79.195
75.759,48.147,64.228,72.109,78.267
76.040,51.476,67.311,69.558,76.746
76.449,54.113,69.452,67.129,75.362
74.958,47.963,64.723,70.102,77.736
71.826,38.877,55.969,75.445,79.946
70.087,37.413,53.468,76.475,79.054
68.646,29.436,45.972,80.550,81.933
67.148,23.718,39.849,83.627,83.026
66.327,22.569,37.474,84.372,82.528
66.673,21.325,37.018,84.693,83.472
66.214,20.487,35.498,85.388,83.449
66.610,20.597,36.277,85.349,83.903
66.934,21.069,36.954,85.126,83.964
67.944,25.604,41.683,83.139,82.818
71.522,35.138,53.132,77.335,81.526
72.743,42.866,60.071,73.585,79.310
75.537,52.507,69.058,67.712,76.477
76.853,62.227,76.511,62.281,72.667
77.058,62.204,76.714,62.911,73.241
78.036,64.206,78.083,61.476,72.295
77.572,63.332,77.520,62.457,72.879
77.574,62.340,76.714,62.812,73.162
77.083,60.235,75.003,63.982,73.910
76.748,58.521,73.612,64.957,74.492
76.518,54.687,70.465,66.752,75.846
73.678,43.184,60.277,73.836,79.831
70.726,31.126,48.046,80.776,82.915
69.276,26.062,42.135,83.623,83.779
69.521,25.809,42.052,83.574,83.874
69.038,24.874,40.720,84.167,83.882
68.632,21.452,37.283,86.000,84.895
67.704,19.837,34.517,87.166,84.726
67.103,17.143,31.342,89.248,85.397
66.097,13.576,26.443,91.436,85.987
65.286,10.416,22.022,93.690,86.526
64.610,8.551,19.065,95.153,86.541
64.832,7.814,18.686,95.638,87.233
64.658,5.928,17.142,97.065,88.462
64.590,5.364,16.702,97.736,88.774
65.339,10.229,22.252,95.211,87.356
72.497,35.696,51.092,81.420,82.518
79.050,52.474,68.655,71.475,79.097
77.362,50.841,66.400,72.957,79.405
78.588,53.962,69.585,71.192,78.592
78.982,59.076,73.169,68.334,76.069
79.300,59.231,73.594,68.297,76.377
79.015,59.418,73.492,68.190,76.005
79.070,59.222,73.443,68.256,76.187
78.961,58.669,72.855,68.659,76.505
78.970,56.718,71.532,69.646,77.382
78.475,53.701,69.058,71.278,78.513
78.321,51.473,67.302,72.411,79.469
77.726,47.279,63.858,74.634,81.100
76.989,44.880,61.188,76.268,81.503
76.533,41.657,58.548,78.228,82.895
76.670,40.342,57.102,78.754,83.221
75.917,38.723,55.345,80.057,83.638
76.479,39.581,56.231,79.259,83.326
75.983,39.382,55.723,79.513,83.195
76.007,39.026,55.514,79.670,83.364
75.837,38.221,54.726,80.094,83.641
75.392,36.947,53.289,80.825,83.800
75.371,35.854,52.489,81.382,84.287
75.328,35.367,52.160,81.492,84.472
75.291,35.548,52.200,81.451,84.305
75.394,35.239,52.074,81.488,84.515
75.525,35.313,52.277,81.542,84.623
75.205,35.563,52.086,81.496,84.308
75.519,35.515,52.394,81.478,84.590
75.410,35.655,52.474,81.347,84.367
75.492,35.792,52.492,81.488,84.374
75.576,36.258,53.074,81.141,84.292
75.607,37.277,53.954,80.610,83.872
75.519,36.650,53.397,80.817,84.041
75.689,36.674,53.529,80.829,84.205
75.593,36.822,53.532,80.848,84.110
75.702,36.819,53.631,80.745,84.105
75.589,36.786,53.618,80.774,84.118
75.605,36.703,53.468,80.844,84.087
75.593,36.742,53.578,80.829,84.090
75.661,36.742,53.535,80.907,84.138
75.605,36.763,53.551,80.835,84.108
75.603,36.786,53.563,80.749,84.121
75.728,37.217,54.018,80.562,84.028
76.028,38.268,55.218,80.113,83.792
75.761,39.923,56.455,79.374,82.977
75.800,39.320,55.868,79.450,83.169
76.128,38.613,55.726,79.686,83.841
75.802,38.901,55.622,79.739,83.421
75.845,38.741,55.443,79.747,83.446
75.814,38.571,55.385,79.787,83.562
75.835,38.595,55.298,79.864,83.523
75.819,38.583,55.431,79.725,83.585
75.821,38.500,55.298,79.924,83.615
75.814,38.485,55.403,79.984,83.792
75.796,38.655,55.477,79.936,83.636
75.817,38.696,55.502,79.969,83.615
75.782,38.675,55.437,79.865,83.597
75.816,38.649,55.388,79.912,83.595
75.944,38.934,55.671,79.706,83.585
76.063,39.064,55.772,79.717,83.569
75.997,38.788,55.508,79.875,83.608
75.829,38.423,55.166,80.057,83.774
75.519,36.653,53.295,81.094,84.231
74.092,30.443,47.385,84.652,86.321
73.019,25.993,41.834,86.988,87.041
72.834,24.565,40.462,88.252,87.492
71.890,21.942,37.123,90.091,87.951
72.438,22.560,38.003,89.531,87.997
72.349,22.566,37.692,89.872,87.908
72.247,20.939,35.745,91.187,88.603
73.745,26.089,41.929,88.954,87.856
74.283,27.624,43.354,88.755,87.938
74.997,29.263,45.191,87.817,87.795
75.739,31.824,47.674,86.858,87.441
76.420,33.757,49.542,86.452,87.192
76.059,32.444,47.585,87.803,87.449
76.042,29.908,44.769,89.572,88.508
76.174,28.292,42.868,90.791,89.154
75.856,26.204,40.535,92.374,89.885
76.081,27.146,41.560,92.411,89.938
76.516,27.939,42.326,91.721,89.695
76.124,27.568,41.908,91.961,89.751
76.126,28.111,42.372,91.623,89.400
75.506,25.863,40.135,92.429,89.800
75.369,27.253,41.828,91.196,89.100
75.488,30.059,45.049,89.059,87.915
75.989,32.679,48.520,86.821,87.292
75.710,34.621,50.665,85.193,86.326
75.975,36.397,53.065,83.405,85.536
75.788,38.598,55.009,81.605,84.495
76.900,41.904,58.572,79.156,83.433
75.708,39.255,55.803,81.031,84.174
76.246,38.203,55.188,81.285,84.785
75.973,38.750,55.237,81.654,84.569
76.342,38.355,55.009,82.394,85.074
76.321,36.451,52.582,83.853,85.869
76.459,35.361,51.486,85.031,86.623
76.892,35.275,50.578,85.770,86.664
77.434,36.406,51.495,85.947,86.628
78.091,36.492,51.218,86.534,87.110
78.602,35.982,50.625,87.427,87.731
78.473,34.060,48.418,88.975,88.633
79.002,34.007,48.034,89.814,88.913
79.220,33.288,47.043,90.765,89.259
78.696,29.243,42.828,93.053,90.903
77.984,25.955,39.055,95.051,91.805
77.444,21.396,34.262,97.296,92.974
77.077,19.979,32.022,98.463,93.162
77.290,18.895,31.369,99.368,93.818
76.619,17.446,29.031,99.971,94.067
76.712,16.181,27.874,100.000,94.746
76.488,16.394,27.511,100.000,94.490
76.270,15.399,26.369,100.000,94.823
76.558,13.932,24.628,100.000,95.331
76.486,12.970,23.323,100.000,95.526
76.744,12.851,23.483,100.000,95.918
76.204,11.966,22.071,100.000,95.910
75.905,10.805,20.732,100.000,96.451
75.823,10.520,19.889,100.000,96.433
76.556,11.601,21.757,100.000,96.667
77.118,12.260,22.348,100.000,96.733
77.621,13.606,23.788,100.000,96.654
78.169,14.535,25.148,100.000,97.041
77.871,13.885,24.228,100.000,97.315
78.331,14.835,25.351,100.000,97.395
79.355,16.359,27.031,100.000,97.400
79.047,15.973,26.228,100.000,97.359
79.251,14.372,25.080,100.000,98.082
78.561,13.600,23.526,100.000,98.123
78.894,13.567,23.874,100.000,98.441
78.678,13.077,22.871,100.000,98.492
78.779,12.643,22.517,100.000,98.764
79.146,12.878,22.431,100.000,98.697
79.454,12.115,22.197,100.000,99.305
80.084,13.136,23.203,100.000,99.318
80.569,13.113,23.443,100.000,99.669
80.918,13.906,24.249,100.000,99.626
81.148,14.051,24.222,100.000,99.646
81.158,13.214,23.237,100.000,99.910
81.152,13.338,23.249,100.000,99.874
81.845,13.891,24.271,100.000,100.000
81.911,13.959,24.142,100.000,100.000
82.053,13.576,23.760,100.000,100.000
81.815,12.465,22.246,100.000,100.000
82.045,11.898,22.182,100.000,100.000
82.363,13.053,22.782,100.000,100.000
82.767,12.804,22.994,100.000,100.000
82.901,13.092,23.231,100.000,100.000
83.601,13.876,24.375,100.000,100.000
84.241,15.438,26.209,100.000,100.000
83.777,13.742,24.714,100.000,100.000
83.869,13.442,23.862,100.000,100.000
83.738,13.653,24.400,100.000,100.000
83.730,13.546,24.018,100.000,100.000
82.888,11.470,21.880,100.000,100.000
81.634,10.356,20.098,100.000,100.000
81.934,11.025,21.178,100.000,100.000
81.786,11.812,21.600,100.000,100.000
82.266,13.692,24.172,100.000,100.000
82.371,15.343,25.942,100.000,100.000
82.003,15.949,26.594,100.000,100.000
82.198,16.653,27.622,100.000,100.000
81.852,18.111,28.717,100.000,99.395
82.022,19.531,30.538,100.000,99.164
81.794,19.480,30.794,100.000,99.131
81.184,19.970,31.255,100.000,98.710
80.759,19.840,31.231,100.000,98.438
79.489,18.361,29.197,100.000,98.100
79.335,18.069,29.363,100.000,98.133
78.436,17.277,28.209,100.000,97.654
78.025,17.475,28.492,100.000,97.223
77.724,17.478,28.729,100.000,97.200
77.524,18.343,29.858,100.000,96.736
77.450,19.195,30.782,100.000,96.328
77.260,20.451,32.277,100.000,95.751
77.151,21.625,33.726,100.000,95.385
77.034,21.693,34.292,100.000,95.297
76.654,21.987,34.468,100.000,94.897
76.377,22.676,35.360,100.000,94.379
75.771,22.712,35.197,99.984,93.805
75.369,21.212,34.154,100.000,94.046
74.650,20.772,33.431,100.000,93.646
74.219,19.572,32.437,100.000,93.505
72.988,18.809,30.637,100.000,92.715
72.783,16.801,29.188,100.000,93.115
71.588,15.293,26.591,100.000,92.551
71.789,15.233,27.231,100.000,92.462
71.364,16.142,27.769,99.834,91.595
71.621,16.546,28.914,98.844,91.703
71.354,17.948,30.415,97.912,90.992
71.908,19.923,33.517,96.108,90.544
71.649,20.552,34.218,95.367,90.182
71.500,22.070,35.935,94.098,89.518
71.639,21.132,36.006,94.010,89.964
70.364,20.107,33.966,94.088,89.328
70.383,18.494,33.151,94.359,89.787
69.334,17.743,31.258,94.322,88.882
69.100,16.415,30.311,94.408,89.074
68.051,15.842,28.920,94.589,88.328
68.340,16.614,29.960,93.638,88.149
67.741,15.955,29.431,93.866,88.238
69.254,18.043,32.523,92.109,88.208
68.513,17.470,31.434,92.846,88.028
68.993,17.330,31.591,92.760,88.331
67.661,14.693,27.298,94.973,88.367
68.170,13.442,26.237,95.825,89.269
67.404,11.253,22.523,97.723,89.323
67.187,8.773,19.665,99.431,90.044
66.830,8.907,18.957,99.965,89.764
67.168,8.405,18.246,100.000,90.418
67.725,9.929,20.332,100.000,90.708
68.422,11.001,21.991,100.000,90.962
68.698,12.340,22.751,100.000,90.797
70.022,14.419,26.222,99.998,91.592
70.668,16.424,28.326,99.914,91.433
71.110,16.834,28.794,99.998,91.977
71.664,17.511,29.772,100.000,92.387
72.220,18.049,30.397,100.000,92.733
72.417,18.254,30.554,100.000,93.038
72.801,18.435,30.748,100.000,93.477
73.287,18.759,31.372,100.000,93.954
73.439,18.132,30.443,100.000,94.338
73.509,17.609,29.483,100.000,94.446
73.556,17.143,28.886,100.000,94.762
73.756,16.620,28.594,100.000,95.318
73.883,17.015,28.911,100.000,95.287
74.720,19.240,31.825,100.000,95.285
74.449,18.565,30.825,100.000,95.238
74.378,18.687,30.883,100.000,95.231
74.636,19.804,32.129,100.000,94.869
73.766,18.640,30.954,100.000,94.877
73.466,18.295,30.231,100.000,94.464
73.374,18.788,30.969,100.000,94.254
73.175,18.450,30.954,100.000,94.156
72.881,18.625,31.292,100.000,93.695
72.530,18.025,30.418,100.000,93.395
71.924,18.467,30.409,100.000,92.569
72.029,19.109,32.065,99.973,92.392
71.664,19.361,31.982,99.479,91.903
71.257,20.538,33.437,98.321,91.095
71.161,20.321,34.025,97.438,90.962
70.391,20.169,33.348,97.009,90.251
70.157,19.964,33.874,96.332,90.026
69.490,19.305,33.477,95.831,89.782
68.611,17.847,31.600,96.011,89.426
68.468,18.078,32.262,95.045,89.033
68.544,19.566,33.775,93.663,88.336
68.394,20.511,35.111,93.041,87.849
68.373,20.033,34.492,93.158,88.000
68.279,18.815,33.031,93.799,88.367
68.344,18.271,32.188,94.534,88.733
68.137,16.495,30.246,96.225,89.441
68.108,15.227,28.185,97.463,89.828
67.646,13.825,25.689,99.162,89.885
68.043,12.257,24.237,100.000,90.936
67.427,11.827,21.634,100.000,90.454
68.488,11.972,23.052,100.000,91.441
68.544,13.110,23.268,100.000,91.185
69.219,12.129,23.138,100.000,92.405
69.295,12.721,22.834,100.000,92.362
70.054,13.508,24.520,100.000,92.987
70.354,13.009,23.892,100.000,93.695
70.709,12.839,23.723,100.000,94.159
70.779,12.248,22.215,100.000,94.367
71.259,12.207,22.898,100.000,95.146
71.161,11.247,21.015,100.000,95.144
71.337,10.538,20.578,100.000,95.762
71.071,9.629,18.591,100.000,95.687
71.091,8.420,17.640,100.000,96.251
70.639,7.178,15.425,100.000,96.244
70.219,5.661,13.274,100.000,95.954
69.562,3.641,9.862,100.000,95.995
68.743,2.031,7.542,100.000,95.715
68.502,1.616,6.338,100.000,95.490
67.981,0.710,4.385,100.000,95.067
67.211,0.419,3.215,100.000,94.264
67.193,0.056,2.148,100.000,94.454
66.811,0.149,2.160,100.000,93.964
67.178,0.232,3.040,100.000,94.328
67.139,0.882,4.332,100.000,93.715
67.568,1.452,6.068,100.000,93.928
67.766,2.536,7.523,100.000,93.556
67.807,2.762,8.757,100.000,93.708
67.959,3.894,10.209,100.000,93.172
68.394,5.328,12.797,100.000,93.218
68.558,7.152,15.163,100.000,92.597
68.882,8.500,17.465,100.000,92.410
69.510,11.179,21.342,100.000,91.921
69.467,12.468,22.997,100.000,91.431
69.463,12.563,23.591,100.000,91.374
69.597,13.754,25.243,99.725,90.962
69.174,14.036,25.465,98.935,90.413
69.377,13.686,26.474,98.534,90.905
68.314,13.626,25.108,98.274,89.828
68.890,13.597,25.926,97.877,90.223
68.254,13.000,24.542,98.512,89.838
68.527,12.100,23.978,98.787,90.444
68.347,11.821,22.969,99.417,90.341
68.488,10.924,22.428,99.994,91.123
68.026,10.404,20.200,100.000,90.664
68.552,9.751,19.871,100.000,91.490
68.851,10.775,20.458,100.000,91.395
69.346,10.671,20.698,100.000,92.187
69.740,11.001,21.163,100.000,92.505
69.950,10.927,20.698,100.000,92.821
70.605,11.800,22.043,100.000,93.290
71.372,12.753,23.686,100.000,94.054
72.261,14.476,25.815,100.000,94.428
72.858,15.895,26.960,100.000,94.490
74.129,18.179,30.434,100.000,95.172
75.061,20.238,32.532,100.000,95.174
76.081,22.340,35.151,100.000,95.418
76.652,24.627,37.191,100.000,95.162
77.847,26.674,39.812,100.000,95.354
77.986,27.321,40.471,100.000,95.377
78.083,26.546,39.449,100.000,95.513
77.767,25.815,38.797,100.000,95.626
77.639,24.939,37.757,100.000,95.764
76.966,23.133,35.643,100.000,95.785
75.381,19.869,31.948,100.000,95.705
74.330,17.178,28.452,100.000,95.677
73.105,14.060,25.151,100.000,95.677
72.522,13.020,23.449,100.000,95.179
72.052,12.462,22.871,100.000,94.751
71.381,11.414,21.354,100.000,94.446
70.837,10.686,20.803,100.000,94.187
70.457,10.315,20.058,100.000,93.567
69.580,9.100,18.135,100.000,92.931
68.911,8.078,16.815,100.000,92.567
68.687,8.672,17.775,100.000,92.115
68.593,8.622,17.778,100.000,91.736
67.993,8.539,17.194,100.000,91.003
68.310,9.008,18.954,100.000,91.013
68.264,10.267,20.289,100.000,90.531
68.601,10.392,21.963,99.807,90.856
68.541,12.822,24.185,97.699,89.677
69.432,15.013,28.283,95.741,89.597
69.449,16.008,29.455,94.314,88.997
69.322,17.342,30.917,93.226,88.213
69.453,17.618,31.822,92.181,88.187
69.494,17.630,31.994,91.877,88.126
68.921,16.920,30.751,92.594,87.997
69.147,15.806,29.778,93.132,88.592
68.833,15.771,28.683,93.885,88.277
69.161,15.411,29.086,94.443,89.041
69.044,14.473,27.077,95.796,89.297
69.069,12.893,25.314,97.426,90.146
69.065,12.771,24.317,98.444,90.346
69.849,13.089,25.409,98.935,91.164
69.853,14.152,24.994,99.259,90.664
71.181,14.797,27.169,99.563,91.841
71.436,16.507,28.028,99.698,91.554
72.327,16.258,28.548,100.000,92.703
72.920,18.203,30.129,99.984,92.651
74.164,19.979,32.723,99.971,93.174
74.646,20.748,33.363,99.992,93.569
75.671,22.079,35.040,99.984,93.969
76.463,23.701,36.382,99.947,93.926
77.099,24.612,37.502,99.982,94.226
77.994,25.765,38.766,99.947,94.674
78.930,27.960,40.858,99.741,94.595
79.458,29.762,42.520,99.163,94.274
79.965,32.091,44.923,98.434,94.049
80.944,33.917,46.748,97.631,93.803
80.848,34.663,47.326,97.336,93.462
80.415,35.147,47.800,97.046,93.131
80.525,35.723,48.686,96.319,93.026
80.240,36.038,49.428,95.903,92.846
79.013,35.016,48.462,95.936,92.446
78.146,33.710,47.723,95.767,92.321
76.956,32.305,46.240,95.650,91.915
75.700,30.897,45.243,95.632,91.633
75.106,30.974,45.418,94.792,90.954
73.963,30.318,44.831,94.320,90.141
73.012,28.194,43.071,94.377,90.331
71.783,26.540,41.135,94.308,89.726
70.849,24.758,39.634,94.583,89.682
70.087,25.296,39.895,93.649,88.677
69.634,22.694,38.508,94.057,89.313
69.051,22.486,37.615,93.511,88.677
69.168,24.042,39.714,92.191,88.192
69.662,28.346,44.265,89.621,86.785
70.958,31.954,48.855,87.062,86.326
70.642,31.538,48.105,87.476,86.305
71.073,31.054,48.055,87.763,86.979
71.009,30.410,47.274,88.607,87.262
71.194,28.987,45.625,89.763,88.038
71.278,28.078,44.068,91.124,88.446
71.732,27.036,43.071,92.269,89.162
71.144,25.230,39.400,94.063,89.323
72.583,26.374,41.246,94.207,90.018
73.249,27.392,41.917,94.542,90.262
74.564,31.081,45.603,93.561,90.038
76.231,34.128,48.680,92.955,90.223
77.771,37.698,52.126,92.074,90.105
79.087,39.756,54.034,91.883,90.254
79.860,40.650,53.775,92.134,90.221
81.248,41.420,54.917,92.583,91.031
81.205,39.632,52.345,94.043,91.513
81.367,36.089,49.308,96.011,93.115
79.994,30.891,43.483,98.541,94.069
79.585,27.247,39.908,99.977,95.044
78.598,22.358,34.335,100.000,95.926
78.155,20.015,31.726,100.000,96.177
77.432,18.322,29.591,100.000,96.128
77.313,17.885,28.874,100.000,96.051
77.219,18.470,29.975,100.000,95.921
77.212,18.622,30.194,100.000,95.862
77.089,20.009,31.812,100.000,95.244
77.453,21.702,34.188,100.000,94.787
77.153,23.647,35.914,99.762,93.808
76.816,23.246,36.434,99.107,93.836
75.874,22.625,35.431,98.941,93.169
74.741,21.824,34.585,98.485,92.556
73.792,20.048,32.991,98.329,92.128
72.774,19.638,32.185,97.918,91.246
72.119,17.948,31.105,97.321,91.179
70.925,17.701,30.249,96.414,90.203
71.315,19.171,33.625,94.534,89.910
70.703,19.186,33.526,93.452,89.156
70.373,20.027,34.680,91.939,88.321
69.855,19.504,34.357,91.276,87.892
69.570,21.628,36.603,89.272,86.590
69.178,21.360,36.468,88.519,86.262
69.049,22.914,38.268,87.020,85.485
69.677,23.695,39.532,86.105,85.395
69.086,22.424,37.788,87.277,85.592
69.732,23.632,39.511,86.618,85.621
69.322,22.002,37.366,88.211,86.213
70.274,22.608,37.855,88.361,86.567
70.639,21.500,36.871,89.894,87.795
71.497,23.130,38.615,90.093,87.874
72.171,23.190,38.412,90.992,88.592
73.107,24.719,40.311,91.050,89.003
73.979,26.163,41.326,91.405,89.187
74.398,26.409,40.668,92.103,89.397
75.757,28.533,42.862,92.171,89.746
77.024,30.181,44.588,92.105,90.082
77.820,33.089,46.631,91.871,89.569
79.479,33.983,47.935,92.002,90.433
80.064,34.387,47.677,92.756,90.815
80.454,33.588,46.640,93.700,91.372
80.682,31.835,44.585,95.038,92.213
79.869,27.553,40.222,97.126,93.346
79.362,24.437,36.785,98.822,94.285
78.883,22.186,34.292,99.741,94.731
79.302,23.424,35.723,99.435,94.397
79.162,24.093,36.034,98.965,93.841
78.586,23.668,35.972,98.953,93.818
78.452,22.937,35.489,98.534,93.864
78.075,23.775,36.468,97.662,93.241
77.545,24.458,37.286,96.748,92.451
76.880,23.020,36.182,96.525,92.169
75.634,21.179,33.982,96.529,91.754
74.429,19.501,32.123,96.535,91.333
73.466,17.585,30.363,96.611,91.113
72.392,16.590,28.874,96.059,90.395
72.561,16.620,30.698,94.893,90.562
71.596,16.293,29.385,94.172,89.587
72.097,18.372,32.815,91.781,88.841
71.582,19.394,33.969,90.403,87.915
71.978,21.289,36.575,88.248,87.067
71.674,22.958,38.031,86.992,85.985
71.695,22.593,38.231,86.444,86.005
71.169,22.103,36.917,86.856,85.805
71.333,21.313,36.378,87.328,86.308
70.992,20.083,34.757,88.451,86.613
70.853,17.220,31.729,90.342,87.974
71.374,18.251,32.569,90.876,88.000
72.056,18.895,33.317,91.534,88.603
72.386,18.150,32.160,92.737,89.354
73.405,19.480,33.708,93.273,89.879
74.238,20.897,34.738,93.585,90.179
75.299,23.531,36.975,93.497,90.110
76.816,25.370,39.305,93.392,90.682
77.586,27.187,40.157,94.113,90.651
79.148,28.408,42.000,94.295,91.597
79.661,29.032,41.766,94.975,91.862
80.957,29.629,42.335,95.498,92.603
81.677,30.214,42.366,96.016,92.803
82.435,29.935,42.003,96.826,93.544
82.944,30.330,42.098,97.126,93.715
83.188,29.973,41.323,97.812,94.013
83.763,30.238,41.865,97.758,94.236
83.871,31.461,42.895,97.432,93.936
83.865,31.871,43.406,97.102,93.764
83.393,32.884,44.129,96.681,93.210
82.989,32.281,44.197,96.422,93.344
81.712,28.450,40.575,97.407,93.836
80.004,24.868,36.963,98.288,93.933
78.692,21.648,33.671,98.961,93.992
77.253,18.723,30.898,99.433,93.841
75.792,15.946,27.292,99.596,93.246
74.768,13.424,24.698,99.782,93.085
74.146,13.861,25.194,98.553,92.072
73.597,13.041,24.563,97.799,91.813
73.431,15.186,27.009,95.853,90.518
73.870,15.860,29.695,94.185,90.467
72.916,15.759,28.591,93.474,89.531
73.454,16.917,31.175,91.894,89.218
72.520,16.564,30.237,91.536,88.533
71.851,16.412,29.818,91.109,87.951
72.091,15.230,28.985,91.378,88.487
72.719,17.256,31.240,90.194,87.956
73.115,18.007,32.498,89.931,88.046
73.460,19.106,33.397,89.872,88.010
74.312,20.606,35.237,89.779,88.282
75.090,21.699,36.314,89.831,88.577
76.397,24.176,39.046,89.708,88.636
77.210,26.590,41.000,89.730,88.569
78.224,28.661,42.631,89.671,88.610
79.520,30.882,44.717,89.786,88.874
80.661,32.842,46.431,89.837,89.026
81.285,33.947,46.692,90.590,89.269
82.995,35.869,48.634,90.644,89.672
83.750,36.632,48.800,91.261,89.913
84.411,35.569,47.280,92.456,90.723
84.902,34.211,45.769,93.910,91.708
84.664,31.087,42.397,95.537,92.785
84.647,28.928,40.049,96.952,93.674
83.662,24.773,35.625,98.980,94.856
82.886,21.987,32.708,99.959,95.413
82.870,20.241,30.815,100.000,95.897
83.346,21.681,32.348,100.000,95.659
83.640,22.560,33.043,99.893,95.300
83.939,24.898,35.591,98.797,94.482
84.204,27.600,38.612,97.602,93.908
84.237,28.658,40.105,96.580,93.441
83.461,29.148,40.855,95.800,92.790
82.348,28.349,40.286,95.277,92.382
81.018,26.323,38.920,95.369,92.346
79.019,22.429,34.689,96.077,92.185
77.588,19.947,32.545,96.120,91.885
75.675,16.994,29.188,96.196,91.462
74.872,16.492,28.800,95.203,90.508
74.523,14.841,28.560,94.439,90.703
72.914,14.829,27.154,92.998,89.067
73.825,16.160,30.742,91.068,88.949
72.627,16.374,29.637,89.825,87.500
73.532,18.601,33.578,87.525,86.926
72.854,19.908,33.914,86.696,85.646
73.456,20.487,35.523,85.965,85.826
73.384,19.596,34.415,86.329,86.041
73.386,19.246,33.902,86.834,86.236
73.710,19.759,34.360,87.211,86.631
74.369,19.676,34.526,88.092,87.362
75.030,20.448,35.335,88.521,87.741
75.595,21.007,35.578,89.393,88.341
76.757,22.786,37.649,89.636,88.823
77.724,25.696,39.920,89.512,88.482
78.920,27.995,41.945,89.484,88.569
80.312,30.805,44.403,89.359,88.715
81.907,33.894,47.225,89.104,88.592
82.385,34.333,46.966,89.954,89.097
83.449,34.170,46.705,91.161,90.003
82.960,30.107,42.465,93.698,91.377
81.741,23.582,35.548,96.921,93.331
80.025,16.653,27.609,99.908,94.762
78.062,11.040,20.846,100.000,95.564
75.587,4.707,12.449,100.000,96.103
74.148,1.749,7.520,100.000,96.067
73.095,0.446,4.505,100.000,95.833
73.419,0.437,4.480,100.000,95.782
72.337,0.048,2.597,100.000,95.433
72.834,0.071,3.323,100.000,95.600
73.302,0.564,5.326,100.000,95.482
74.080,1.803,7.908,100.000,95.205
74.322,2.756,9.382,100.000,94.792
74.404,3.166,10.431,100.000,94.641
74.817,5.088,13.018,100.000,93.823
75.443,6.911,16.009,100.000,93.487
76.178,9.474,19.812,99.037,92.736
76.030,11.586,22.255,97.389,91.638
76.613,13.816,25.828,95.240,90.938
76.970,15.762,28.951,93.119,90.287
76.941,19.489,33.055,90.391,88.600
78.282,23.929,39.228,86.797,87.308
78.099,27.871,43.231,83.884,85.408
79.456,34.425,50.505,79.134,83.021
79.318,39.819,55.452,75.383,80.505
80.355,45.477,60.788,71.610,78.238
80.558,45.518,60.837,71.575,78.323
80.556,44.010,59.406,72.684,79.062
80.509,41.108,56.609,75.125,80.482
80.179,34.547,50.563,79.585,83.549
79.101,28.678,43.957,84.034,85.672
76.964,17.256,31.391,90.629,89.151
74.269,9.679,20.834,95.921,90.731
72.407,3.276,11.948,99.784,92.023
69.551,0.039,2.406,100.000,91.846
68.305,0.508,0.000,100.000,91.310
66.632,3.410,0.000,100.000,91.038
66.080,4.289,0.000,100.000,91.036
66.281,3.225,0.000,100.000,91.097
66.752,2.964,0.000,100.000,91.931
67.316,1.292,0.000,100.000,92.410
69.254,0.056,1.914,100.000,93.633
71.124,2.569,8.529,100.000,94.287
73.433,7.585,16.800,100.000,95.079
75.071,13.208,23.800,100.000,94.910
77.541,20.624,32.766,99.951,94.500
79.713,29.584,42.434,97.331,93.200
81.591,36.430,49.311,94.671,92.044
82.352,40.437,52.914,93.257,91.092
82.469,40.481,52.963,93.015,90.964
82.549,41.541,53.948,92.066,90.521
81.847,41.898,54.597,91.559,90.079
80.838,40.422,53.428,91.268,89.882
78.885,34.960,48.871,92.830,90.772
76.863,29.964,43.662,93.983,90.910
75.008,26.050,39.646,94.938,90.723
73.858,22.023,35.668,95.307,90.954
71.834,18.120,30.618,96.258,90.297
71.087,15.129,28.298,96.471,90.621
69.036,11.752,22.652,97.323,89.559
68.706,9.768,21.034,97.194,89.787
67.406,7.380,16.874,97.953,88.982
66.924,6.293,15.222,98.040,88.790
66.819,4.981,13.569,98.742,89.128
67.195,5.961,14.745,98.122,89.074
68.435,8.726,19.351,97.063,89.403
69.406,10.983,22.151,96.445,89.451
71.296,14.425,27.126,95.004,89.872
73.008,19.667,33.385,93.027,89.346
75.724,27.428,41.988,89.722,88.390
78.358,36.418,50.631,85.980,86.428
81.147,45.456,59.209,82.160,84.351
82.693,50.232,63.012,80.727,83.244
83.233,51.262,63.323,81.104,83.197
84.188,49.911,61.994,82.681,84.338
83.588,44.805,56.831,86.107,86.479
83.313,37.960,50.763,90.011,89.354
81.193,28.999,41.329,94.599,91.754
78.949,19.130,30.837,99.288,94.077
76.623,10.790,20.729,100.000,95.367
74.792,5.506,13.203,100.000,95.749
73.103,1.734,7.498,100.000,95.700
71.729,0.024,2.643,100.000,95.492
71.912,0.000,2.465,100.000,95.669
71.990,0.110,3.049,100.000,95.315
72.122,0.193,3.742,100.000,95.367
72.473,0.618,5.175,100.000,95.249
72.707,1.084,6.148,100.000,94.956
73.132,2.094,8.126,100.000,94.592
73.550,3.347,10.431,100.000,94.190
73.556,4.280,11.683,100.000,93.615
73.639,4.654,12.717,100.000,93.413
73.877,5.875,14.560,100.000,92.569
74.287,8.129,17.695,98.887,91.826
76.217,14.906,26.754,94.665,90.313
78.423,21.892,35.972,90.399,89.033
80.425,32.548,46.757,84.773,85.687
83.904,44.562,58.846,77.970,81.808
84.253,52.031,64.889,73.811,78.641
84.916,55.839,68.095,71.818,77.190
85.774,59.041,70.440,70.134,75.803
86.166,63.035,73.295,69.049,74.490
87.066,60.668,71.068,71.635,76.179
86.745,54.511,65.449,75.907,78.977
86.840,46.130,58.138,81.049,82.944
85.705,38.031,50.188,85.772,86.079
84.902,32.150,44.034,89.543,88.333
83.847,24.185,36.289,93.480,91.192
81.583,14.898,25.628,97.750,93.262
79.162,7.309,16.545,100.000,95.013
76.907,2.777,9.809,100.000,95.367
73.129,0.713,0.000,100.000,95.359
70.631,3.870,0.000,100.000,94.415
69.730,5.373,0.000,100.000,93.913
67.905,8.230,0.000,100.000,92.944
66.585,9.834,2.068,100.000,92.146
67.293,8.678,0.548,100.000,92.531
68.197,7.000,0.000,100.000,92.800
69.129,6.080,0.000,100.000,93.705
70.906,1.925,0.000,100.000,94.328
73.881,0.071,3.532,100.000,95.241
74.770,2.816,9.246,100.000,94.574
76.966,5.616,14.480,100.000,94.733
77.426,9.192,18.658,100.000,93.649
78.187,10.754,21.194,98.916,93.323
78.407,13.136,24.018,97.159,92.318
78.900,15.688,27.505,95.414,91.441
79.052,17.057,29.483,93.918,90.846
79.185,20.169,33.046,91.849,89.633
79.739,23.718,37.446,89.514,88.544
81.098,30.642,44.978,85.854,86.587
81.831,34.226,49.166,83.005,85.231
82.036,38.744,53.163,80.209,83.208
82.289,39.908,54.778,79.173,82.977
82.523,39.837,54.520,78.965,82.772
82.147,37.553,52.375,80.554,83.797
81.141,31.488,46.317,84.220,85.882
80.062,26.282,40.542,87.575,87.677
78.994,21.200,34.498,90.853,89.279
78.619,19.356,31.886,93.088,90.238
78.588,17.654,29.951,94.802,91.277
78.128,15.456,26.942,96.929,92.349
78.931,16.329,27.760,97.543,92.821
79.409,17.134,28.452,98.352,93.423
80.010,16.769,28.231,99.226,94.331
80.078,16.935,27.858,99.895,94.664
80.195,15.711,26.308,100.000,95.295
80.739,16.359,27.172,100.000,95.618
80.640,15.768,26.394,100.000,95.949
80.550,15.310,25.655,100.000,95.954
80.365,15.094,25.526,100.000,96.046
80.484,15.569,25.929,100.000,95.797
80.626,16.249,27.077,100.000,95.723
80.392,17.882,28.794,100.000,94.923
80.721,20.401,31.788,98.918,94.200
79.988,20.677,32.745,98.103,93.823
79.598,22.061,34.120,96.658,92.674
78.777,21.446,33.966,95.856,92.267
78.029,21.767,34.394,95.143,91.338
76.718,19.471,32.277,94.805,91.203
75.162,17.903,30.302,94.683,90.521
74.694,16.181,29.169,94.521,90.549
73.677,15.480,28.225,94.029,89.790
73.411,14.675,28.080,93.363,89.805
72.918,15.168,28.480,92.440,89.044
73.255,16.772,30.868,91.003,88.523
73.060,16.653,30.209,90.726,88.238
73.125,16.026,29.760,91.155,88.451
72.542,14.015,27.089,92.382,89.008
71.963,11.138,23.286,94.503,89.890
71.417,8.705,19.695,96.773,90.556
70.744,6.267,15.646,99.298,91.182
70.668,5.450,14.708,99.957,91.623
70.200,4.155,11.852,100.000,91.879
70.393,4.663,12.040,100.000,92.031
70.459,4.060,11.197,100.000,92.795
71.235,5.200,13.163,100.000,93.387
71.744,6.412,14.397,100.000,93.551
72.713,7.199,16.037,100.000,94.464
73.764,9.860,19.677,100.000,95.008
75.121,13.614,24.197,100.000,94.964
76.521,16.620,27.825,100.000,95.272
78.035,20.846,32.963,100.000,95.277
79.752,26.246,38.560,99.407,94.528
80.907,30.829,43.502,97.834,93.951
81.728,33.828,46.271,96.533,93.254
81.708,35.866,48.351,95.630,92.608
82.090,38.705,51.437,93.973,91.844
81.285,39.299,52.308,93.187,91.297
80.314,41.212,54.225,91.434,89.915
79.117,39.115,53.363,91.497,90.205
77.249,37.277,51.326,91.075,89.254
75.648,33.730,48.954,91.274,89.615
73.953,31.945,46.686,90.974,88.777
72.801,29.563,45.271,90.995,88.597
70.995,24.957,40.569,91.929,88.890
68.921,22.061,36.622,92.641,88.064
67.957,19.112,33.760,93.259,88.167
66.760,16.965,30.120,93.468,87.531
66.606,17.330,30.954,92.762,86.936
66.060,16.151,28.748,93.062,86.633
65.584,14.696,27.006,93.813,86.592
65.622,13.647,25.745,94.427,87.082
65.508,12.444,24.062,95.527,87.556
65.657,11.850,23.462,96.348,88.038
66.398,12.920,24.569,96.356,88.313
67.357,13.897,26.203,96.605,89.097
68.435,15.450,28.120,96.617,89.610
69.621,17.921,31.422,96.007,89.918
70.972,19.682,33.320,95.966,90.369
72.337,23.178,36.692,95.182,90.100
73.842,25.233,39.348,94.880,90.767
74.942,27.811,41.498,94.829,90.762
76.051,27.686,41.277,95.517,91.710
76.855,27.983,41.320,96.399,92.241
77.015,25.411,38.440,98.251,93.410
77.282,23.326,35.674,99.787,94.215
77.350,21.654,33.671,100.000,94.954
77.412,19.756,31.557,100.000,95.608
77.206,18.215,29.511,100.000,96.067
76.978,16.338,27.286,100.000,96.562
76.672,15.753,26.437,100.000,96.536
76.956,15.839,26.378,100.000,96.536
77.071,16.486,27.169,100.000,96.315
77.028,16.255,26.815,100.000,96.315
76.720,16.475,27.338,100.000,96.108
76.149,15.159,26.058,100.000,96.062
75.459,14.503,25.197,100.000,95.590
74.872,14.298,24.917,100.000,94.977
73.546,11.714,22.243,100.000,94.854
72.538,10.517,20.157,100.000,93.941
71.342,8.503,17.320,100.000,93.249
70.442,7.042,15.603,100.000,92.800
69.810,6.519,14.582,100.000,91.872
68.993,5.337,13.123,100.000,91.459
69.816,7.137,16.714,99.979,91.205
69.747,8.105,18.295,98.777,90.608
70.740,11.818,23.382,95.474,89.649
72.200,17.345,31.225,91.738,88.556
73.766,22.441,37.708,88.035,87.369
74.480,26.991,42.357,85.033,85.803
74.837,28.102,43.634,84.288,85.462
75.038,26.997,42.794,84.922,86.108
74.694,24.666,40.274,86.940,87.218
74.109,21.625,36.446,89.241,88.128
74.037,19.448,33.440,91.300,89.064
74.527,18.898,33.031,92.887,90.008
74.761,18.432,31.655,94.117,90.538
75.205,19.950,32.415,94.560,90.444
76.867,21.642,35.009,94.722,91.400
77.567,24.084,36.523,94.985,91.174
78.988,24.307,37.351,95.687,92.426
79.158,23.989,36.083,97.071,93.013
79.645,21.580,33.646,98.803,94.279
78.986,18.417,29.311,100.000,95.038
78.280,13.707,24.375,100.000,96.472
76.330,7.942,16.418,100.000,96.921
74.501,2.721,9.234,100.000,97.249
72.557,0.255,3.569,100.000,96.695
70.962,0.404,0.000,100.000,96.364
71.263,0.151,0.000,100.000,96.195
71.099,0.255,0.000,100.000,96.133
71.947,0.048,2.483,100.000,96.095
73.214,1.280,6.366,100.000,96.303
73.764,3.320,9.529,100.000,95.779
74.975,5.527,13.748,100.000,95.872
75.211,7.663,16.458,100.000,95.100
75.743,9.798,19.680,100.000,94.377
75.295,10.814,20.529,100.000,93.415
75.609,12.394,23.452,99.197,92.859
75.139,13.914,25.182,97.200,91.679
75.716,16.980,29.431,94.675,90.538
75.985,17.873,31.886,92.873,90.244
75.320,19.724,33.197,91.042,88.828
76.888,24.351,39.683,87.634,87.708
77.095,27.559,43.012,85.216,86.287
78.189,33.282,49.065,81.492,84.333
78.660,35.417,51.526,80.236,83.892
79.047,35.708,51.782,79.961,83.803
78.957,35.530,51.422,80.645,84.041
78.978,32.869,48.458,82.757,85.259
78.791,29.935,45.298,85.191,86.656
78.898,27.677,42.486,87.304,87.738
78.684,25.720,39.409,89.558,88.610
79.577,26.195,39.708,90.619,89.315
80.070,25.655,38.837,91.787,90.097
80.938,27.110,39.517,92.711,90.438
82.455,27.888,40.542,93.310,91.351
83.225,28.952,40.745,94.207,91.759
84.138,28.191,39.775,95.268,92.659
84.105,26.430,37.434,97.034,93.590
84.229,23.825,34.775,98.432,94.654
83.906,21.357,32.052,99.731,95.454
83.424,20.021,30.415,100.000,95.664
83.461,20.514,31.043,100.000,95.772
84.013,22.299,32.628,99.727,95.262
83.978,23.534,33.594,99.331,94.590
84.528,25.527,36.668,98.432,94.433
83.748,25.848,36.889,97.680,93.908
83.510,28.087,39.609,96.104,92.931
83.385,30.606,42.483,94.182,91.800
82.523,32.385,44.782,92.672,90.685
81.525,31.553,44.529,91.653,90.079
79.524,29.917,42.908,91.477,89.521
79.195,29.810,44.037,89.989,89.062
77.241,28.096,41.932,89.742,88.444
76.962,28.156,43.154,88.484,88.090
75.084,23.980,38.972,89.465,88.290
73.690,19.655,33.969,90.555,88.592
70.972,12.839,25.385,93.653,89.072
69.599,9.213,20.234,95.170,89.033
68.246,5.456,14.680,96.974,89.215
67.712,3.591,11.462,98.385,89.326
66.614,1.396,7.129,99.906,89.333
66.015,0.368,4.317,100.000,89.413
66.109,0.178,3.880,100.000,89.974
65.974,0.021,2.317,100.000,90.251
66.173,0.119,2.951,100.000,90.623
66.817,0.279,3.892,100.000,91.387
67.464,1.755,6.231,100.000,91.154
68.422,2.605,8.443,100.000,92.362
69.591,4.951,12.492,100.000,93.015
70.666,7.455,15.800,100.000,93.431
72.195,10.686,20.551,100.000,94.072
74.144,15.325,26.818,100.000,94.644
76.190,20.989,33.102,100.000,94.410
78.327,26.879,39.634,99.282,94.156
80.749,34.357,47.028,96.792,93.246
82.782,40.793,52.745,94.497,92.010
84.705,47.597,58.631,92.142,90.510
86.464,55.132,64.908,89.373,88.582
86.895,58.747,67.763,87.917,87.408
86.622,58.806,67.825,87.903,87.246
86.228,58.242,67.628,87.786,87.344
85.148,55.447,65.760,88.496,88.015
83.342,51.651,62.880,89.457,88.644
81.942,47.294,60.117,90.475,89.790
79.386,43.211,56.348,91.381,89.708
77.834,37.853,52.191,92.754,90.690
75.408,32.729,46.809,93.955,90.505
73.499,27.817,42.025,95.246,90.767
72.300,25.168,39.342,95.420,90.474
70.691,21.645,35.132,96.157,90.067
70.161,20.469,34.422,95.570,89.849
69.430,19.314,33.077,95.014,89.438
69.418,20.561,34.714,93.175,88.521
69.541,20.965,35.791,91.970,88.192
69.740,22.326,37.545,90.241,87.556
70.309,24.669,39.846,88.322,86.521
70.549,26.884,42.542,87.121,85.923
70.921,27.238,42.948,86.811,85.872
71.013,26.270,41.960,87.406,86.415
71.680,25.171,41.271,88.195,87.503
71.641,25.527,40.680,88.958,87.262
72.540,24.244,39.535,90.151,88.349
73.062,23.371,38.138,91.715,89.169
73.622,23.802,37.862,92.567,89.405
74.419,23.564,37.222,93.534,89.967
75.223,23.876,37.185,94.480,90.731
76.441,25.518,38.797,94.866,91.141
77.270,25.370,38.302,95.808,91.977
78.487,27.288,40.123,96.098,92.323
79.349,26.879,39.560,97.079,93.195
80.154,26.828,38.760,98.083,93.646
80.786,25.723,37.754,99.056,94.738
81.295,25.646,37.240,99.596,94.990
81.453,24.592,35.738,100.000,95.392
81.726,23.591,34.895,100.000,95.987
81.509,22.031,32.982,100.000,96.377
81.529,20.689,32.058,100.000,96.844
80.764,19.866,30.655,100.000,96.685
80.934,20.621,31.508,100.000,96.400
79.852,19.272,30.098,100.000,96.146
79.074,17.202,27.985,100.000,96.174
77.315,13.917,24.145,100.000,95.879
75.882,11.244,20.825,100.000,95.410
74.334,7.752,16.652,100.000,95.113
72.380,4.425,11.400,100.000,94.108
71.140,2.548,8.455,100.000,93.251
70.621,1.378,6.609,100.000,92.836
70.711,2.623,8.732,100.000,91.867
71.668,4.250,12.175,99.881,91.787
73.452,9.798,20.597,96.673,90.805
76.147,18.631,32.378,91.025,88.900
78.984,30.953,45.717,83.982,85.162
82.137,44.788,59.142,75.289,79.985
83.089,52.207,65.812,70.836,77.138
83.141,54.713,67.729,69.426,76.023
83.213,53.715,66.926,70.178,76.697
84.091,53.116,66.440,71.007,77.446
83.837,50.757,64.037,73.519,78.795
84.071,45.394,59.351,77.303,81.451
82.859,38.791,52.443,81.693,83.856
82.677,34.405,47.714,85.064,85.903
83.412,33.445,46.468,86.947,87.059
84.245,32.459,45.108,88.500,88.126
84.658,33.264,44.825,89.566,88.290
86.567,34.464,46.138,90.159,89.105
87.127,35.206,45.775,91.192,89.479
88.422,35.067,45.114,92.136,90.172
89.003,33.793,43.483,93.680,91.318
89.354,32.242,41.462,94.995,92.064
89.593,29.944,39.154,96.402,93.267
89.272,26.742,35.834,97.908,94.290
89.081,24.208,33.631,98.959,95.238
87.831,21.203,30.548,99.932,95.892
88.437,23.041,32.228,99.415,95.338
88.720,25.946,35.397,98.393,94.644
88.043,26.893,36.458,97.631,94.044
87.293,26.997,36.742,97.056,93.505
86.134,25.334,35.991,96.750,93.546
83.890,22.527,33.003,96.966,93.172
81.911,17.324,28.809,98.075,93.959
78.920,12.694,22.535,98.865,93.087
77.730,9.822,20.292,98.928,93.172
76.389,9.409,19.289,98.046,91.879
76.133,9.356,20.062,96.558,91.282
76.030,10.523,22.105,94.909,90.618
76.426,13.873,26.412,92.119,89.110
76.991,15.343,29.517,90.239,88.821
76.235,15.789,29.314,89.088,87.762
75.782,15.361,28.572,89.024,87.433
75.301,12.323,25.262,90.438,88.282
74.507,9.955,21.803,92.161,88.726
73.616,6.822,17.803,94.679,89.962
72.980,5.147,14.852,96.482,90.390
72.787,3.659,12.360,98.421,91.362
73.138,5.004,13.926,99.113,91.726
74.203,6.475,15.782,99.542,92.274
75.303,9.599,19.400,99.565,92.554
76.652,11.221,22.105,99.776,93.646
77.149,13.540,23.868,99.903,93.613
78.967,15.637,27.062,99.977,94.746
79.764,17.980,29.080,99.955,94.697
80.798,19.439,30.425,99.992,95.136
82.096,22.029,33.031,99.916,95.223
83.321,24.413,35.203,99.821,95.231
84.863,27.496,38.271,99.310,95.254
86.440,31.933,42.409,97.925,94.569
87.932,37.538,47.342,96.192,93.300
88.929,42.605,51.775,94.519,91.977
89.455,45.441,54.258,93.396,91.164
89.644,50.740,58.674,91.292,89.344
89.521,54.393,62.366,89.590,88.133
88.714,55.352,63.615,88.482,87.521
87.170,53.478,62.963,88.498,87.900
85.033,49.751,60.535,89.166,88.554
82.704,45.988,57.963,89.878,89.021
80.698,41.571,54.646,90.485,89.549
78.717,37.288,50.948,91.315,89.667
76.239,31.292,45.366,92.939,90.092
74.197,25.447,39.440,94.263,90.369
71.368,18.574,31.145,96.861,90.336
69.623,12.513,24.071,98.588,90.859
67.874,8.966,18.615,99.341,89.728
66.673,5.450,13.440,99.943,89.523
65.756,3.089,9.963,100.000,89.282
65.185,2.147,7.332,100.000,88.451
65.167,1.984,7.034,100.000,88.423
65.395,1.732,7.151,100.000,88.936
65.583,1.726,7.388,100.000,89.408
65.854,2.302,8.169,100.000,89.472
66.427,3.023,9.317,100.000,89.992
67.382,3.897,11.166,100.000,90.772
68.186,5.474,13.071,100.000,91.018
69.529,7.348,15.935,100.000,91.749
70.974,10.745,20.538,100.000,92.085
72.187,12.242,22.649,100.000,92.985
73.530,15.533,26.551,100.000,93.205
74.903,17.728,29.345,100.000,93.821
76.482,19.786,31.994,100.000,94.523
77.689,22.964,34.812,99.986,94.187
79.236,25.379,37.735,99.770,94.700
81.020,29.676,41.717,98.779,94.351
82.726,33.609,45.102,97.578,93.715
84.292,37.657,48.948,96.508,93.333
85.900,42.982,53.615,94.657,92.259
85.971,44.960,55.234,94.113,91.600
86.316,45.399,55.409,93.610,91.249
86.797,47.906,57.618,92.280,90.385
85.889,48.239,58.240,91.996,90.138
85.175,47.042,57.588,91.666,90.128
83.598,44.678,55.982,91.865,90.218
81.997,40.199,52.548,92.947,91.000
80.252,37.083,49.698,93.275,90.874
78.473,32.685,46.378,94.133,91.403
76.820,30.235,43.658,94.213,90.823
75.022,26.914,40.489,94.712,90.697
74.070,25.251,39.203,94.146,90.297
72.635,23.026,36.489,94.322,89.692
72.292,22.064,36.394,93.671,89.636
71.013,19.020,32.892,94.170,89.613
70.206,17.470,30.809,94.055,89.126
69.047,13.852,26.714,95.238,89.351
67.166,9.284,19.542,97.416,88.946
66.341,6.472,15.265,98.916,88.933
66.245,5.515,14.120,99.528,89.356
65.686,4.214,12.037,100.000,89.546
65.450,3.270,9.874,100.000,89.500
65.485,2.510,8.286,100.000,89.918
65.865,2.726,8.862,100.000,90.479
66.125,2.625,7.978,100.000,90.818
67.023,3.855,10.025,100.000,91.359
67.556,4.182,10.578,100.000,92.097
68.607,5.527,12.942,100.000,92.890
69.184,6.151,13.468,100.000,93.326
69.859,6.032,13.822,100.000,94.290
70.405,6.368,14.265,100.000,94.756
70.711,5.293,12.551,100.000,95.287
70.904,4.880,11.982,100.000,95.787
71.458,4.957,12.255,100.000,96.300
72.243,6.383,14.360,100.000,96.595
73.074,7.951,16.698,100.000,96.862
74.189,10.710,20.151,100.000,96.808
75.002,13.086,22.898,100.000,96.736
75.211,13.582,23.658,100.000,96.692
75.819,16.047,26.431,100.000,96.200
76.110,17.042,28.166,100.000,96.100
76.067,17.205,28.234,100.000,95.836
76.165,18.233,29.702,100.000,95.464
75.972,19.801,31.185,100.000,94.395
75.938,19.483,31.778,100.000,94.441
75.192,20.707,32.652,99.542,93.051
75.041,20.276,32.991,98.335,92.669
74.271,22.242,34.668,96.233,91.021
74.716,23.612,37.415,93.938,90.264
73.602,22.703,36.523,92.920,89.531
73.366,23.365,37.840,91.325,88.851
73.115,24.161,39.169,89.677,88.067
72.468,23.059,38.526,89.383,87.854
71.448,21.045,35.785,89.790,87.587
70.395,17.562,31.135,91.278,87.841
69.868,15.812,29.234,92.481,88.254
69.958,14.642,27.846,93.193,88.610
70.005,14.360,27.295,94.037,89.105
70.512,15.094,28.120,94.572,89.441
71.255,15.417,28.329,95.309,90.079
72.356,17.630,30.545,95.390,90.462
73.981,21.072,34.000,95.061,90.472
75.648,22.822,36.308,95.279,91.387
76.711,25.391,38.028,95.656,91.495
78.828,26.974,40.098,96.051,92.508
79.702,27.591,40.031,96.843,93.005
81.045,28.643,40.594,97.260,93.472
81.899,27.437,39.302,98.362,94.446
82.383,26.617,37.782,99.277,94.854
82.508,25.082,36.169,99.984,95.577
82.223,23.261,34.154,100.000,96.074
82.586,22.905,34.080,100.000,96.428
82.393,22.866,33.671,100.000,96.341
82.929,25.563,36.738,99.973,95.659
82.554,26.902,37.895,99.559,94.928
82.562,28.369,39.597,98.491,94.346
82.164,28.940,40.874,97.567,94.028
81.035,29.302,41.228,96.475,92.903
80.486,29.843,42.809,95.098,92.231
78.752,28.102,40.769,94.433,91.382
77.574,27.449,40.637,93.405,90.503
76.342,24.277,38.138,93.150,90.321
74.020,20.829,33.542,93.690,89.769
73.534,19.353,33.631,92.957,89.667
72.292,17.689,31.298,92.429,88.974
71.674,17.137,31.452,91.473,88.462
71.214,17.802,31.575,89.857,87.385
71.239,20.656,34.948,87.874,86.133
72.516,23.160,38.711,85.815,85.731
72.758,25.260,40.640,84.545,85.062
72.978,24.895,40.634,84.894,85.464
72.626,23.130,38.391,86.440,86.195
72.399,20.232,34.945,88.874,87.418
72.425,18.102,32.323,91.175,88.721
72.372,16.317,29.938,93.347,89.508
72.310,14.740,27.375,95.426,90.274
72.844,14.113,26.175,97.060,91.162
73.298,14.702,26.012,98.019,91.590
74.813,17.431,29.655,97.884,92.174
75.812,18.711,30.652,98.387,92.838
77.522,22.426,34.723,97.828,92.982
79.132,24.999,37.582,97.728,93.485
80.560,27.873,39.895,97.292,93.364
82.229,31.173,43.268,96.790,93.441
83.872,35.304,46.735,95.675,92.836
85.296,39.641,50.357,94.466,91.990
86.626,44.033,54.191,93.017,91.074
87.683,48.996,58.378,91.337,89.774
88.250,52.575,61.074,89.935,88.559
87.778,53.074,61.572,89.549,88.215
87.763,54.449,63.271,88.478,87.749
86.600,53.837,63.098,87.996,87.356
85.895,53.015,63.385,87.433,87.454
83.826,51.417,62.480,87.392,87.233
82.453,49.094,61.342,87.113,87.446
80.669,47.211,60.425,86.977,87.164
78.809,43.421,57.692,87.183,87.549
76.798,42.168,56.674,86.737,86.779
75.607,38.993,54.991,86.823,87.167
73.335,36.044,51.548,87.113,86.674
72.955,34.826,52.145,86.554,86.967
71.510,34.033,50.468,85.815,85.731
71.255,31.865,49.252,85.875,86.259
69.864,29.967,45.932,86.407,85.528
69.705,28.212,44.098,86.832,85.797
69.496,26.498,42.446,87.743,86.195
69.549,25.679,41.391,88.275,86.479
69.239,23.059,37.963,90.149,87.172
70.003,21.280,36.668,91.222,88.318
70.518,20.808,35.123,92.226,88.490
71.452,21.411,35.252,92.553,88.782
73.164,21.714,36.348,92.930,89.885
74.014,23.454,36.982,93.101,89.638
75.429,25.016,38.415,93.183,89.944
76.859,25.159,38.788,93.813,90.972
77.758,27.027,39.948,94.228,90.951
79.058,26.671,39.502,94.944,91.910
80.090,28.206,40.440,95.449,92.103
81.408,28.117,40.252,96.032,92.908
82.658,29.528,40.957,96.133,92.908
83.925,31.233,42.415,95.979,93.046
85.232,32.955,43.714,95.849,92.985
85.937,33.825,44.031,95.763,92.787
86.990,35.486,45.794,95.197,92.697
87.400,39.109,48.545,94.283,91.572
87.655,40.045,49.483,93.460,91.059
87.745,41.547,50.969,92.427,90.418
87.835,43.077,52.677,91.311,89.656
86.704,40.647,50.754,91.750,90.008
85.487,36.430,47.422,92.142,90.490
83.833,32.183,43.849,93.047,91.090
81.749,27.446,39.108,93.743,91.179
81.035,25.195,37.665,93.501,91.021
80.016,24.488,36.905,92.458,90.179
79.971,26.071,39.271,90.377,88.905
79.844,27.199,40.883,88.199,87.846
80.146,30.659,45.135,85.060,86.131
80.113,33.404,48.480,82.040,84.503
79.918,34.850,50.382,80.049,83.426
78.735,33.344,48.883,79.577,83.046
77.331,29.073,44.846,80.885,83.831
75.632,24.024,39.231,83.266,84.892
75.624,22.762,37.978,84.073,85.423
75.160,20.570,35.295,85.737,86.108
74.651,17.538,31.575,88.125,87.169
74.043,14.704,27.874,90.793,88.323
74.240,12.189,25.443,93.066,89.851
73.503,10.166,21.249,95.478,90.277
73.647,7.995,18.994,97.849,91.836
72.770,6.573,15.108,99.795,91.805
73.082,6.148,14.963,100.000,92.656
72.452,4.609,11.957,100.000,93.218
72.963,4.877,12.886,100.000,94.046
72.711,4.704,11.705,100.000,94.256
73.653,4.883,12.874,100.000,95.400
73.686,6.189,14.018,100.000,95.415
74.977,8.004,16.889,100.000,96.121
75.858,10.609,19.852,100.000,96.208
77.580,14.366,24.997,100.000,96.613
79.442,20.024,31.305,100.000,96.195
80.926,25.414,36.708,99.996,95.341
82.578,30.368,41.803,98.955,94.628
83.188,32.691,43.969,98.003,94.133
83.755,37.514,48.563,95.862,92.697
84.040,40.716,51.926,94.055,91.662
83.746,42.804,54.391,92.557,90.841
82.566,42.031,54.102,91.914,90.479
81.078,41.001,53.292,91.417,89.785
79.678,37.232,51.089,91.773,90.321
77.268,34.244,47.662,91.756,89.436
75.661,29.159,43.775,92.567,90.138
72.583,23.205,36.498,94.166,89.626
71.376,19.344,33.292,94.731,89.895
69.254,14.618,26.905,95.710,89.344
68.125,11.553,23.434,96.194,89.156
67.201,10.870,21.566,95.365,87.933
67.043,9.641,20.542,94.878,87.790
66.632,9.941,20.246,94.035,87.069
66.986,9.756,20.148,93.604,86.895
67.612,10.279,21.418,93.084,87.303
68.047,11.844,23.388,92.902,87.303
68.966,12.361,24.215,93.002,87.803
69.841,12.578,24.800,93.589,88.526
70.875,12.661,25.369,94.427,89.597
71.459,13.561,25.443,95.086,89.721
72.967,14.761,27.418,95.570,90.746
74.207,17.193,29.409,95.539,90.731
75.849,18.010,30.572,96.128,91.697
76.828,20.508,32.566,96.282,91.715
77.958,19.543,31.646,97.393,92.885
78.861,20.621,32.065,98.052,93.228
80.080,19.647,31.277,99.066,94.431
80.760,20.264,30.812,99.630,94.467
81.940,20.247,31.265,99.969,95.379
82.433,20.882,31.188,100.000,95.408
83.071,20.469,30.895,100.000,95.923
83.449,20.642,30.711,100.000,95.974
83.633,19.284,29.471,100.000,96.590
83.734,18.800,28.828,100.000,96.767
83.477,17.621,27.394,100.000,96.869
83.135,16.427,26.323,100.000,97.085
82.652,16.139,25.526,100.000,96.713
82.985,15.937,25.874,100.000,96.818
82.402,16.778,26.203,100.000,96.164
82.977,17.761,27.652,100.000,95.962
82.769,18.634,28.763,100.000,95.423
82.940,19.623,30.040,99.513,94.931
82.989,21.708,32.092,98.103,93.736
83.440,22.819,34.083,96.775,93.346
83.291,24.921,36.228,95.147,92.144
83.059,25.872,37.375,93.639,91.015
83.036,26.564,38.502,92.292,90.223
82.619,27.259,39.372,91.148,89.341
82.554,26.169,39.018,90.278,89.105
81.765,25.290,38.246,89.740,88.608
80.963,24.482,37.569,88.968,88.056
80.975,23.864,37.908,87.985,87.792
80.086,22.940,37.009,87.066,87.056
79.805,22.762,37.218,86.027,86.605
79.825,22.741,37.803,85.097,86.315
79.374,24.223,38.877,83.794,84.949
79.419,24.336,39.138,82.966,84.595
78.998,23.816,38.692,82.884,84.513
79.801,25.456,40.326,81.835,83.808
80.127,25.792,40.929,81.950,84.218
80.928,26.840,42.077,82.073,84.387
81.416,27.054,41.948,82.827,84.808
82.231,27.303,42.086,83.504,85.146
82.584,27.048,41.166,84.834,85.779
83.375,27.556,41.283,85.809,86.249
84.124,27.282,40.769,86.858,86.892
84.247,27.686,40.022,87.848,86.985
85.657,27.853,40.400,88.603,87.954
86.193,28.616,40.280,89.652,88.174
86.889,27.701,38.920,90.847,89.038
87.536,28.168,38.868,91.543,89.379
88.388,27.686,38.052,92.645,90.272
89.032,27.006,36.969,93.542,90.836
89.504,26.573,35.849,94.527,91.326
90.465,26.326,35.591,95.174,91.987
90.947,26.335,34.997,95.853,92.213
91.516,26.356,34.483,96.338,92.533
92.282,25.685,33.892,96.839,93.146
92.622,25.533,33.385,97.239,93.290
92.830,25.189,32.988,97.629,93.597
93.029,25.343,32.994,97.840,93.721
92.633,24.788,32.142,98.079,93.597
92.881,25.382,32.818,97.929,93.497
92.963,25.613,33.234,97.697,93.521
92.930,26.347,33.960,97.089,93.015
92.785,27.271,35.074,96.350,92.503
92.399,27.571,35.502,95.938,92.164
91.955,27.416,35.458,95.609,91.738
91.631,27.392,36.055,94.954,91.431
90.954,26.718,35.631,94.497,91.118
90.301,26.870,35.982,93.858,90.477
89.942,25.699,35.591,93.409,90.569
89.476,25.789,35.985,92.739,90.010
88.671,25.420,35.794,92.195,89.382
88.065,24.027,35.157,91.479,89.256
87.330,23.594,34.905,90.761,88.567
86.817,23.160,35.169,89.593,87.962
86.565,24.639,36.926,88.028,86.828
86.236,25.536,38.218,86.602,85.831
86.210,25.506,38.895,85.251,85.333
85.857,26.472,40.203,83.658,84.354
85.723,27.526,41.572,82.248,83.474
85.737,28.203,43.012,80.737,82.897
85.087,29.834,44.388,79.284,81.623
85.007,30.832,45.745,77.658,80.656
84.138,29.575,44.674,77.611,80.785
84.167,29.552,44.772,76.814,80.333
83.592,29.041,44.065,77.054,80.410
83.833,28.378,43.597,77.477,80.795
83.502,25.821,40.892,79.257,81.851
83.340,23.772,38.514,81.104,82.921
82.880,20.199,34.628,83.748,84.549
83.250,17.559,32.326,85.840,86.267
81.907,14.835,28.102,88.234,87.251
81.925,13.531,26.600,89.886,88.279
81.923,12.023,24.622,91.573,89.418
81.577,11.485,23.055,92.737,89.738
81.987,10.939,22.797,93.717,90.726
81.513,10.377,20.880,94.839,90.869
81.858,10.074,20.763,95.921,91.749
81.509,7.983,18.049,97.346,92.746
81.088,6.980,16.246,98.717,93.282
81.072,6.519,15.394,99.661,93.872
81.318,6.109,14.948,100.000,94.500
81.283,5.976,14.578,100.000,94.941
81.895,7.636,16.542,100.000,95.162
82.859,9.641,19.025,100.000,95.372
83.785,12.525,21.905,99.984,95.072
85.304,16.587,26.372,99.460,94.846
86.885,21.565,31.415,98.239,94.233
88.581,27.211,36.862,96.748,93.303
89.564,31.904,40.858,95.531,92.233
91.329,38.031,46.585,93.595,90.959
91.892,41.521,49.418,92.510,89.969
92.364,45.183,52.498,91.436,88.764
92.202,45.640,52.868,91.021,88.510
91.807,46.427,53.895,90.588,88.231
91.107,45.845,53.692,90.274,88.205
90.742,45.325,53.772,89.921,88.310
89.317,43.454,52.517,89.983,88.415
88.320,41.847,51.742,89.703,88.497
87.018,39.415,50.031,89.903,88.774
85.520,36.656,47.942,90.120,89.064
84.656,34.918,46.723,89.888,88.900
82.977,32.228,44.505,90.303,88.949
81.698,28.969,41.800,90.555,89.336
80.601,27.478,40.560,90.299,89.067
79.807,26.457,39.849,89.896,88.677
78.900,25.082,38.831,89.449,88.533
78.545,25.590,39.963,88.453,88.023
78.159,25.910,40.723,87.189,87.338
77.752,25.976,41.252,86.148,86.985
77.432,27.523,43.065,84.450,85.897
76.991,27.529,43.363,83.414,85.323
75.632,26.261,41.486,83.445,84.933
75.392,25.480,40.794,83.689,85.082
75.057,24.033,39.391,84.206,85.346
74.533,22.498,37.437,85.023,85.610
74.055,19.231,33.705,87.066,86.621
73.033,15.129,28.351,89.964,87.641
72.456,11.800,24.058,92.495,88.697
72.553,10.119,22.271,94.490,89.872
71.959,8.500,19.382,96.441,90.431
71.695,7.300,17.111,98.237,91.015
72.269,8.396,18.797,98.820,91.492
72.588,8.886,18.609,99.571,91.790
73.248,9.967,20.043,99.869,92.305
73.780,11.467,21.560,99.996,92.626
74.876,11.987,22.846,100.000,93.610
74.973,13.326,23.575,100.000,93.500
75.808,14.859,25.757,100.000,94.015
76.496,15.533,26.615,100.000,94.554
77.116,16.118,27.474,100.000,95.036
77.340,17.603,28.505,100.000,94.831
78.144,18.239,29.431,100.000,95.262
78.799,19.569,30.837,100.000,95.477
79.481,20.838,32.271,100.000,95.708
79.992,22.168,33.428,100.000,95.682
80.593,23.644,35.182,100.000,95.728
81.012,25.192,36.302,100.000,95.390
82.168,27.772,39.492,99.711,95.231
81.993,28.634,39.972,99.544,94.833
82.092,29.064,40.434,99.236,94.628
82.365,31.295,42.643,97.941,93.949
82.531,33.926,45.880,96.656,93.277
82.221,36.029,47.991,95.174,92.246
81.841,36.668,49.098,94.096,91.756
80.901,37.449,49.920,93.000,90.828
79.901,36.041,49.323,92.665,90.669
78.696,34.814,48.132,92.134,90.028
77.134,32.236,45.954,92.372,89.923
76.270,30.843,45.191,91.752,89.585
74.663,28.637,42.812,91.846,89.126
73.909,27.107,41.809,91.259,88.885
73.012,25.756,40.828,90.861,88.728
72.462,26.501,41.742,89.356,87.726
72.403,26.573,42.877,88.320,87.459
71.520,26.032,41.785,87.382,86.623
70.890,26.160,41.702,86.362,85.723
70.830,26.712,42.551,85.152,85.164
70.841,27.764,43.732,83.800,84.459
70.586,28.488,44.182,82.933,83.618
72.076,32.441,48.702,79.713,82.503
72.916,36.231,52.532,77.395,81.221
73.868,38.176,54.717,76.065,80.813
74.439,39.183,55.825,75.615,80.690
75.632,42.634,59.012,73.788,79.741
76.379,45.177,60.862,73.017,78.990
77.777,43.656,59.643,74.066,80.174
78.471,41.503,57.412,76.666,81.633
78.540,37.134,52.788,79.922,83.531
78.789,33.668,48.969,82.831,85.197
79.062,31.592,46.486,85.202,86.482
79.294,29.614,43.985,87.220,87.374
79.388,26.742,40.292,89.560,88.633
79.747,25.652,38.637,91.181,89.536
80.296,24.755,37.532,92.583,90.436
80.415,23.169,35.102,94.392,91.344
81.115,22.706,34.655,95.281,92.090
81.501,22.159,33.508,96.629,92.879
82.313,21.583,33.062,97.494,93.779
82.467,21.550,32.065,98.409,93.969
83.315,20.888,31.763,99.302,95.028
83.288,20.181,30.317,99.942,95.236
83.755,19.596,30.015,100.000,95.926
83.843,19.293,28.957,100.000,95.992
84.376,19.154,29.406,100.000,96.577
84.194,19.165,29.080,100.000,96.485
83.949,17.401,27.345,100.000,97.051
83.898,17.568,27.274,100.000,96.792
83.808,17.912,27.754,100.000,96.628
83.289,17.137,26.957,100.000,96.521
82.490,16.368,26.000,100.000,96.138
82.102,15.699,25.797,100.000,96.182
81.470,15.601,25.566,100.000,95.610
81.318,16.587,27.028,99.922,94.900
80.876,16.968,28.089,99.146,94.433
80.589,19.480,30.508,96.923,92.705
80.415,19.759,32.003,95.467,92.197
79.628,21.072,32.895,93.834,90.667
79.503,21.238,34.551,92.089,90.069
78.113,19.751,32.742,91.325,89.300
77.282,19.620,33.394,89.685,88.421
76.826,18.248,32.794,88.864,88.244
74.975,17.015,30.105,87.991,86.641
74.478,14.761,29.065,87.661,86.872
72.988,13.267,26.228,87.396,86.021
72.754,13.121,26.738,86.466,85.546
71.900,12.694,25.560,86.244,85.021
71.674,11.158,23.828,86.776,85.279
72.185,11.182,24.332,86.620,85.479
71.775,11.259,23.782,87.452,85.610
72.152,10.413,23.237,88.190,86.413
72.512,10.312,22.791,89.367,87.018
72.413,9.281,20.978,91.050,87.726
72.542,7.856,18.991,93.138,88.805
72.356,6.513,17.000,95.153,89.751
72.255,5.099,15.065,97.245,90.895
71.947,4.470,13.062,98.645,91.177
72.592,5.085,14.178,99.661,92.003
72.832,5.198,13.600,100.000,92.372
73.610,6.763,15.542,100.000,92.751
74.109,6.772,15.649,100.000,93.679
75.250,9.391,18.797,100.000,93.946
76.293,11.218,21.049,100.000,94.572
77.687,13.199,23.852,100.000,95.228
78.485,15.212,25.458,100.000,95.274
80.010,17.184,27.957,100.000,95.815
81.051,19.468,29.945,100.000,95.836
82.576,21.933,32.508,100.000,95.931
83.635,23.635,34.218,100.000,96.126
84.902,25.622,36.046,100.000,96.162
85.596,27.413,37.302,100.000,95.836
86.368,26.914,36.923,100.000,96.341
87.002,28.337,38.052,100.000,96.169
87.423,28.996,38.766,99.996,96.310
87.922,30.021,39.609,99.963,96.067
88.515,31.405,41.089,99.651,95.882
88.404,32.198,41.548,99.423,95.500
88.659,34.075,43.452,98.504,94.962
88.406,35.545,44.815,97.830,94.315
87.856,36.858,46.077,97.085,93.610
87.458,36.890,46.831,96.303,93.469
86.327,37.416,47.535,95.587,92.736
85.409,38.084,48.655,94.536,92.005
84.725,38.833,50.277,93.333,91.431
83.151,38.851,50.538,92.046,90.428
82.258,40.312,52.686,90.428,89.428
81.026,41.048,53.880,88.632,88.079
79.698,39.118,53.055,87.821,87.977
77.834,37.918,52.040,87.035,87.151
76.806,36.380,51.542,86.337,86.808
75.621,33.796,49.668,86.390,87.121
74.503,33.062,48.723,85.805,86.449
74.575,33.917,50.335,84.522,85.959
73.926,33.124,49.348,84.859,85.903
74.199,33.211,49.458,84.528,85.872
74.310,32.061,48.372,85.532,86.533
74.234,29.813,45.812,87.273,87.413
74.199,28.043,43.382,89.356,88.346
74.394,25.699,40.188,91.569,89.238
74.577,23.309,36.917,93.840,90.272
74.940,21.726,34.831,95.576,91.356
75.940,22.729,35.326,96.634,91.844
77.264,22.848,35.658,97.379,92.931
78.746,26.032,38.394,97.241,92.897
80.862,29.165,41.508,96.414,93.095
83.118,34.832,46.551,95.151,92.433
85.606,39.884,50.569,93.893,91.718
88.158,45.842,54.951,92.390,90.428
90.227,50.852,58.545,91.136,89.215
92.126,54.075,60.468,90.447,88.346
93.368,56.094,61.554,90.329,87.859
94.509,53.781,59.265,91.413,88.982
94.466,51.120,56.763,92.657,89.903
94.429,46.587,53.068,94.215,91.454
93.924,45.777,52.065,94.755,91.536
94.189,46.555,52.843,94.589,91.451
93.404,44.895,51.886,94.650,91.836
93.080,45.604,52.443,94.137,91.264
92.343,47.220,54.188,93.405,90.597
91.602,47.333,54.757,92.612,90.177
89.911,47.475,55.342,91.978,89.718
88.882,46.424,55.363,91.615,89.903
86.723,43.656,53.498,91.842,90.141
85.048,40.463,51.658,92.107,90.603
83.054,37.862,49.649,92.017,90.315
81.310,34.485,47.342,92.436,90.736
79.778,32.346,45.443,92.083,90.144
77.746,29.151,42.658,92.360,90.154
76.837,27.746,41.658,91.937,89.744
75.172,24.704,38.332,92.308,89.500
74.453,23.009,37.502,92.103,89.559
73.014,20.006,33.711,92.908,89.392
72.113,18.037,31.489,93.138,89.369
71.171,14.912,27.480,94.538,89.677
70.701,11.856,23.877,96.122,90.182
70.297,9.991,21.212,97.241,90.451
69.457,8.170,17.929,98.955,90.505
69.014,5.322,14.302,100.000,91.326
68.971,5.257,13.271,100.000,91.277
69.369,5.459,13.594,100.000,91.782
69.788,6.386,14.283,100.000,91.874
70.798,8.343,17.449,100.000,92.449
71.376,8.803,18.111,100.000,93.208
72.253,10.618,20.385,100.000,93.451
73.423,12.795,23.163,100.000,94.000
74.260,13.885,24.683,100.000,94.659
75.077,14.918,26.209,100.000,95.259
75.367,15.726,26.360,100.000,95.126
75.790,14.808,25.662,100.000,95.972
75.767,14.030,24.437,100.000,96.318
75.841,13.053,23.163,100.000,96.800
75.642,11.417,20.772,100.000,97.187
75.884,10.508,20.095,100.000,97.805
76.104,11.241,20.415,100.000,97.721
76.794,10.499,20.178,100.000,98.690
77.682,12.822,22.295,100.000,98.513
79.245,16.097,26.757,100.000,98.785
81.082,21.907,32.855,100.000,98.277
83.147,25.934,37.898,100.000,98.364
84.233,30.425,41.391,100.000,97.359
85.680,34.749,45.935,100.000,96.723
86.612,39.070,49.622,99.462,95.718
87.029,41.797,51.871,98.522,94.895
87.905,46.264,56.117,96.664,93.692
88.110,51.357,60.102,94.408,91.741
88.268,55.094,63.825,92.645,90.764
87.332,55.890,64.855,92.039,90.138
86.099,54.188,63.994,92.000,90.382
84.255,51.512,62.323,92.666,90.690
82.790,49.569,61.286,92.672,90.762
81.168,46.255,59.000,93.480,91.244
79.474,43.950,57.357,93.758,91.179
77.781,40.591,54.905,94.334,91.351
76.535,40.223,54.283,93.764,90.405
76.071,40.104,55.292,92.918,90.333
75.283,40.532,55.360,92.087,89.444
74.708,40.728,55.483,91.485,88.687
74.821,40.377,55.455,91.091,88.856
74.942,41.322,56.425,90.373,88.549
74.932,41.247,56.418,90.547,88.708
75.827,42.557,57.434,89.978,88.615
76.211,42.804,57.360,90.539,88.818
77.416,43.154,57.591,90.818,89.433
78.510,43.481,57.418,91.165,89.700
79.688,44.277,57.240,91.695,89.879
81.226,44.550,57.548,92.048,90.633
81.981,44.333,56.397,92.861,90.897
82.940,42.441,54.142,94.098,91.767
83.952,42.216,53.520,94.767,92.215
85.278,42.599,53.305,95.166,92.551
86.435,42.418,52.615,95.658,92.941
87.628,43.243,52.772,95.929,92.805
88.905,42.230,51.778,96.369,93.713
89.648,41.966,50.852,96.985,93.854
90.758,40.965,49.615,97.467,94.415
92.136,42.124,50.431,97.504,94.438
92.910,42.429,50.314,97.584,94.505
93.870,43.623,50.815,97.346,94.110
95.398,46.237,52.966,96.707,93.662
96.252,49.266,55.157,95.886,92.690
96.634,51.063,56.477,95.209,92.046
97.268,52.340,57.400,94.827,91.710
96.488,51.645,56.803,94.989,91.764
96.231,52.144,57.492,94.661,91.651
95.002,48.928,55.428,95.603,92.787
93.499,46.053,53.123,96.354,93.382
91.838,41.634,50.166,97.820,94.805
89.611,36.359,45.634,99.279,95.728
88.049,33.935,43.643,99.807,96.018
86.868,31.904,42.409,100.000,96.321
85.247,29.445,39.969,100.000,96.313
84.268,28.399,39.265,100.000,96.300
82.892,26.876,37.615,100.000,96.044
82.970,27.386,38.945,99.990,95.892
81.761,27.006,38.105,99.977,95.259
81.119,26.201,37.794,99.834,94.992
79.645,23.234,34.975,100.000,95.205
77.906,19.130,30.520,100.000,95.392
75.962,14.820,25.058,100.000,95.221
74.552,10.217,19.806,100.000,95.544
72.686,6.412,14.178,100.000,95.249
72.434,5.468,12.948,100.000,95.241
72.263,4.734,11.969,100.000,95.362
71.313,3.053,9.265,100.000,95.428
71.678,3.410,9.729,100.000,95.546
72.198,3.906,10.591,100.000,95.851
72.692,4.981,12.135,100.000,96.195
73.606,6.436,14.477,100.000,96.792
74.115,7.167,15.372,100.000,97.067
74.782,8.099,16.631,100.000,97.500
75.112,8.619,17.283,100.000,97.697
74.893,6.478,14.554,100.000,98.333
74.905,6.386,14.166,100.000,98.462
74.878,5.601,13.098,100.000,98.756
74.909,4.093,11.323,100.000,99.372
75.158,4.122,11.406,100.000,99.703
75.340,3.923,11.092,100.000,99.964
75.903,4.354,11.643,100.000,100.000
76.831,6.038,14.406,100.000,100.000
78.520,9.035,18.569,100.000,100.000
80.525,13.793,24.249,100.000,100.000
83.172,19.851,31.674,100.000,100.000
85.633,27.021,39.043,100.000,100.000
87.833,33.407,45.351,100.000,99.451
89.632,40.410,51.305,100.000,97.882
90.559,44.702,54.917,99.901,96.838
91.161,46.225,56.166,99.337,96.405
90.744,46.038,55.698,99.341,96.187
90.797,46.510,56.351,99.050,96.115
89.611,44.669,54.858,99.631,96.356
88.581,42.940,53.588,99.914,96.536
87.261,40.466,51.711,100.000,96.915
85.859,38.669,50.025,100.000,96.946
85.023,38.548,50.505,100.000,96.710
84.038,38.438,50.557,100.000,96.297
83.336,41.678,53.409,99.269,94.903
83.373,44.523,57.114,97.422,94.123
82.580,49.353,60.920,94.729,91.867
81.989,53.353,64.966,92.522,90.156
81.811,55.812,67.720,90.313,89.074
80.694,56.436,68.757,89.264,88.277
79.163,54.042,67.037,89.465,88.287
77.645,49.712,63.982,90.668,88.995
75.872,44.936,59.603,92.163,89.479
74.252,38.467,53.911,94.634,90.708
72.733,33.641,48.511,96.670,91.038
71.327,27.772,42.548,99.245,91.897
70.535,25.156,38.991,100.000,91.854
70.533,24.241,38.120,100.000,92.182
70.767,24.654,38.600,100.000,92.303
71.216,25.607,39.326,100.000,92.287
71.799,25.435,39.400,100.000,92.887
72.569,25.685,39.197,100.000,93.110
73.639,25.762,39.446,100.000,93.831
74.681,27.654,41.120,100.000,93.851
75.987,28.257,41.738,100.000,94.382
76.804,29.103,41.991,100.000,94.544
78.228,29.599,42.560,100.000,95.203
79.087,29.451,41.972,100.000,95.590
80.107,29.053,41.366,100.000,96.067
80.671,28.061,39.797,100.000,96.608
81.946,27.743,39.400,100.000,97.354
82.418,25.304,36.997,100.000,98.321
82.718,23.329,34.305,100.000,98.777
83.172,21.889,32.969,100.000,99.451
83.767,21.093,32.148,100.000,99.951
84.227,20.639,31.609,100.000,100.000
85.042,21.764,32.646,100.000,100.000
85.973,22.575,33.828,100.000,100.000
86.908,23.846,35.102,100.000,100.000
87.244,25.328,36.994,100.000,100.000
86.901,23.383,34.692,100.000,100.000
86.602,22.548,33.708,100.000,100.000
86.542,23.609,34.932,100.000,100.000
85.341,21.319,32.474,100.000,100.000
84.994,21.432,32.514,100.000,100.000
84.438,22.014,32.834,100.000,99.982
83.843,22.138,33.403,100.000,99.777
83.490,23.537,34.689,100.000,99.015
83.153,25.293,36.415,100.000,98.303
83.317,29.097,40.702,100.000,97.397
83.057,31.776,43.329,100.000,96.205
82.718,36.400,47.831,98.727,94.559
82.547,39.783,52.102,96.849,93.610
81.084,39.691,52.145,96.092,92.792
80.025,39.498,52.514,95.420,92.367
78.465,37.277,50.794,95.679,92.200
77.370,34.327,48.268,96.459,92.597
75.913,31.057,44.794,97.693,92.759
75.275,27.939,41.775,98.846,93.272
74.675,26.718,40.326,99.452,93.205
74.934,27.083,40.692,99.158,93.162
75.125,27.977,41.628,98.805,93.056
75.558,29.486,43.308,98.212,92.879
75.895,29.759,43.720,98.235,92.990
75.938,30.597,44.477,97.888,92.779
75.958,29.979,44.185,98.101,93.136
75.817,28.886,43.268,98.565,93.444
75.626,28.289,42.428,98.838,93.451
75.164,28.402,41.898,98.567,92.662
75.082,27.930,41.369,98.696,92.841
75.480,28.212,42.465,98.941,93.428
75.562,27.998,42.034,98.926,93.310
75.291,27.900,41.465,99.134,93.110
75.416,28.025,41.902,98.931,93.303
75.412,28.123,42.012,98.922,93.200
75.303,28.156,41.914,98.863,93.131
75.490,28.099,41.997,98.990,93.187
75.369,28.069,41.871,98.924,93.195
75.361,28.064,41.911,98.910,93.223
75.291,28.093,41.886,98.844,93.097
75.353,28.061,41.880,98.861,93.087
75.435,28.078,41.923,98.976,93.118
75.363,28.099,41.889,98.875,93.108
75.285,28.072,41.908,98.926,93.097
75.422,28.072,41.898,98.984,93.231
75.336,28.102,41.917,98.892,93.190
75.406,28.064,41.886,98.978,93.241
75.410,28.090,41.902,98.873,93.131
75.402,28.078,41.849,98.924,93.182
75.311,28.087,41.920,98.898,93.110
75.392,28.037,41.880,98.963,93.185
75.342,28.093,41.908,98.912,93.167
75.350,28.069,41.880,98.805,93.133
75.348,28.037,41.855,98.920,93.164
75.365,28.069,41.889,98.892,93.118
75.396,28.090,41.883,98.935,93.190
75.326,28.072,41.911,98.937,93.144
75.402,28.067,41.880,98.957,93.159
75.392,28.111,41.932,98.832,93.210
75.394,28.087,41.917,98.982,93.203
75.385,28.087,41.902,98.914,93.131
75.426,28.072,41.920,99.004,93.231
75.381,28.075,41.868,98.896,93.172
75.404,28.129,41.942,98.908,93.182
75.383,28.099,41.920,98.857,93.179
75.373,28.064,41.865,98.875,93.187
75.373,28.099,41.926,98.910,93.208
75.428,28.087,41.898,98.902,93.190
75.322,28.064,41.871,98.916,93.095
75.367,28.114,41.883,98.867,93.190
75.371,28.078,41.905,98.797,93.154
75.429,28.061,41.898,98.969,93.208
75.385,28.090,41.898,98.951,93.174
75.363,28.096,41.908,98.894,93.149
75.412,28.058,41.892,98.928,93.185
75.348,28.108,41.917,98.842,93.174
75.410,28.117,41.880,98.935,93.226
75.412,28.105,41.914,98.896,93.174
75.383,28.058,41.886,98.926,93.210
75.389,28.129,41.905,98.916,93.190
75.367,28.108,41.902,98.844,93.103
75.420,28.058,41.877,98.980,93.179
75.439,28.120,41.938,98.965,93.182
75.301,28.090,41.923,98.879,93.154
75.433,28.052,41.883,98.957,93.285
56.594,28.402,46.788,63.841,70.033
56.551,28.432,46.803,63.826,70.015
56.590,28.414,46.766,63.861,70.041
56.580,28.411,46.791,63.798,69.982
56.560,28.393,46.748,63.835,70.041
56.555,28.432,46.840,63.812,70.021
56.605,28.378,46.788,63.888,70.069
56.535,28.429,46.828,63.847,70.013
56.580,28.384,46.775,63.910,70.038
56.582,28.411,46.803,63.888,70.023
56.586,28.441,46.775,63.833,70.018
56.525,28.423,46.812,63.791,70.044
56.623,28.411,46.791,63.876,70.067
56.603,28.414,46.815,63.863,70.026
56.555,28.423,46.797,63.828,70.023
56.568,28.358,46.763,63.849,70.033
56.543,28.429,46.828,63.832,70.041
56.556,28.402,46.791,63.871,70.010
56.555,28.408,46.766,63.828,70.028
56.603,28.399,46.800,63.865,70.072
56.556,28.417,46.834,63.835,70.049
56.570,28.396,46.800,63.847,70.054
56.545,28.444,46.831,63.816,70.026
56.570,28.375,46.782,63.882,70.044
56.566,28.456,46.831,63.845,70.033
56.607,28.402,46.815,63.892,70.072
56.562,28.447,46.800,63.835,70.041
56.582,28.399,46.809,63.902,70.026
56.564,28.426,46.825,63.882,70.062
56.590,28.390,46.769,63.851,70.046
56.578,28.393,46.788,63.872,70.021
56.588,28.429,46.769,63.810,69.938
56.556,28.432,46.797,63.857,70.036
56.584,28.381,46.782,63.878,70.028
56.580,28.423,46.828,63.826,70.036
56.533,28.426,46.797,63.843,70.008
56.611,28.411,46.806,63.880,70.074
56.594,28.417,46.800,63.886,69.964
56.562,28.429,46.812,63.841,70.031
56.551,28.402,46.769,63.878,70.023
56.555,28.417,46.794,63.832,70.015
56.601,28.459,46.815,63.880,70.085
56.619,28.381,46.754,63.857,70.038
56.578,28.420,46.788,63.845,70.103
56.539,28.438,46.822,63.835,70.021
56.607,28.411,46.797,63.861,70.062
56.623,28.408,46.791,63.861,70.072
56.582,28.456,46.846,63.832,70.059
56.638,28.423,46.797,63.929,70.049
56.555,28.444,46.825,63.835,70.000
56.617,28.435,46.803,63.876,70.023
56.613,28.405,46.791,63.894,70.082
56.537,28.387,46.748,63.847,69.992
56.455,28.147,46.409,63.952,70.018
56.531,27.704,46.123,64.216,70.256
56.465,27.930,46.142,64.142,70.092
56.523,27.817,46.175,64.268,70.241
56.461,28.031,46.237,64.142,70.074
56.488,28.016,46.178,64.175,70.056
56.418,27.998,46.163,64.280,70.100
56.459,27.983,46.218,64.286,70.190
56.399,27.945,46.148,64.294,70.146
56.371,27.805,46.071,64.241,70.149
56.443,27.945,46.117,64.190,70.064
56.465,27.930,46.169,64.206,70.144
56.519,28.173,46.366,64.048,70.069
56.576,28.236,46.575,63.958,70.023
56.642,28.310,46.588,63.982,70.146
56.603,28.254,46.529,63.989,70.121
56.477,28.266,46.446,64.058,70.115
56.465,28.159,46.406,64.261,70.221
56.412,28.242,46.458,64.266,70.179
56.204,29.231,47.092,64.418,69.877
57.726,31.975,51.120,62.554,69.849
56.597,29.174,47.538,65.218,70.644
56.923,29.338,48.151,65.074,70.787
57.847,30.588,49.658,64.370,70.700
57.426,30.419,49.191,65.294,70.815
57.354,29.103,48.157,66.702,71.710
56.506,24.936,43.314,70.087,73.095
55.777,23.686,41.246,71.992,73.433
56.993,25.405,43.883,71.333,73.626
56.644,25.331,43.462,72.351,73.818
57.268,25.396,44.086,73.187,74.521
57.586,26.691,45.295,73.569,74.744
58.341,28.441,47.566,73.357,74.826
59.431,30.659,50.542,72.863,75.123
60.111,32.100,51.982,73.111,75.290
60.961,32.709,53.240,73.548,75.926
60.799,31.764,51.898,75.332,76.656
60.766,31.800,51.877,76.153,76.754
59.807,31.031,49.837,77.559,76.467
59.973,29.846,48.711,78.551,77.013
59.945,29.860,48.785,78.409,76.982
59.815,30.514,49.228,77.711,76.367
59.858,31.292,50.025,76.843,75.933
60.616,31.461,51.443,75.695,76.538
60.938,32.447,52.929,73.942,76.126
61.010,33.906,54.458,71.485,74.933
60.123,34.155,54.052,70.122,73.836
59.862,33.317,53.462,69.038,73.521
58.869,32.450,52.120,68.055,72.769
58.185,31.212,50.929,67.218,72.264
57.120,30.618,49.289,66.288,71.344
57.011,30.570,49.689,64.674,70.792
56.192,30.748,49.132,63.371,69.669
55.952,31.129,49.406,61.780,68.872
55.681,31.396,49.357,60.593,68.251
55.297,32.661,50.046,59.015,67.028
54.971,32.875,50.145,58.255,66.800
55.724,34.797,51.898,56.500,65.879
55.870,34.883,52.332,56.535,66.064
56.077,34.853,52.354,56.724,66.215
55.841,34.505,51.908,57.990,66.541
57.075,35.123,53.520,57.847,67.318
57.483,35.536,54.006,58.579,67.682
58.132,36.189,55.200,59.060,68.118
58.532,36.537,55.582,60.088,68.674
59.368,36.677,56.286,61.205,69.618
59.988,37.425,57.289,62.244,70.105
60.778,37.879,58.163,63.344,70.949
61.640,39.189,59.625,64.089,71.395
62.537,40.808,61.354,64.707,71.774
63.403,41.687,62.471,65.935,72.472
63.978,40.802,61.957,68.338,74.021
64.231,40.532,61.372,70.520,74.562
62.297,40.033,57.877,72.953,73.549
63.560,37.672,57.495,75.991,76.210
62.704,36.077,54.037,78.664,76.559
63.559,34.562,53.477,80.918,78.497
64.746,34.001,53.748,82.129,80.082
64.477,32.510,52.665,83.872,81.262
64.298,31.720,51.295,84.941,81.615
65.561,33.294,53.615,84.194,81.759
65.007,33.341,53.111,84.112,81.277
65.290,34.416,54.289,83.309,80.772
66.064,37.695,58.095,80.739,79.762
65.610,42.747,62.452,76.818,76.895
64.818,44.737,63.665,73.889,74.746
64.717,46.050,65.397,71.153,73.710
63.839,46.154,65.489,68.769,72.315
63.658,43.582,64.292,67.636,73.359
62.956,44.004,65.000,65.132,72.144
61.782,42.631,63.172,63.779,71.246
60.292,41.078,61.191,62.851,70.482
59.651,39.765,60.298,61.864,70.192
58.033,38.286,57.569,61.455,69.313
57.487,37.698,57.123,60.530,68.844
56.163,35.245,54.142,61.363,68.785
55.428,33.344,52.145,62.022,68.982
55.548,35.741,54.037,60.037,67.800
56.213,36.308,55.237,59.472,67.959
56.174,36.210,54.905,59.879,68.144
56.742,37.098,56.265,59.674,68.244
57.151,37.888,56.966,60.043,68.413
58.148,38.750,58.338,60.345,68.936
58.637,38.364,58.360,62.008,69.931
59.072,38.108,58.258,63.720,70.831
59.727,37.686,58.317,65.690,72.059
59.994,37.324,57.677,67.893,72.964
60.823,36.789,57.825,70.214,74.428
61.223,35.860,56.723,73.006,75.859
61.494,38.242,58.369,73.714,75.003
61.033,36.760,54.972,76.882,75.662
62.632,38.277,57.735,78.226,76.959
62.753,37.633,56.434,80.519,78.218
65.676,36.299,58.446,82.712,81.772
63.902,34.045,52.717,86.173,81.697
65.530,33.332,54.154,87.694,83.795
64.686,31.942,50.166,90.147,83.844
65.440,30.573,49.840,91.738,85.428
65.362,29.774,47.969,93.259,85.828
66.121,30.264,49.006,93.522,86.503
65.399,27.428,45.769,94.960,87.049
65.680,27.850,45.895,94.802,86.890
65.189,28.004,45.711,94.478,86.400
65.959,30.826,49.437,92.341,85.633
65.573,31.889,50.686,90.894,84.733
64.845,31.310,50.345,89.759,83.992
63.592,29.085,48.292,89.133,83.585
61.952,26.893,45.455,88.607,82.582
60.482,24.838,42.597,87.704,81.515
59.411,26.593,43.545,84.378,78.638
57.830,24.431,39.975,83.598,77.574
57.621,22.299,39.905,82.609,78.238
57.457,23.926,41.212,79.448,76.823
58.750,26.908,46.895,75.090,76.236
58.362,29.424,48.132,72.017,74.033
59.637,32.625,52.828,68.798,73.349
59.680,35.408,55.086,66.651,71.915
60.423,36.154,56.514,65.986,72.138
60.138,34.826,55.126,67.187,72.705
60.357,34.390,54.895,67.950,73.195
60.162,33.377,53.431,70.042,73.972
60.692,32.813,53.342,71.820,75.110
60.932,32.456,52.908,73.844,76.151
61.154,32.789,52.963,75.656,76.508
60.819,34.274,52.698,77.026,75.744
61.564,34.461,52.929,78.748,76.744
62.291,34.413,53.074,80.940,78.100
63.598,32.011,51.874,84.282,81.315
64.448,33.273,53.517,85.649,82.254
65.501,34.033,53.791,87.119,83.008
66.296,34.945,54.557,88.486,83.849
67.312,35.159,54.366,90.067,84.728
68.351,35.040,54.320,91.565,85.962
67.909,33.665,51.277,93.569,86.349
69.434,33.294,51.754,94.807,87.949
69.161,32.456,49.317,96.299,88.100
70.502,32.058,49.668,97.315,89.479
70.580,30.956,47.520,98.567,90.015
70.061,28.254,44.403,99.875,90.738
70.204,27.072,42.726,100.000,91.236
70.613,27.089,42.868,100.000,91.505
71.038,27.606,43.711,100.000,91.585
70.876,27.627,43.502,100.000,91.467
70.607,27.562,43.262,100.000,91.210
70.461,28.069,43.695,100.000,90.923
70.715,30.143,46.237,99.220,90.269
71.077,33.276,49.815,97.479,89.346
70.974,35.301,52.886,95.767,88.467
70.083,36.175,53.702,94.460,87.349
69.467,36.810,55.172,92.906,86.577
67.870,36.632,55.040,91.545,85.336
66.864,34.728,54.175,90.837,85.277
64.592,33.240,52.080,89.707,83.797
62.763,29.136,48.889,89.494,83.718
60.312,26.329,44.188,88.868,81.977
58.809,23.484,40.732,88.437,81.233
58.038,27.161,43.702,84.175,77.869
57.851,26.691,43.289,82.808,77.374
57.822,26.534,44.477,81.759,77.744
58.454,29.920,48.443,78.838,76.485
59.013,31.954,51.012,77.321,76.044
59.436,32.293,51.911,77.249,76.497
60.353,36.127,55.929,75.365,75.485
61.433,42.023,61.295,72.538,73.818
62.660,44.416,64.191,72.536,74.177
63.911,47.220,66.637,72.627,74.200
65.216,48.545,68.218,73.914,75.336
67.043,45.483,67.126,77.483,79.015
67.273,45.530,65.732,79.764,79.400
68.712,45.183,65.865,81.845,80.913
68.999,44.295,63.689,84.551,81.877
69.985,42.756,62.394,87.035,83.710
70.116,40.416,59.218,89.810,84.895
70.067,37.354,55.262,92.598,86.462
71.112,37.128,54.988,93.749,87.356
71.058,35.414,52.305,95.537,88.082
72.286,34.075,51.338,96.960,89.515
72.082,32.412,48.271,98.452,90.023
72.817,31.342,47.449,99.349,91.000
73.164,31.158,46.566,99.865,91.246
73.620,30.422,45.837,100.000,91.818
73.417,29.228,44.129,100.000,92.092
73.324,28.007,42.868,100.000,92.397
73.320,28.102,42.708,100.000,92.274
73.335,28.349,42.991,100.000,92.241
72.524,26.991,41.329,100.000,92.205
71.857,26.873,41.988,100.000,91.949
71.381,27.282,42.495,100.000,91.459
71.331,28.693,44.326,99.891,90.882
71.397,32.426,48.640,98.009,89.631
71.005,33.644,51.258,96.418,89.018
69.049,33.612,50.751,95.053,87.364
67.967,32.311,50.812,93.893,87.023
65.528,30.098,47.738,93.197,85.679
64.600,28.699,47.742,91.537,84.985
63.250,28.004,46.514,89.730,83.469
63.034,29.727,49.065,86.361,81.921
62.252,31.132,50.188,83.313,79.928
61.141,35.771,53.314,78.510,76.033
62.038,37.683,57.052,75.441,75.492
61.654,40.526,59.123,72.302,73.410
62.935,43.044,63.089,69.802,73.349
63.369,42.715,63.775,69.804,74.321
64.282,44.975,66.243,68.328,73.815
65.118,50.805,71.175,65.331,71.728
65.641,55.735,74.609,63.705,69.705
67.129,57.520,76.474,64.469,70.290
68.388,60.276,78.760,65.039,70.415
70.642,60.282,79.529,67.396,72.505
72.347,60.220,79.440,69.779,74.049
73.614,60.642,79.215,72.323,75.074
74.866,60.520,78.378,75.194,76.385
76.326,60.036,77.271,78.101,77.879
77.467,58.456,75.095,81.357,79.510
78.216,57.161,72.757,84.114,80.713
79.678,54.577,69.926,87.014,82.808
79.916,51.230,65.742,89.902,84.436
80.538,47.481,61.766,92.524,86.349
80.760,44.550,58.040,94.640,87.559
82.120,44.286,57.289,95.541,88.341
81.870,41.458,53.695,97.026,89.182
82.139,37.470,49.828,98.653,90.741
81.299,32.958,45.163,99.965,91.897
80.924,29.516,41.745,100.000,92.900
79.536,25.325,37.092,100.000,93.708
79.715,23.683,35.720,100.000,94.364
78.111,20.184,31.652,100.000,94.879
78.083,18.102,29.643,100.000,95.305
76.865,16.567,27.674,100.000,95.331
77.124,16.388,27.612,100.000,95.392
74.858,13.329,24.175,100.000,95.738
75.264,14.304,25.578,100.000,95.487
75.270,15.786,27.483,100.000,94.897
73.979,16.246,27.375,100.000,94.123
74.919,17.829,30.742,100.000,94.249
74.843,21.830,34.655,100.000,92.726
74.622,23.540,37.145,100.000,91.908
74.137,24.719,38.772,99.963,91.197
72.860,24.018,38.932,99.528,90.646
71.317,23.909,38.763,98.362,89.210
70.214,23.130,39.000,96.880,88.536
69.328,24.402,40.554,94.692,86.882
68.322,23.315,40.391,93.183,86.151
67.022,23.516,40.738,90.816,84.503
67.033,25.114,43.495,87.458,82.949
66.331,26.810,45.080,84.058,80.746
66.049,32.230,50.252,78.750,76.874
65.483,32.153,50.495,76.582,75.946
65.854,34.669,53.529,73.614,74.813
66.860,36.656,56.662,71.627,74.528
66.552,37.784,57.071,71.247,73.867
66.836,35.646,55.760,72.836,75.321
66.117,34.713,53.705,74.609,75.400
66.012,33.350,51.600,77.278,76.400
66.374,31.435,49.806,80.394,78.372
67.217,27.306,46.695,84.902,82.092
66.920,25.147,43.689,88.642,83.803
66.368,23.172,40.320,91.972,85.082
67.047,22.100,39.314,94.612,86.962
66.752,21.838,37.465,96.705,87.464
67.137,19.454,35.163,99.557,89.682
66.834,19.151,33.292,100.000,89.838
66.782,16.383,30.529,100.000,91.436
66.534,15.177,28.265,100.000,91.913
66.565,13.641,26.271,100.000,92.736
66.269,12.266,23.963,100.000,93.167
66.173,10.024,21.683,100.000,94.244
65.464,8.741,19.065,100.000,94.005
64.754,5.887,15.440,100.000,94.759
65.157,6.062,16.089,100.000,95.118
65.477,6.448,16.394,100.000,95.210
67.178,9.326,20.951,100.000,95.772
68.476,12.412,23.991,100.000,95.369
68.919,13.199,25.840,100.000,95.587
69.252,14.304,26.677,100.000,95.279
69.379,15.673,28.151,100.000,95.069
71.331,19.269,33.443,100.000,95.256
71.290,22.073,36.163,100.000,94.349
71.972,25.601,40.443,100.000,93.569
71.594,26.495,41.618,100.000,93.244
70.986,27.948,43.615,100.000,92.364
69.816,28.444,44.612,100.000,91.677
68.860,29.263,45.846,99.988,90.641
67.556,29.171,46.302,99.319,89.813
65.545,28.218,45.246,98.423,88.387
64.448,27.425,45.338,96.970,87.613
63.311,29.706,47.431,94.109,85.451
63.284,31.500,51.329,90.717,84.287
61.603,31.025,50.366,88.461,82.538
60.840,31.351,51.154,86.082,81.303
59.397,31.874,50.938,83.393,78.938
57.865,32.124,48.917,81.531,76.554
58.520,33.012,51.698,79.709,76.515
57.748,32.326,49.868,79.721,75.944
58.635,35.117,53.957,77.760,75.659
59.175,37.579,56.446,76.933,75.321
60.092,38.663,57.735,77.416,75.826
61.254,40.288,59.563,78.372,76.600
62.800,39.308,60.049,81.012,79.526
65.204,40.113,62.889,82.504,81.862
65.074,40.879,60.483,84.844,81.454
67.016,40.339,61.437,87.236,83.756
67.074,38.144,57.031,90.836,85.010
68.080,36.685,55.658,93.454,86.744
69.178,35.058,53.015,95.892,88.164
69.742,32.257,49.775,98.345,89.897
69.939,29.721,45.778,99.994,90.954
70.789,28.215,44.489,100.000,92.115
70.800,25.744,40.846,100.000,92.872
70.917,22.890,37.702,100.000,93.908
71.274,22.233,36.566,100.000,94.136
71.155,19.008,33.231,100.000,95.303
70.859,17.475,30.865,100.000,95.415
70.719,16.391,29.428,100.000,95.533
70.824,16.130,29.277,100.000,95.631
69.254,13.392,25.532,100.000,95.485
69.336,13.677,25.622,100.000,95.295
68.658,11.844,24.283,100.000,95.872
67.168,11.022,22.615,100.000,95.108
66.156,9.650,21.215,100.000,94.715
64.491,8.877,19.037,100.000,93.626
64.580,9.296,21.071,100.000,93.459
63.662,10.460,20.809,100.000,91.908
64.861,12.492,25.726,100.000,92.067
65.148,17.342,30.717,100.000,90.200
66.981,23.793,40.132,98.522,88.962
67.630,31.152,48.671,93.482,86.097
68.539,36.968,56.508,88.016,83.897
67.640,40.802,60.763,83.030,81.103
66.786,43.802,64.437,77.814,78.418
63.884,46.005,64.948,72.920,73.979
62.781,42.293,62.151,71.727,73.908
60.548,35.263,55.594,73.698,75.895
60.201,33.947,54.840,72.688,75.533
59.035,31.443,51.212,73.398,75.195
58.590,31.037,50.646,73.829,75.167
59.596,32.135,52.806,73.561,75.779
60.657,34.912,55.637,72.926,75.762
62.178,38.010,59.406,72.912,75.862
62.371,43.119,62.015,72.596,73.813
64.227,44.384,64.209,74.706,75.515
66.197,43.864,64.443,78.033,78.538
69.010,45.581,67.105,80.255,80.538
69.231,44.927,64.105,83.892,81.408
71.573,45.702,65.108,86.156,83.367
72.524,45.123,62.855,89.137,84.385
74.285,43.306,60.871,91.881,86.621
74.776,41.417,57.665,94.375,87.849
75.868,39.148,54.902,96.504,89.451
76.219,35.652,50.665,98.742,90.851
76.258,32.527,46.735,99.988,91.900
77.182,30.389,44.529,100.000,93.123
77.403,29.783,43.271,100.000,93.215
77.325,28.711,42.040,100.000,93.554
78.038,27.689,41.422,100.000,94.246
77.093,27.205,40.425,100.000,93.838
77.771,29.947,43.348,100.000,93.215
77.639,32.180,45.618,100.000,92.685
78.838,37.695,51.665,98.967,91.213
77.953,42.174,56.268,96.870,89.377
78.259,48.022,63.151,93.719,87.587
77.007,53.451,68.868,90.081,84.869
76.063,58.563,75.065,85.850,82.423
73.558,59.997,77.286,82.513,80.290
71.276,57.434,76.766,80.725,80.015
67.805,53.573,73.495,79.709,79.205
66.039,51.847,73.289,77.955,78.597
63.482,49.593,71.046,76.184,77.177
61.496,50.719,71.317,72.988,74.382
59.612,49.552,69.329,71.549,72.833
59.475,52.649,72.363,67.866,70.905
60.074,53.404,73.935,66.489,71.503
62.352,59.017,80.363,62.387,70.687
62.264,61.354,81.711,61.271,69.610
64.432,67.092,86.895,58.048,68.431
64.867,77.719,93.628,52.058,63.141
67.550,81.351,96.797,51.682,63.182
69.946,84.182,98.926,52.487,63.479
70.668,86.932,100.000,53.359,62.646
74.993,86.489,100.000,57.463,65.713
75.377,83.914,97.526,62.180,67.349
78.440,83.808,96.705,65.969,69.272
79.670,79.272,91.966,71.957,72.077
82.162,76.994,89.006,76.432,74.392
83.397,71.010,82.769,81.605,77.569
84.315,65.545,76.895,85.941,80.221
86.166,61.892,72.511,89.016,82.349
86.267,54.782,65.123,92.659,85.054
85.941,47.686,57.985,95.654,87.426
86.731,43.225,53.409,97.399,89.197
86.791,40.947,50.566,98.462,89.836
86.398,35.239,45.145,99.908,91.590
85.313,30.832,41.058,100.000,92.718
84.623,29.035,38.898,100.000,92.908
84.766,28.536,38.643,100.000,93.141
83.884,26.798,36.554,100.000,93.149
82.303,24.690,35.452,100.000,93.890
82.059,25.355,36.603,100.000,93.613
81.381,27.550,38.585,100.000,92.472
81.457,29.617,41.951,99.975,92.131
80.897,34.390,46.803,98.586,90.195
80.458,38.090,51.763,96.311,88.751
79.058,40.184,55.037,93.885,87.308
77.239,42.875,58.397,90.886,85.046
76.558,45.658,62.991,87.100,83.187
74.901,46.647,64.585,83.607,81.085
73.041,46.867,65.948,80.322,79.679
71.029,45.120,64.911,77.721,78.262
69.398,42.914,63.468,75.683,77.364
64.906,40.820,58.400,74.256,74.215
65.066,37.636,57.474,73.423,75.121
63.613,36.498,55.366,72.815,74.385
65.255,36.109,57.182,71.709,75.649
65.220,38.476,58.975,70.284,74.633
66.271,39.739,61.185,69.769,74.869
65.128,41.060,60.486,70.693,73.482
65.335,39.840,58.788,73.448,74.638
66.039,39.070,58.037,76.402,76.333
65.818,32.014,51.203,83.192,80.769
66.595,26.828,47.237,88.379,84.669
63.699,20.404,35.908,94.564,85.377
63.385,14.416,30.043,99.318,88.464
61.445,10.841,22.089,100.000,88.541
60.671,7.086,17.714,100.000,89.962
59.514,5.349,13.517,100.000,89.867
59.464,4.057,11.917,100.000,90.872
59.511,3.894,11.874,100.000,91.362
59.154,3.392,10.197,100.000,91.551
59.633,2.958,11.142,100.000,92.618
59.690,3.816,11.028,100.000,92.241
60.484,3.098,11.760,100.000,93.656
60.236,2.967,10.477,100.000,93.413
60.946,4.054,12.742,100.000,93.751
62.283,5.616,15.698,100.000,94.315
62.888,7.098,17.560,100.000,94.405
63.527,7.873,18.732,100.000,94.679
63.063,8.052,18.354,100.000,94.123
63.145,8.824,20.135,100.000,94.097
63.518,9.593,21.720,100.000,94.318
63.247,11.289,23.320,100.000,93.541
63.377,13.769,26.551,100.000,92.856
64.658,18.203,33.366,100.000,92.400
64.077,20.998,35.772,100.000,90.910
64.951,25.307,42.665,100.000,90.205
64.561,29.602,47.280,98.393,88.128
64.496,32.952,52.305,94.757,86.644
63.161,35.073,54.477,91.717,84.497
62.498,38.010,58.760,87.084,82.338
61.318,39.201,60.498,83.245,80.146
59.994,40.710,61.938,79.218,77.536
56.783,39.376,57.274,77.586,74.521
56.812,38.420,58.514,75.734,74.572
56.248,34.348,55.668,76.683,76.444
55.281,34.324,54.926,75.886,75.444
55.059,34.877,54.800,75.424,74.608
55.825,34.722,55.985,75.724,75.721
56.262,35.839,56.818,75.989,75.746
57.430,39.154,60.563,75.273,75.523
58.463,46.849,65.788,72.542,72.736
62.026,51.654,72.929,72.187,74.362
64.779,55.738,76.582,72.583,75.264
68.478,60.529,81.354,72.963,76.177
70.260,63.564,82.163,74.866,76.328
73.400,65.426,83.474,77.071,77.721
74.995,64.280,80.745,80.786,79.118
76.917,60.820,77.040,84.767,81.938
77.506,55.212,70.428,89.303,84.392
78.582,49.344,64.523,93.082,87.159
78.046,41.440,55.828,96.880,89.536
78.025,35.869,49.858,99.325,91.446
78.159,31.740,45.388,100.000,92.777
77.180,27.942,41.022,100.000,93.469
76.851,22.890,36.428,100.000,94.992
76.005,21.241,33.723,100.000,95.028
76.297,20.817,34.166,100.000,95.474
76.007,21.093,33.637,100.000,94.997
75.812,22.094,34.751,100.000,94.695
76.868,25.551,38.929,100.000,94.121
76.529,28.732,41.751,100.000,92.836
76.906,30.330,44.908,100.000,92.797
75.788,33.410,47.415,99.706,91.118
75.387,35.486,51.335,97.999,90.449
73.435,37.909,53.646,95.972,88.377
72.551,38.972,57.102,93.493,87.523
69.734,38.456,56.252,91.458,85.500
67.667,36.864,56.520,89.295,84.541
65.378,36.397,55.914,86.651,82.523
64.218,36.234,56.769,83.250,80.841
62.451,36.718,56.572,79.579,78.018
59.881,35.878,53.588,77.266,75.282
59.910,35.269,55.182,74.913,75.623
60.378,34.773,55.920,72.947,75.754
59.117,34.618,54.628,72.571,74.818
60.456,37.446,58.412,70.399,74.341
60.509,37.410,58.397,71.062,74.672
61.593,39.332,60.520,71.134,74.926
62.365,41.485,62.474,71.653,74.836
62.437,45.070,63.526,72.247,73.426
65.005,47.784,67.892,73.653,75.226
66.969,44.785,65.917,78.676,79.451
68.644,46.959,67.422,80.799,80.254
69.112,44.250,63.535,85.425,82.333
70.500,42.058,61.314,89.063,84.846
70.268,37.419,54.868,93.651,86.831
71.243,34.176,51.612,96.516,89.041
71.381,30.371,46.609,99.288,90.569
71.781,27.434,42.545,100.000,91.810
72.393,25.595,40.505,100.000,92.908
72.579,23.873,37.997,100.000,93.485
73.261,23.012,37.037,100.000,94.072
73.189,20.995,34.302,100.000,94.756
73.714,20.128,33.969,100.000,95.379
72.555,17.274,30.009,100.000,95.541
73.058,17.639,30.622,100.000,95.633
72.526,16.822,29.443,100.000,95.621
72.485,16.528,29.052,100.000,95.495
71.721,16.980,30.058,100.000,95.144
71.715,18.851,31.972,100.000,94.541
71.461,21.072,34.674,100.000,93.949
72.665,26.386,41.280,100.000,92.810
72.737,30.677,45.926,99.977,91.372
72.674,35.462,51.812,97.785,89.754
72.043,39.124,56.748,94.671,88.041
69.880,41.238,59.055,91.773,85.708
68.449,41.755,61.289,89.030,84.336
66.743,41.138,60.957,86.852,82.797
64.428,38.524,59.252,85.074,81.867
62.118,36.341,56.422,83.321,80.192
59.877,33.653,53.062,81.702,78.164
56.441,29.275,45.305,81.753,76.108
55.814,23.398,41.994,82.917,78.167
54.564,21.916,38.446,81.899,76.941
54.027,20.264,37.449,81.334,76.808
53.400,20.541,36.637,80.558,75.805
53.735,20.849,37.545,80.037,75.877
53.981,21.544,38.582,79.768,76.036
54.952,24.036,42.317,78.703,76.131
55.597,25.046,43.474,79.177,76.649
56.126,25.735,44.412,80.480,77.433
56.640,28.343,46.905,80.759,76.972
56.067,26.653,43.474,84.190,77.449
56.231,25.432,41.006,87.628,78.800
57.830,21.797,41.194,91.861,83.315
56.828,21.081,36.138,95.014,82.846
57.816,19.780,37.040,97.660,85.277
57.978,19.795,34.834,99.836,85.718
59.360,20.050,36.320,100.000,87.590
60.934,23.219,39.729,100.000,88.179
62.484,23.386,40.320,100.000,89.754
63.999,24.906,42.292,100.000,90.523
65.189,25.643,42.360,100.000,91.138
66.977,26.145,43.535,100.000,92.385
67.827,26.469,42.526,100.000,92.633
69.935,28.331,45.400,100.000,93.251
70.329,27.553,43.111,100.000,93.605
72.181,29.061,45.517,100.000,94.038
71.777,27.939,43.302,100.000,94.033
72.269,26.968,43.268,100.000,94.621
70.584,24.675,39.643,100.000,94.256
70.759,24.146,39.434,100.000,94.508
70.017,23.760,39.289,100.000,94.521
69.147,23.362,38.674,100.000,94.097
68.891,24.018,40.046,100.000,93.790
67.850,25.248,40.754,100.000,92.728
68.693,28.565,45.948,100.000,92.256
68.178,32.881,49.797,99.973,90.503
69.053,39.358,58.283,97.019,88.951
69.125,47.657,66.748,91.918,85.844
68.266,53.891,73.837,86.696,82.805
66.460,56.023,76.714,82.952,80.715
64.444,57.244,78.726,79.380,78.585
61.973,54.449,77.105,77.877,77.641
59.491,52.272,75.182,76.354,76.364
56.543,54.108,75.102,72.395,72.197
55.045,50.796,72.443,72.440,72.090
53.368,48.432,68.825,72.809,71.374
53.546,45.578,68.360,73.706,73.472
53.361,45.622,68.280,73.522,73.238
53.214,46.285,68.006,73.372,72.646
55.375,49.385,73.929,71.588,73.792
57.321,60.686,82.511,64.863,69.833
58.368,65.186,85.428,63.980,68.662
63.036,67.348,89.966,65.056,72.141
64.459,75.055,94.246,62.720,69.315
67.484,79.183,96.960,62.537,69.508
70.639,86.436,100.000,61.209,68.059
72.583,87.686,100.000,63.586,68.379
75.831,86.899,100.000,67.534,70.613
77.223,82.548,95.498,73.045,73.200
79.631,76.608,89.508,78.779,76.915
79.596,67.790,80.874,84.572,80.531
81.180,61.604,74.874,88.654,83.669
80.447,52.311,65.843,93.000,86.687
79.825,45.174,58.655,95.997,88.967
80.023,40.674,54.314,97.752,90.515
79.553,37.832,51.283,98.887,91.185
79.058,34.565,48.483,99.877,92.167
78.559,34.203,47.563,99.883,91.897
78.124,33.769,47.329,99.912,91.821
77.173,34.277,48.203,99.643,91.295
76.909,36.338,50.942,98.446,90.592
75.804,37.342,52.585,97.524,89.800
74.562,39.326,55.234,95.613,88.546
73.478,40.544,57.938,93.712,87.600
70.830,40.665,58.142,91.968,85.836
69.408,40.876,60.126,89.473,84.695
67.289,39.373,58.948,87.630,83.387
65.508,39.638,60.089,84.621,81.674
64.572,41.651,62.437,80.228,79.300
63.030,44.351,64.886,75.316,76.046
60.445,43.796,62.468,72.704,73.372
60.222,41.835,62.197,71.081,74.067
60.146,41.396,63.320,69.129,73.979
58.522,39.887,60.138,68.915,72.828
58.397,39.513,60.511,68.277,72.867
58.099,40.030,60.338,68.039,72.344
58.799,40.585,61.662,67.848,72.846
59.132,41.209,62.191,68.293,72.997
59.661,40.107,61.468,70.395,74.292
59.977,38.390,59.791,73.630,75.764
58.551,36.917,55.471,77.375,75.238
58.380,31.651,50.000,83.178,78.121
57.389,22.617,40.194,91.155,82.277
56.311,18.257,33.757,96.073,83.459
55.268,13.784,26.855,99.899,84.410
54.431,10.264,21.791,100.000,85.182
53.437,7.511,16.114,100.000,85.505
53.831,7.143,16.280,100.000,86.510
54.515,8.117,17.422,100.000,87.231
55.650,8.797,19.831,100.000,88.821
56.882,10.888,22.511,100.000,89.528
58.881,13.511,27.578,100.000,91.087
60.755,15.771,31.062,100.000,92.141
62.679,19.525,35.351,100.000,92.336
64.962,24.399,41.603,100.000,92.472
66.593,27.496,45.058,100.000,92.613
68.264,31.337,49.437,100.000,92.510
67.683,31.485,49.326,100.000,91.931
68.086,33.671,51.526,100.000,91.490
69.861,39.017,57.778,99.854,91.044
68.667,40.939,59.769,98.813,89.685
67.006,40.582,60.206,98.134,88.921
65.536,40.618,61.197,97.149,88.067
63.598,41.310,62.080,95.470,86.523
61.636,41.316,63.034,93.608,84.987
59.417,40.876,62.803,91.506,83.085
57.147,38.860,61.422,89.736,81.495
54.006,34.559,56.222,89.471,79.872
51.434,31.461,51.705,88.154,77.677
48.412,31.714,47.511,84.826,72.938
48.246,28.277,48.111,84.502,74.764
47.840,29.403,48.425,81.964,73.674
48.338,32.447,52.754,78.512,72.844
49.627,38.236,59.228,73.969,71.682
50.660,40.897,63.458,72.132,71.810
52.089,46.347,68.692,68.997,70.862
54.343,52.884,75.929,65.296,70.303
55.412,54.330,76.843,66.138,70.682
57.198,56.222,78.926,66.673,71.433
57.723,60.205,80.689,66.573,69.823
60.983,59.157,81.603,70.175,73.626
63.102,58.203,80.945,73.671,76.118
64.420,56.751,78.252,77.765,77.962
66.632,57.217,78.218,80.224,79.515
68.829,56.804,76.874,83.124,81.105
70.619,56.368,74.929,85.762,82.490
73.405,57.190,75.305,87.259,83.646
74.499,54.461,71.123,90.141,85.082
76.219,52.997,69.206,91.972,86.446
77.202,51.188,66.342,93.579,87.318
77.799,48.114,62.932,95.168,88.485
77.894,45.319,59.972,96.321,89.426
77.510,42.287,57.557,97.411,90.467
76.494,41.408,55.911,97.724,89.982
75.207,37.636,53.120,98.705,90.872
74.139,38.628,54.218,97.929,90.046
73.704,40.202,56.711,96.572,89.282
72.606,42.100,58.868,94.768,87.808
72.401,45.352,63.542,91.783,86.410
70.621,47.333,65.292,89.032,84.033
69.552,48.016,67.465,86.236,82.849
67.433,46.276,66.489,84.274,81.636
65.397,45.566,66.317,81.568,80.121
63.984,45.679,66.858,77.923,78.085
61.806,47.449,67.314,73.068,74.228
60.696,47.891,67.622,68.946,72.179
61.548,47.772,69.772,65.247,72.487
59.396,48.527,68.578,62.160,69.669
59.676,50.487,70.898,57.873,68.036
58.319,50.808,70.145,55.841,66.354
58.161,52.192,71.092,53.296,65.041
57.955,55.720,73.240,50.091,62.772
58.764,59.635,76.117,47.010,61.105
59.885,64.467,79.778,43.715,59.267
61.197,69.338,83.062,40.700,57.346
62.882,74.559,86.714,37.767,55.536
64.586,79.023,89.978,35.745,53.959
66.286,81.494,92.332,35.566,53.913
68.211,83.484,94.548,36.100,54.131
69.067,83.819,95.600,38.144,54.905
72.083,84.996,97.483,41.106,56.559
72.809,83.546,96.828,46.530,58.574
75.195,78.043,93.132,55.127,63.741
77.132,70.392,86.874,64.249,69.390
77.968,62.890,79.994,71.832,73.715
78.027,55.854,73.058,78.175,77.415
78.329,49.159,66.545,83.182,80.687
77.586,44.693,61.332,86.550,82.338
77.288,37.954,55.166,89.611,84.903
77.019,37.879,54.815,89.749,84.610
76.387,38.081,54.686,89.348,84.013
76.422,40.359,57.465,87.515,82.995
76.999,45.043,62.840,83.794,80.956
76.167,48.358,66.440,79.838,78.526
75.338,49.685,68.825,75.950,76.879
73.485,50.876,70.206,71.543,74.344
69.845,50.080,68.600,67.632,71.123
67.868,44.702,64.065,66.575,71.541
67.466,40.009,61.874,65.189,72.864
63.272,34.805,54.129,65.181,71.374
61.626,31.331,51.372,64.532,71.449
60.238,30.107,48.988,62.584,70.041
59.852,31.408,49.898,59.353,68.262
59.891,35.441,52.892,54.433,65.515
60.558,40.653,57.003,49.223,62.587
60.659,44.595,59.455,45.358,60.195
61.665,50.647,63.554,40.577,57.218
62.063,56.466,66.535,36.223,53.754
62.954,61.568,69.597,32.961,51.495
63.118,64.681,71.409,30.859,49.944
64.627,70.119,74.717,27.296,47.300
64.652,71.928,76.212,26.437,46.546
66.058,73.442,78.188,26.060,46.567
66.517,72.979,78.972,27.215,47.423
68.346,72.750,80.708,28.769,49.126
68.808,70.603,80.717,31.450,51.003
70.354,69.935,81.825,33.751,52.844
71.360,70.757,83.262,34.983,53.397
72.427,71.420,84.674,36.153,54.092
73.017,72.943,86.188,36.397,53.995
73.608,74.348,87.582,36.360,53.967
74.002,74.912,88.111,35.897,53.608
73.166,72.952,86.508,37.393,54.418
73.090,76.801,88.683,33.747,51.921
72.101,78.839,89.160,30.492,49.910
70.662,81.185,89.194,26.710,47.190
69.636,84.289,89.117,22.821,44.364
66.559,85.079,87.225,20.749,42.172
65.456,87.541,86.372,18.573,40.059
63.026,85.723,83.975,19.672,40.479
61.882,85.494,82.729,20.228,40.528
59.546,80.950,79.788,23.512,42.887
58.456,77.868,78.378,26.150,44.954
56.079,72.400,75.483,29.851,47.495
55.572,69.480,74.529,32.080,49.395
54.357,67.265,72.874,33.519,50.031
54.837,67.193,73.382,33.677,50.544
55.125,67.389,73.446,33.470,50.441
55.385,66.668,73.532,34.133,51.172
56.190,65.765,73.080,34.414,51.515
57.175,65.518,73.831,35.156,52.372
58.385,66.677,74.948,34.429,52.126
60.082,69.240,77.160,32.980,51.413
61.581,72.783,79.658,30.871,50.051
63.112,76.659,82.495,28.737,48.456
64.598,78.013,84.302,28.554,48.651
65.434,80.166,86.320,27.675,47.923
66.772,81.069,87.837,28.162,48.438
67.981,80.362,88.474,29.617,49.741
68.929,77.422,87.837,33.012,52.303
69.090,73.047,85.720,36.956,55.128
69.289,72.251,85.332,37.752,55.751
68.638,72.079,84.812,37.354,55.228
67.917,69.807,83.194,38.715,56.249
67.302,70.493,82.951,36.757,55.090
65.701,72.471,82.849,33.909,52.767
64.824,74.452,82.766,31.044,50.682
62.632,76.766,82.043,28.308,47.936
61.630,78.218,81.462,26.585,46.372
59.181,78.075,79.800,26.448,45.438
58.302,77.781,79.203,26.963,45.682
55.556,74.081,76.505,29.406,46.872
54.802,70.710,75.775,32.132,49.292
51.738,63.629,71.218,36.547,51.628
50.584,56.166,67.637,41.718,55.205
49.203,51.800,64.837,44.912,56.859
50.395,52.925,66.049,43.980,56.956
49.718,50.823,64.502,45.700,57.838
51.206,51.301,65.631,45.573,58.492
51.982,51.631,65.692,45.670,58.541
53.417,52.168,66.942,45.772,59.131
54.359,51.313,66.662,47.062,60.200
55.585,48.975,66.246,49.726,62.467
55.550,45.298,63.003,53.920,64.533
56.960,43.119,62.738,57.028,67.031
56.831,39.391,59.188,61.967,69.318
57.643,38.488,58.874,64.873,71.026
58.339,38.732,59.338,66.899,72.136
59.581,40.208,61.498,67.917,73.141
60.330,41.913,62.914,68.548,73.382
61.556,43.923,65.745,68.342,73.974
62.260,46.674,68.126,67.218,73.226
62.654,47.146,68.908,66.801,73.292
62.463,50.181,70.865,64.378,71.279
64.013,58.108,78.009,57.637,68.036
64.372,69.014,85.526,48.472,62.182
64.803,77.449,90.880,40.363,57.349
63.046,83.433,92.957,33.879,52.364
61.954,89.795,94.985,27.924,47.728
59.388,92.192,94.354,25.001,44.679
57.069,94.728,93.843,22.521,41.677
56.026,95.091,93.222,22.324,41.272
53.152,90.015,90.431,25.625,42.977
52.524,86.846,89.809,28.349,45.226
50.145,80.829,86.905,32.331,47.656
48.930,73.407,84.409,37.448,51.477
46.503,64.235,78.511,43.399,54.413
44.190,53.680,72.769,51.048,58.303
42.798,49.216,68.332,53.957,59.195
42.556,47.018,66.969,55.431,60.003
43.313,48.681,68.175,54.232,59.751
44.237,52.985,71.412,51.042,58.354
45.588,55.925,73.871,49.211,58.059
47.018,61.660,76.705,44.902,55.844
49.445,69.326,81.542,39.608,53.151
50.486,73.828,83.477,36.430,51.128
52.048,78.182,85.012,33.029,49.008
53.608,80.811,85.920,30.709,47.718
55.145,83.068,86.874,28.819,46.656
56.950,83.439,87.514,28.463,47.033
58.807,80.446,87.148,30.791,49.718
59.302,74.440,84.603,35.346,53.277
60.622,66.184,81.040,41.778,58.654
59.347,56.365,74.065,49.749,63.164
58.467,45.634,66.163,57.867,68.167
56.274,37.597,57.600,64.397,70.472
56.280,35.192,55.726,65.877,71.474
55.825,36.091,55.634,65.091,70.497
55.562,35.337,55.311,65.111,70.692
56.007,38.304,57.886,61.527,68.977
56.075,41.437,60.249,57.955,66.923
56.272,43.926,62.240,54.492,65.200
55.738,46.377,63.225,51.091,62.882
55.667,46.659,63.385,49.381,62.318
53.829,45.839,60.978,48.909,61.041
53.649,45.711,61.077,47.844,60.646
52.043,44.598,58.618,47.669,59.646
51.826,44.503,58.529,46.903,59.369
51.124,44.601,57.606,46.109,58.349
50.824,46.365,58.037,44.300,56.864
50.984,48.203,59.102,42.669,55.897
50.847,49.917,59.683,41.301,54.562
50.793,50.959,59.868,40.567,53.838
51.602,52.129,61.317,39.881,53.956
52.551,54.918,63.126,38.198,53.018
53.478,56.495,64.258,37.344,52.646
54.897,57.873,65.966,36.744,52.864
56.003,58.031,66.422,36.861,53.195
57.746,58.658,68.200,36.952,53.982
58.976,57.879,68.495,38.003,54.928
60.942,57.330,69.763,39.386,56.446
62.400,57.167,70.560,40.651,57.408
63.691,55.854,71.148,43.126,59.405
64.803,54.553,71.138,45.898,61.208
66.031,52.801,70.966,49.020,63.321
65.838,50.422,68.954,52.368,64.905
66.994,50.558,69.883,53.429,65.900
67.074,51.010,70.212,53.677,65.949
67.023,50.371,69.689,54.201,66.251
66.538,50.894,69.751,53.236,65.474
66.518,53.116,71.348,50.539,63.946
66.206,55.070,72.360,47.304,61.977
65.487,55.227,71.917,45.415,60.985
63.765,53.505,69.305,44.877,60.269
62.517,51.316,66.942,44.586,60.274
60.320,49.329,63.938,44.746,59.800
59.436,47.612,62.225,44.440,59.608
57.184,43.953,58.086,45.955,60.095
55.851,41.720,55.600,46.380,60.036
54.599,39.364,53.345,47.205,60.241
53.435,37.621,50.982,47.534,60.059
52.762,35.833,49.477,48.303,60.451
51.590,35.527,47.917,48.139,59.456
52.709,36.810,49.637,46.817,59.210
51.699,35.361,47.883,48.115,59.579
52.809,36.968,50.234,47.207,59.741
52.518,35.269,49.089,48.895,60.803
52.846,33.840,48.237,50.707,61.867
52.836,32.046,47.317,53.386,63.356
52.458,28.750,44.342,57.182,65.164
52.072,24.262,40.554,62.357,67.826
51.298,20.336,35.425,67.616,69.408
50.695,16.478,31.025,73.002,71.508
50.520,14.425,27.794,77.551,73.108
51.553,16.074,30.286,78.918,74.215
53.376,19.813,36.348,78.978,75.390
55.108,24.304,41.911,78.304,75.803
58.021,30.324,50.843,76.412,76.669
60.135,38.081,58.637,73.583,75.297
61.630,47.009,66.280,70.093,72.579
63.748,51.990,71.625,68.154,72.074
65.005,58.366,77.292,65.040,70.292
65.594,60.050,78.800,64.007,69.744
64.808,59.353,77.775,63.867,69.356
65.659,63.911,82.031,59.179,67.059
65.364,62.878,81.388,57.545,66.977
64.686,63.941,82.157,54.221,65.500
64.438,65.046,82.969,50.465,64.021
61.854,60.582,78.542,51.196,64.103
60.152,56.549,75.148,51.179,64.215
58.126,54.072,72.022,50.518,63.418
55.474,48.563,66.342,52.372,63.810
53.082,44.247,61.742,53.602,63.710
51.266,39.326,56.914,55.355,64.203
49.133,35.676,52.400,56.812,63.946
48.149,34.615,50.560,56.309,63.167
47.792,34.556,50.455,55.320,62.654
47.872,36.837,51.708,52.951,61.169
48.658,39.406,54.111,50.746,60.354
48.786,40.523,54.708,49.892,59.813
49.397,42.578,56.754,48.691,59.431
50.574,44.758,58.674,47.363,59.156
51.485,45.355,59.452,47.343,59.382
52.021,43.992,58.942,48.983,60.695
52.899,42.783,58.831,50.839,62.123
53.466,40.647,57.563,53.606,63.872
54.572,40.163,57.932,55.412,65.149
55.264,37.888,56.668,58.869,67.397
56.231,37.651,56.591,61.287,68.733
58.200,39.252,59.609,62.244,69.908
59.700,41.651,61.542,63.262,70.500
62.172,45.186,66.271,63.434,71.285
63.293,46.905,67.434,65.093,71.954
64.715,47.992,68.991,67.064,72.815
63.514,47.716,66.191,70.022,72.344
65.078,46.038,66.129,72.766,74.797
63.697,41.236,59.858,77.046,76.177
63.260,34.440,53.634,81.459,79.056
62.894,33.071,51.991,82.022,79.162
61.837,33.217,50.923,81.355,77.736
61.322,32.673,50.877,80.296,77.228
60.778,33.436,51.440,77.781,75.762
61.076,33.962,53.305,74.805,75.533
61.583,33.727,54.683,71.399,75.223
60.055,33.653,53.455,68.525,73.141
59.499,33.968,53.708,64.910,71.297
58.553,33.980,53.437,62.032,69.749
57.600,34.182,52.455,59.089,67.838
56.835,33.466,51.440,57.268,66.862
55.055,31.809,48.489,56.691,65.877
54.854,31.535,48.286,54.595,65.018
53.423,31.601,46.542,52.819,63.192
53.337,31.218,46.751,51.639,63.082
52.524,32.373,46.006,49.664,61.141
51.990,33.267,46.240,48.369,60.046
52.171,34.776,46.997,46.930,59.056
52.161,36.386,47.871,45.641,58.033
52.774,38.016,49.677,44.621,57.797
53.513,39.056,50.772,44.019,57.756
53.462,38.340,50.865,45.226,58.679
53.729,38.533,50.988,45.661,58.905
54.665,38.254,52.351,46.788,60.300
54.749,37.814,52.065,48.291,60.923
55.431,36.668,52.212,50.385,62.479
55.993,36.290,52.526,52.150,63.677
57.085,35.492,52.846,54.222,65.251
57.828,36.347,54.018,55.681,65.977
59.481,37.464,56.305,56.925,67.179
60.544,37.865,57.172,59.243,68.518
61.886,38.366,58.554,61.825,70.246
62.435,38.037,58.302,65.044,71.721
63.674,38.251,59.326,67.856,73.633
64.549,38.702,59.394,70.711,74.872
64.192,39.914,59.225,73.390,74.751
65.214,41.476,60.311,75.090,75.379
67.047,43.849,63.255,76.155,76.677
70.537,45.637,67.055,77.054,79.000
70.155,48.064,66.911,77.997,78.069
72.676,50.968,70.649,78.062,78.700
72.592,50.247,68.880,79.947,79.218
72.805,46.436,65.520,82.938,81.392
72.216,42.860,61.603,85.518,82.818
72.288,40.196,58.800,87.499,84.003
71.239,35.996,54.455,89.769,85.174
70.348,32.219,50.483,91.430,86.087
69.703,30.864,48.892,91.795,85.979
69.404,30.787,48.695,91.352,85.526
69.147,31.886,50.243,90.003,84.823
69.617,34.791,53.538,87.298,83.346
69.673,38.441,57.538,83.685,81.249
70.494,43.335,63.363,78.834,79.074
69.997,45.806,66.231,74.768,76.874
66.674,46.947,65.098,71.561,73.018
66.191,43.787,63.692,70.594,73.728
63.584,40.431,58.625,70.535,72.815
64.465,34.176,56.714,71.984,76.772
61.558,31.835,50.880,72.893,75.046
62.642,32.581,53.409,71.963,75.597
63.042,34.099,54.517,71.233,75.136
63.375,34.710,55.480,71.826,75.562
64.342,36.469,57.062,72.210,75.567
63.771,37.838,56.794,73.710,74.749
64.551,38.025,56.757,76.057,75.867
65.380,37.330,55.874,79.113,77.677
68.086,35.355,56.538,82.578,81.559
67.018,33.620,52.022,86.400,82.405
68.308,33.124,52.366,88.870,84.400
68.636,32.162,49.911,91.656,85.464
69.551,32.281,49.797,93.359,86.528
70.350,30.627,47.548,95.640,88.092
70.401,29.391,45.357,97.444,88.967
71.264,27.707,43.511,99.056,90.323
71.571,27.389,42.437,99.879,90.767
72.700,27.612,43.203,100.000,91.638
72.575,26.855,41.326,100.000,91.664
73.060,26.397,41.074,100.000,92.185
72.988,26.148,40.372,100.000,92.215
73.310,26.647,41.243,100.000,92.197
72.977,27.211,41.289,100.000,91.605
72.737,27.722,41.978,100.000,91.400
73.526,30.541,45.702,99.431,90.851
72.867,31.152,46.932,98.444,90.282
71.770,30.728,46.609,97.861,89.662
70.506,30.615,47.089,96.652,88.687
68.802,29.341,46.372,95.533,87.841
67.213,27.924,45.111,94.458,86.726
65.762,25.337,43.348,93.427,86.215
64.007,24.918,41.911,91.381,84.156
64.229,25.340,44.628,88.406,83.615
63.178,27.009,45.105,85.152,80.731
62.449,30.345,47.902,80.597,77.482
61.700,29.050,46.815,78.970,76.790
61.657,27.360,46.462,77.906,77.338
62.006,28.729,48.006,75.174,76.503
62.634,31.108,51.046,72.869,75.523
62.720,31.556,51.440,72.659,75.369
63.412,32.168,52.812,72.497,75.762
64.235,34.918,55.415,71.699,75.223
65.315,38.212,58.778,71.459,74.879
64.522,38.482,57.037,73.641,74.438
65.434,38.260,57.169,76.246,76.062
65.879,37.600,56.095,79.185,77.782
68.915,36.489,57.800,82.295,81.649
68.269,36.412,54.723,85.514,81.821
70.485,37.116,56.671,87.630,84.041
71.188,37.692,55.363,89.771,84.651
72.750,38.960,56.449,91.354,85.879
74.002,39.026,55.425,93.199,86.841
75.324,38.684,54.538,94.745,88.041
76.771,38.996,54.286,95.905,88.944
77.116,36.974,51.366,97.424,89.823
77.553,35.227,49.126,98.736,90.803
77.882,33.294,47.225,99.637,91.656
77.904,31.247,44.772,100.000,92.269
78.058,30.912,44.720,100.000,92.556
78.031,30.745,44.080,100.000,92.441
78.382,33.686,47.006,99.784,91.551
78.267,34.491,48.043,99.280,91.192
77.703,35.940,49.806,98.360,90.431
77.305,38.355,52.662,96.808,89.392
77.229,42.530,57.557,94.441,87.846
76.414,45.269,61.237,91.959,86.295
74.568,45.290,61.785,90.344,85.136
73.113,44.514,62.428,88.620,84.262
70.943,41.749,60.446,87.353,83.779
68.661,39.869,59.182,85.717,82.613
66.361,35.658,55.431,85.103,82.105
64.329,31.933,51.788,84.767,81.628
62.430,30.466,49.132,83.087,79.569
60.546,31.063,47.452,81.096,76.833
60.805,30.205,48.502,79.651,76.969
60.172,29.958,47.295,78.994,76.292
60.983,29.367,48.926,78.793,77.618
60.780,32.320,50.748,77.110,75.997
61.030,29.204,48.692,79.337,78.103
61.045,29.032,48.108,80.565,78.305
60.774,31.307,48.283,81.020,77.156
62.022,31.132,49.062,83.165,79.197
64.728,31.755,52.542,84.818,82.108
64.752,32.575,51.400,87.119,82.490
66.557,34.182,53.680,88.782,84.021
67.829,34.568,53.209,90.939,85.192
69.272,35.468,53.714,92.565,86.221
70.332,34.176,51.622,95.182,87.962
71.656,35.444,51.822,96.170,88.403
73.979,36.905,53.394,96.726,89.477
75.063,37.461,52.489,97.633,89.833
77.036,38.741,53.542,97.840,90.292
78.185,38.788,52.671,98.421,90.659
79.204,37.986,51.526,99.033,91.300
79.924,38.102,51.252,99.275,91.492
80.486,38.126,51.458,99.275,91.841
80.072,38.423,51.412,99.218,91.379
79.713,38.212,51.271,99.302,91.367
79.587,39.655,53.055,98.504,90.921
78.813,41.497,54.852,97.701,89.959
78.824,44.497,58.683,96.046,88.977
77.576,46.053,60.658,94.778,87.923
76.494,48.031,63.357,92.854,86.690
75.443,48.114,64.806,91.403,86.118
72.705,46.605,63.557,90.457,85.069
71.463,45.976,64.483,88.687,84.279
69.685,44.722,63.794,87.152,83.472
67.926,44.838,64.526,84.664,81.897
66.559,42.878,63.455,83.262,81.185
64.793,42.219,62.563,80.893,79.613
64.050,40.912,62.437,78.713,78.833
60.501,41.135,58.972,76.149,74.533
61.219,40.089,60.348,74.119,75.074
59.791,40.478,59.280,72.343,73.428
61.470,38.978,61.560,71.627,75.831
60.505,42.275,62.240,69.443,73.259
61.579,42.159,63.760,69.473,74.449
61.889,44.232,65.372,68.745,73.854
62.063,43.418,64.852,69.890,74.603
62.938,47.579,67.920,69.003,72.890
63.007,48.536,67.403,70.773,72.836
64.964,49.730,69.354,72.690,74.497
67.220,47.419,68.548,76.693,78.356
68.993,47.758,68.880,79.111,79.879
68.938,45.723,65.055,83.518,81.274
70.734,44.508,63.772,86.749,83.492
71.356,42.468,60.271,90.260,84.987
72.789,40.915,58.443,92.822,86.841
74.016,40.030,56.197,94.846,88.049
75.995,40.912,56.757,95.646,88.890
76.757,40.148,54.745,96.806,89.336
78.243,40.544,54.818,97.264,89.933
78.990,40.398,54.222,97.637,90.190
79.197,39.228,52.951,98.255,90.767
79.596,41.387,54.588,97.535,90.003
79.158,40.656,54.188,97.623,89.982
78.729,42.023,55.874,96.925,89.474
77.904,43.487,57.966,95.714,88.649
76.798,45.013,60.123,94.094,87.503
75.950,46.703,63.102,91.937,86.454
73.792,48.072,64.643,89.775,84.567
72.668,48.251,66.618,87.302,83.672
69.849,45.221,64.142,86.167,82.892
67.568,42.896,62.877,84.387,81.921
65.274,40.027,60.283,83.032,80.851
63.408,36.700,57.637,81.659,80.190
59.934,37.161,54.468,78.313,75.482
59.442,33.475,52.742,77.360,76.208
58.286,29.644,49.563,76.835,76.872
57.504,30.312,49.960,73.721,75.000
56.562,30.294,49.428,71.327,73.464
56.369,30.826,50.425,68.523,72.444
55.539,31.218,50.052,66.524,71.062
55.515,32.302,51.175,63.929,69.892
54.870,32.718,51.037,62.564,68.859
54.843,34.108,52.320,60.918,68.097
55.061,34.431,52.705,60.300,67.849
55.353,35.993,54.403,59.084,67.462
55.960,37.232,55.975,58.311,67.387
56.118,37.086,55.766,58.838,67.679
56.422,37.086,56.080,59.706,68.113
56.640,36.887,55.862,60.981,68.713
57.270,36.077,55.788,62.673,69.933
57.916,36.424,56.422,63.779,70.654
58.333,36.400,56.462,65.395,71.441
58.984,36.377,56.705,67.076,72.426
59.386,36.801,57.255,68.593,73.213
60.218,37.116,57.929,70.149,74.131
60.640,36.905,57.652,71.869,74.987
61.295,37.354,58.369,73.331,75.862
60.909,39.626,58.834,73.563,74.318
61.197,38.675,57.966,75.390,75.269
61.611,39.560,58.797,75.642,75.410
61.431,39.846,58.858,75.964,75.446
61.712,40.505,59.572,75.301,75.187
61.322,40.196,59.077,74.993,74.762
60.914,40.903,59.951,73.456,73.959
60.813,40.793,59.932,72.023,73.651
61.453,37.817,60.240,71.598,75.897
59.052,37.683,57.182,69.985,73.285
58.727,35.512,56.815,69.270,73.749
56.681,34.547,53.563,67.842,71.754
56.305,33.240,53.566,66.534,71.703
54.751,32.073,50.569,65.534,70.238
53.889,30.561,49.095,65.048,69.869
52.672,28.928,46.618,65.097,69.341
51.996,27.576,45.182,64.908,69.082
51.031,26.813,43.455,64.760,68.303
50.740,26.751,43.354,64.397,68.185
50.568,25.762,42.243,65.031,68.303
51.021,25.800,42.711,65.050,68.644
51.809,28.892,46.126,63.282,68.028
52.620,30.324,48.154,63.057,68.387
53.836,31.838,50.360,63.007,69.008
54.375,32.920,51.502,63.880,69.377
55.644,33.995,53.360,64.869,70.518
56.728,35.129,55.182,66.212,71.464
57.504,34.624,54.603,69.114,72.941
58.306,34.494,55.025,71.771,74.515
59.243,33.760,54.342,74.924,76.213
60.062,36.552,56.415,75.950,75.638
60.000,36.175,54.015,79.080,76.200
62.069,37.288,56.400,81.168,78.541
65.518,38.548,60.698,82.638,81.595
65.545,40.267,59.332,84.415,81.141
68.420,43.745,64.388,84.467,82.346
69.367,45.688,64.563,85.662,82.390
71.974,48.099,66.932,86.452,83.303
73.207,50.698,67.957,87.014,83.005
75.632,52.070,68.923,88.073,84.062
76.424,52.150,67.634,89.523,84.392
78.413,52.023,67.258,90.839,85.685
78.846,50.784,64.837,92.276,86.141
79.988,48.904,62.662,93.827,87.346
80.513,47.238,60.345,95.057,88.131
81.248,46.121,59.092,95.812,88.774
81.020,43.617,56.563,96.759,89.641
81.043,41.351,54.265,97.627,90.323
80.554,40.882,53.705,97.816,90.159
79.362,39.005,52.123,98.179,90.331
78.095,37.042,50.948,98.325,90.569
77.050,38.028,52.200,97.391,89.669
76.697,40.220,55.538,95.667,88.838
75.447,41.381,57.228,94.115,87.605
74.287,42.355,58.948,92.331,86.400
72.341,40.885,58.520,91.200,85.823
70.369,39.638,57.665,89.872,84.738
69.221,38.533,57.865,88.223,84.131
67.179,36.712,55.763,87.306,83.123
66.323,35.901,55.523,85.937,82.497
65.565,34.999,55.157,84.847,82.000
64.613,34.410,54.188,84.009,81.146
64.600,34.960,54.794,83.262,80.703
64.756,34.960,54.957,83.467,80.864
65.325,36.050,56.314,83.428,81.169
65.943,36.748,56.908,84.167,81.638
66.602,37.265,56.883,85.555,82.313
67.168,37.072,56.308,87.505,83.282
68.441,37.455,56.572,89.336,84.515
69.584,37.980,56.231,90.980,85.395
70.598,37.731,55.388,92.906,86.610
72.041,38.105,55.151,94.291,87.503
72.895,36.564,52.978,96.188,88.828
73.349,34.773,50.714,97.828,89.990
73.409,31.102,46.591,99.737,91.318
73.062,28.571,43.058,100.000,91.915
74.129,28.818,43.735,100.000,92.538
74.525,29.269,43.778,100.000,92.610
75.071,28.987,43.772,100.000,93.067
76.030,32.860,47.138,99.990,91.954
76.291,33.300,47.738,99.967,91.967
76.147,35.667,49.680,99.277,90.997
77.565,41.636,56.222,96.831,89.613
77.453,45.634,60.320,94.854,88.115
76.915,49.804,64.935,92.388,86.436
76.227,51.236,67.754,90.510,85.608
73.780,51.167,67.738,89.207,84.228
73.113,51.732,69.932,87.279,83.792
70.422,51.108,69.428,85.811,82.336
69.459,50.526,70.572,83.746,81.856
66.678,46.971,67.175,83.475,81.159
65.023,44.345,65.369,82.866,80.731
63.580,43.104,64.151,81.511,79.864
62.465,40.879,62.443,81.178,79.697
61.336,40.576,61.372,80.213,78.379
59.955,41.132,60.025,79.269,76.477
60.160,41.835,61.074,78.846,76.326
60.844,42.498,62.342,78.678,76.833
62.324,44.128,65.206,78.341,77.844
63.705,45.569,67.037,78.655,78.644
65.434,48.545,69.588,78.635,78.728
66.719,50.211,70.597,79.723,79.272
68.878,52.581,72.797,80.530,80.074
70.323,53.620,72.742,82.235,80.659
72.261,54.007,72.677,83.966,81.833
73.462,53.650,71.218,86.259,82.767
75.034,51.883,68.726,88.798,84.397
75.956,50.339,66.065,91.095,85.613
78.048,49.807,65.182,92.487,86.833
78.711,48.862,62.578,94.098,87.310
81.455,51.123,64.369,93.864,87.608
81.958,50.101,62.271,94.942,87.997
81.999,44.978,57.572,96.929,89.805
80.710,37.755,50.785,99.284,91.736
78.824,31.034,44.145,100.000,93.108
76.962,27.110,39.803,100.000,93.374
76.053,24.226,37.480,100.000,94.010
74.913,23.763,36.455,100.000,93.467
76.098,26.635,40.382,100.000,93.282
76.268,30.241,44.222,100.000,92.179
76.229,33.089,47.117,99.721,91.213
76.843,37.784,52.262,97.652,89.838
76.997,41.227,56.320,95.888,88.828
75.997,42.646,58.292,94.507,87.882
75.289,43.606,59.806,93.140,86.854
73.472,41.871,58.609,92.744,86.551
71.953,39.448,56.963,92.532,86.492
71.023,38.649,56.434,91.994,86.023
69.857,38.316,56.178,91.372,85.331
70.260,39.465,57.957,90.098,84.972
69.611,40.377,58.908,89.086,84.356
69.853,41.743,60.702,87.823,83.736
71.103,47.778,66.422,84.378,81.572
71.693,51.114,69.717,82.190,80.315
70.301,48.153,67.640,83.202,81.308
69.558,45.138,64.231,84.190,81.587
68.264,42.331,61.163,85.331,81.677
67.326,36.837,56.723,87.558,83.446
66.361,36.056,54.791,87.917,82.813
65.389,31.435,50.566,89.956,84.305
65.140,31.794,51.089,89.114,83.690
64.758,32.548,51.040,88.622,82.728
65.411,35.509,54.025,86.942,81.985
67.790,40.377,60.668,83.851,81.672
67.638,43.065,62.671,82.373,80.244
67.622,42.127,61.948,82.925,80.713
67.677,41.699,61.695,83.081,81.028
67.343,41.227,61.040,83.293,80.936
67.571,41.277,61.335,83.254,81.123
67.519,41.387,61.332,83.258,81.041
67.663,41.461,61.440,83.239,81.079
67.675,41.503,61.538,83.278,81.118
67.608,41.432,61.415,83.250,81.110
67.575,41.408,61.440,83.206,81.013
67.511,41.455,61.458,83.178,81.023
67.530,41.420,61.415,83.180,81.033
67.540,41.440,61.443,83.227,81.038
67.579,41.455,61.468,83.266,81.141
67.659,41.440,61.418,83.288,81.110
67.659,41.417,61.446,83.352,81.205
67.644,41.366,61.360,83.338,81.172
67.614,41.387,61.406,83.313,81.126
67.608,41.432,61.388,83.270,81.064
67.591,41.440,61.385,83.307,81.054
67.608,41.488,61.474,83.260,81.103
67.607,41.449,61.425,83.239,81.079
67.597,41.381,61.385,83.225,81.067
67.591,41.449,61.425,83.227,81.097
67.616,41.446,61.440,83.211,81.051
67.663,41.530,61.511,83.233,81.128
67.599,41.521,61.517,83.243,81.087
67.534,41.449,61.455,83.249,81.033
67.614,41.437,61.455,83.147,81.044
67.550,41.405,61.406,83.169,80.997
67.542,41.443,61.431,83.167,81.072
67.564,41.432,61.406,83.159,80.977
67.591,41.414,61.415,83.282,81.121
67.605,41.464,61.397,83.303,81.074
67.534,41.420,61.403,83.256,81.015
67.544,41.461,61.477,83.188,81.072
67.540,41.458,61.468,83.202,81.064
67.612,41.452,61.428,83.167,81.059
67.534,41.461,61.462,83.116,81.023
67.511,41.437,61.446,83.174,81.026
67.546,41.461,61.446,83.130,81.023
67.515,41.455,61.458,83.139,81.015
67.517,41.432,61.449,83.178,81.021
67.685,41.467,61.474,83.325,81.177
67.661,41.458,61.449,83.291,81.182
67.698,41.446,61.465,83.340,81.149
67.681,41.458,61.458,83.348,81.159
67.554,41.440,61.455,83.190,81.074
67.593,41.437,61.437,83.256,81.100
67.661,41.464,61.477,83.346,81.133
67.659,41.458,61.422,83.266,81.092
67.638,41.446,61.492,83.278,81.105
67.675,41.461,61.452,83.309,81.121
67.675,41.461,61.449,83.315,81.195
67.618,41.473,61.440,83.196,81.031
67.587,41.476,61.477,83.223,81.113
67.628,41.464,61.480,83.260,81.026
67.620,41.488,61.462,83.213,81.095
67.651,41.458,61.458,83.328,81.164
67.655,41.467,61.474,83.280,81.067
67.532,41.449,61.455,83.163,81.046
67.587,41.476,61.486,83.169,81.067
67.638,41.488,61.449,83.249,81.103
67.636,41.467,61.437,83.250,81.121
67.644,41.464,61.425,83.249,81.108
67.618,41.521,61.446,83.233,81.121
67.610,41.408,61.415,83.260,81.121
67.634,41.402,61.422,83.256,81.123
67.647,41.464,61.449,83.293,81.149
67.499,41.429,61.443,83.184,81.031
67.548,41.485,61.474,83.227,81.069
67.569,41.435,61.425,83.190,81.059
67.638,41.449,61.480,83.303,81.126
67.673,41.497,61.471,83.192,81.051
67.710,41.503,61.508,83.307,81.090
67.556,41.485,61.498,83.174,81.069
67.634,41.485,61.434,83.227,81.115
67.618,41.461,61.418,83.243,81.103
67.669,41.446,61.455,83.295,81.167
67.608,41.488,61.502,83.200,81.097
67.577,41.491,61.502,83.245,81.095
67.603,41.518,61.542,83.235,81.151
67.628,41.506,61.415,83.221,81.085
67.671,41.464,61.468,83.272,81.105
67.618,41.544,61.529,83.217,81.092
67.638,41.435,61.428,83.241,81.144
67.579,41.491,61.514,83.186,81.123
67.608,41.429,61.425,83.239,81.064
67.653,41.482,61.495,83.323,81.131
67.583,41.485,61.462,83.165,81.015
67.595,41.533,61.517,83.208,81.085
67.661,41.435,61.452,83.266,81.126
67.669,41.497,61.502,83.198,81.062
67.605,41.530,61.548,83.231,81.108
67.626,41.452,61.431,83.252,81.092
67.686,41.446,61.455,83.268,81.195
67.628,41.476,61.471,83.278,81.103
67.612,41.533,61.542,83.235,81.154
67.644,41.544,61.517,83.249,81.136
67.607,41.530,61.520,83.254,81.103
67.640,41.535,61.511,83.289,81.126
67.636,41.435,61.440,83.233,81.113
67.614,41.512,61.465,83.182,81.077
67.571,41.497,61.523,83.186,81.082
67.554,41.485,61.511,83.151,81.056

}
立体元素
{
52.458,14.951,0.000,60.879,67.505
52.434,14.966,0.000,60.909,67.546
52.436,14.939,0.000,60.872,67.541
52.417,14.969,0.000,60.895,67.579
52.462,14.978,0.000,60.936,67.554
52.438,14.954,0.000,60.889,67.567
52.491,14.948,0.000,60.942,67.600
52.436,14.930,0.000,60.883,67.549
52.477,14.984,0.000,60.938,67.608
52.440,14.951,0.000,60.934,67.569
52.409,14.957,0.000,60.862,67.497
52.460,14.957,0.000,60.891,67.564
52.409,14.945,0.000,60.862,67.538
52.446,14.981,0.000,60.928,67.572
52.458,14.957,0.000,60.918,67.567
52.397,14.924,0.000,60.870,67.508
52.392,14.948,0.000,60.879,67.510
52.489,14.972,0.000,60.928,67.582
52.464,14.966,0.000,60.905,67.590
52.456,14.945,0.000,60.901,67.579
52.468,14.975,0.000,60.932,67.610
52.456,14.960,0.000,60.899,67.541
52.429,14.939,0.000,60.866,67.549
52.497,14.969,0.000,60.924,67.569
52.444,14.963,0.000,60.899,67.536
52.458,14.960,0.000,60.879,67.546
52.464,14.963,0.000,60.932,67.590
52.393,14.927,0.000,60.860,67.518
52.475,14.978,0.000,60.936,67.569
52.432,14.957,0.000,60.897,67.523
52.434,14.933,0.000,60.883,67.538
52.468,14.969,0.000,60.944,67.536
52.454,14.957,0.000,60.911,67.577
52.395,14.945,0.000,60.860,67.556
52.456,14.972,0.000,60.942,67.579
52.425,14.951,0.000,60.870,67.541
52.440,14.969,0.000,60.928,67.554
52.419,14.945,0.000,60.881,67.556
52.481,14.972,0.000,60.903,67.531
52.440,14.960,0.000,60.920,67.533
52.423,14.933,0.000,60.897,67.551
52.483,14.993,0.000,61.010,67.600
52.477,14.951,0.000,60.913,67.605
52.454,14.939,0.000,60.866,67.523
52.505,14.984,0.000,60.961,67.623
52.479,14.969,0.000,60.916,67.582
52.444,14.945,0.000,60.914,67.567
52.417,14.954,0.000,60.874,67.526
52.548,14.954,0.000,60.955,67.587
52.495,14.951,0.000,60.977,67.574
52.473,14.874,0.000,60.924,67.567
52.514,14.808,0.000,60.887,67.526
52.489,14.725,0.000,60.872,67.456
52.536,14.654,0.000,60.792,67.487
52.501,14.847,0.000,60.895,67.544
52.507,14.850,0.000,60.913,67.551
52.483,14.930,0.000,60.996,67.597
52.431,15.019,0.000,61.039,67.636
52.431,15.263,0.000,61.260,67.826
52.417,15.224,0.000,61.246,67.831
52.345,15.396,0.000,61.414,67.856
52.446,15.230,0.000,61.482,68.028
52.739,14.630,0.000,61.234,67.951
53.150,14.060,0.000,61.369,68.169
54.839,11.161,0.000,59.906,67.992
54.082,12.326,0.000,60.860,68.223
54.843,12.040,0.000,60.476,68.338
54.445,13.160,0.000,61.611,68.946
53.450,15.239,0.000,62.894,69.331
53.242,16.736,0.000,64.060,70.069
53.105,17.657,0.000,65.046,70.779
53.318,17.330,0.000,65.290,70.862
53.877,18.304,0.000,66.242,72.231
54.427,17.517,0.000,66.146,72.400
55.613,16.920,0.000,66.294,73.297
56.535,16.145,0.000,66.362,73.774
57.980,16.071,0.000,66.760,75.305
58.475,16.599,0.218,67.501,76.295
58.861,16.668,0.895,67.956,76.887
59.349,17.425,1.418,68.767,78.041
60.671,16.831,3.452,68.969,79.128
61.726,16.680,5.268,69.250,80.236
62.141,17.826,6.154,70.356,81.710
62.743,18.069,7.458,70.853,82.726
65.202,16.772,11.843,70.459,84.431
66.908,15.601,15.037,69.980,85.418
67.720,16.240,16.914,70.644,86.874
67.513,20.609,17.529,72.969,89.923
67.261,23.552,18.135,74.626,91.954
67.123,26.611,19.135,76.397,94.313
65.965,33.065,18.871,79.725,98.074
64.329,38.702,18.071,82.835,100.000
63.050,43.849,17.720,85.737,100.000
63.297,46.605,20.197,86.975,100.000
63.943,48.022,23.434,87.256,100.000
64.688,49.810,27.505,87.447,100.000
65.039,51.363,29.938,87.858,100.000
66.335,50.671,33.606,86.661,100.000
65.120,54.538,32.782,88.991,100.000
65.680,53.514,33.988,87.889,100.000
65.163,54.048,32.415,88.646,100.000
64.925,52.456,30.526,88.217,100.000
64.549,50.775,28.031,87.893,100.000
66.115,45.884,28.492,85.306,100.000
67.675,38.827,28.360,81.942,100.000
69.414,31.559,28.335,78.551,100.000
71.567,24.844,29.902,75.000,98.269
70.611,20.050,25.978,73.359,93.838
70.720,16.412,24.769,71.309,91.092
68.913,15.215,20.880,70.707,88.408
65.969,16.388,15.246,71.543,86.333
65.146,15.783,13.400,70.795,84.815
63.003,15.780,9.569,70.644,82.621
62.369,14.449,8.237,69.434,80.854
60.948,14.078,6.114,68.745,79.208
59.988,13.668,4.612,68.074,77.754
59.240,12.824,3.597,67.285,76.533
58.421,13.012,2.517,66.891,75.749
56.399,13.312,0.000,66.474,73.846
55.170,14.541,0.000,66.518,73.323
53.099,15.988,0.000,66.768,72.062
52.080,15.922,0.000,66.169,70.910
51.976,16.258,0.000,65.766,70.849
51.052,15.316,0.000,64.725,69.326
52.395,13.291,0.000,63.426,69.318
52.766,10.719,0.000,61.535,67.992
54.388,8.126,0.000,59.815,67.779
54.365,6.632,0.000,58.600,66.674
54.938,5.898,0.018,58.473,66.767
54.581,6.697,0.000,58.657,66.938
54.026,8.138,0.000,59.581,67.446
53.222,10.143,0.000,61.045,68.028
52.879,11.524,0.000,62.032,68.585
53.302,11.681,0.000,62.543,69.185
54.392,10.609,0.000,62.373,69.497
56.775,8.836,0.674,61.917,70.582
58.278,7.015,2.637,61.416,70.723
59.918,5.836,4.668,61.221,71.454
62.014,4.895,7.117,60.946,72.423
63.172,5.037,8.508,61.523,73.579
64.161,6.225,9.563,62.533,75.256
64.783,7.256,10.212,63.633,76.582
66.140,8.518,12.231,64.697,78.797
66.491,10.110,12.874,65.959,80.223
67.388,11.987,14.529,67.355,82.626
67.332,15.845,15.052,69.541,85.331
66.842,19.531,15.034,72.013,87.803
66.320,25.162,15.511,74.979,91.456
64.413,30.986,13.680,78.532,94.133
64.136,35.818,15.077,81.199,97.736
63.867,39.620,16.486,83.293,100.000
62.917,43.558,16.742,85.643,100.000
61.866,47.737,16.846,87.915,100.000
61.618,50.564,17.612,89.172,100.000
62.022,51.138,19.720,89.436,100.000
61.683,53.219,20.265,90.689,100.000
64.272,49.979,25.120,87.632,100.000
64.284,46.977,23.640,86.729,100.000
65.076,42.905,23.468,84.594,100.000
68.303,34.856,26.735,79.982,100.000
69.090,30.024,25.680,77.325,99.179
67.932,26.644,21.468,76.250,95.359
66.415,25.150,17.295,75.654,92.492
65.019,23.258,13.517,74.525,89.379
64.159,20.781,10.831,73.064,86.372
64.557,17.247,10.751,70.502,83.974
63.590,13.885,9.065,68.412,80.736
64.040,11.393,9.486,66.643,79.200
63.330,7.894,8.763,64.110,76.108
63.830,5.227,9.738,62.071,74.603
61.806,4.505,7.520,61.197,72.408
60.837,4.586,6.335,60.647,71.482
57.490,6.653,2.566,61.421,70.385
56.640,7.770,1.345,61.435,70.141
53.632,9.691,0.000,61.808,68.677
52.733,10.983,0.000,61.975,68.587
51.226,11.345,0.000,61.359,67.228
51.134,11.541,0.000,60.876,67.097
51.015,10.374,0.000,59.817,66.118
51.588,8.955,0.000,58.723,65.649
50.839,9.843,0.000,59.004,65.446
50.884,10.048,0.000,59.265,65.726
51.746,8.782,0.000,58.758,65.749
52.060,9.017,0.000,59.000,66.292
51.325,10.796,0.000,60.521,66.967
51.697,11.316,0.000,60.991,67.292
51.358,12.786,0.000,62.406,68.113
52.126,12.839,0.000,63.054,68.897
52.629,13.113,0.000,63.718,69.631
53.472,13.300,0.000,64.467,70.646
54.714,12.896,0.000,64.869,71.638
55.453,13.282,0.000,65.770,72.823
57.869,11.446,1.905,65.460,73.962
59.897,10.885,4.486,65.820,75.656
61.728,10.128,7.049,65.883,76.823
63.221,10.743,9.317,66.947,78.974
64.434,11.331,11.369,67.634,80.579
64.571,14.315,11.957,69.726,83.028
64.313,18.696,12.058,72.333,85.928
63.081,23.718,10.757,75.739,88.449
61.665,30.677,9.394,79.786,92.151
60.380,35.587,8.548,82.938,94.677
59.873,40.362,9.077,85.869,97.905
60.160,43.338,11.428,87.466,100.000
60.509,45.447,14.172,88.474,100.000
60.743,48.298,16.818,89.734,100.000
61.240,50.490,20.295,90.455,100.000
62.024,52.670,24.326,90.744,100.000
61.919,55.738,26.532,92.064,100.000
61.295,59.486,28.551,93.587,100.000
61.094,62.421,30.935,94.720,100.000
61.642,63.427,33.375,94.499,100.000
64.549,59.189,39.942,91.017,100.000
64.360,60.576,41.105,91.549,100.000
68.285,52.584,48.422,86.105,100.000
73.963,42.783,55.606,80.287,100.000
63.231,48.375,28.991,88.734,100.000
59.095,58.087,22.785,95.365,100.000
61.349,57.054,28.886,92.776,100.000
60.852,54.924,26.117,92.885,100.000
62.439,55.462,31.658,91.855,100.000
62.671,54.113,31.711,91.138,100.000
63.015,55.206,33.689,91.114,100.000
62.981,53.591,32.022,90.802,100.000
63.436,54.309,34.160,90.602,100.000
64.512,51.132,34.994,88.975,100.000
64.506,50.080,34.157,88.613,100.000
67.402,42.691,37.868,84.769,100.000
73.359,31.874,46.320,78.109,100.000
76.553,24.491,48.972,75.034,100.000
76.438,22.771,48.729,74.854,100.000
79.553,26.270,59.055,74.655,100.000
78.534,16.243,49.917,72.516,100.000
75.786,12.441,41.831,71.966,97.054
74.460,17.176,41.415,74.109,99.821
70.128,15.094,31.040,73.994,93.879
69.863,14.176,29.877,73.673,92.933
67.802,11.538,24.751,72.327,88.633
65.315,11.319,19.671,71.966,85.903
64.056,12.679,17.511,72.551,85.597
60.365,12.994,10.757,72.413,81.997
59.748,12.723,9.748,71.758,81.033
57.547,12.406,6.246,71.073,78.631
56.781,12.147,5.015,70.381,77.462
55.195,11.583,3.006,69.434,75.536
53.507,12.465,0.738,69.328,74.192
52.351,12.204,0.000,68.400,72.674
51.200,12.845,0.000,68.394,71.997
51.130,11.292,0.000,66.612,70.736
49.919,11.919,0.000,66.561,69.854
49.227,12.195,0.000,66.175,69.244
48.813,12.403,0.000,65.852,68.856
48.084,12.551,0.000,65.781,68.313
46.969,14.713,0.000,66.520,68.221
47.220,14.529,0.000,66.419,68.141
47.922,14.087,0.000,66.167,68.626
48.201,13.424,0.000,66.158,68.700
49.677,11.244,0.000,65.021,68.887
50.153,11.565,0.000,65.688,69.549
51.157,10.297,0.000,65.046,69.613
52.606,9.614,0.000,65.070,70.582
53.836,8.444,1.015,64.721,70.956
55.482,8.102,2.671,64.892,72.210
55.660,8.099,2.757,65.216,72.254
56.668,10.074,3.262,66.647,74.356
57.032,10.368,3.757,67.332,75.087
57.982,11.922,4.529,68.615,76.769
57.919,13.745,4.172,69.913,77.926
58.651,15.530,5.209,71.436,80.015
59.665,16.706,6.649,72.468,81.774
60.292,17.829,7.849,73.466,83.295
61.866,19.290,10.809,74.659,86.044
62.180,21.628,11.886,76.114,88.069
62.537,24.541,13.354,77.939,90.615
62.864,27.977,14.846,79.817,93.654
63.512,31.945,17.788,81.780,97.313
63.832,35.278,20.240,83.387,100.000
63.988,40.241,23.625,85.432,100.000
63.241,44.942,24.695,87.741,100.000
62.946,49.905,27.498,89.730,100.000
62.892,55.982,32.428,91.812,100.000
62.521,60.095,35.397,92.899,100.000
64.056,60.772,40.431,91.851,100.000
64.340,47.042,30.618,87.694,100.000
61.661,52.236,26.803,91.315,100.000
62.931,62.248,39.102,93.090,100.000
62.088,56.077,32.243,91.879,100.000
63.015,63.380,41.686,92.555,100.000
64.654,68.937,55.206,91.422,100.000
61.687,85.976,67.009,95.687,100.000
60.813,89.243,67.695,96.584,100.000
61.303,93.151,73.483,96.420,100.000
63.482,86.834,73.422,93.218,100.000
65.117,81.547,72.126,91.204,100.000
65.684,80.321,71.935,90.412,100.000
69.648,60.345,62.169,85.857,100.000
77.280,32.795,57.917,75.034,100.000
74.474,36.380,52.071,78.350,100.000
69.751,48.102,47.535,84.046,100.000
67.111,39.454,32.815,83.289,100.000
67.412,33.790,29.185,81.080,100.000
66.928,35.572,27.763,81.903,100.000
66.134,33.454,24.015,81.281,99.541
64.584,26.246,17.102,78.066,91.892
64.181,21.485,14.643,75.671,87.785
66.125,20.811,18.006,74.969,89.713
69.322,21.945,24.858,74.786,94.472
69.270,16.638,23.262,72.011,90.405
66.737,11.108,17.043,69.137,83.295
65.501,10.671,14.382,68.326,81.564
65.618,13.326,14.520,69.679,83.895
62.385,11.886,9.022,68.201,79.313
60.470,12.138,5.991,67.876,77.644
59.741,14.336,4.354,68.439,78.067
55.552,15.970,0.000,68.652,74.844
55.186,17.072,0.000,68.817,75.164
52.992,17.781,0.000,68.425,73.105
53.209,16.772,0.000,67.125,72.331
53.704,15.076,0.000,65.661,71.700
53.238,15.108,0.000,65.354,71.210
52.136,15.999,0.000,65.352,70.446
49.613,19.204,0.000,67.035,69.887
48.443,20.728,0.000,67.458,69.310
48.269,22.174,0.000,68.617,70.044
48.268,21.928,0.000,68.256,69.936
48.509,22.076,0.000,68.617,70.400
50.102,19.602,0.000,67.408,70.644
50.724,19.979,0.000,68.466,71.749
51.528,19.255,0.000,68.369,72.054
51.820,19.756,0.000,69.164,72.959
52.998,19.299,0.000,69.607,74.128
54.000,19.124,0.000,70.176,75.210
55.209,18.747,0.000,70.465,76.333
56.615,19.103,0.000,71.346,78.218
57.650,19.076,1.323,71.910,79.508
58.551,20.181,2.822,73.078,81.462
60.589,19.961,6.415,73.519,83.633
62.404,20.345,9.929,74.178,86.100
63.902,21.060,13.286,74.585,88.297
64.684,23.187,15.357,76.100,90.777
65.612,25.774,18.363,77.352,93.854
65.953,28.049,20.286,78.579,96.095
66.413,31.037,22.668,79.793,98.803
66.448,32.628,23.791,80.725,100.000
66.825,34.901,26.132,81.611,100.000
65.154,38.153,24.612,83.451,100.000
67.829,35.076,28.517,81.170,100.000
66.866,35.180,26.486,81.700,100.000
66.290,34.886,24.600,81.474,100.000
66.101,32.536,22.268,80.786,99.341
66.735,28.883,21.988,78.666,97.251
67.025,25.391,21.483,76.946,95.031
66.314,22.899,18.812,75.663,92.228
65.228,20.143,15.991,74.219,89.103
65.140,17.939,14.822,72.791,87.092
63.420,16.641,11.615,71.933,84.541
62.295,14.996,9.338,70.446,81.946
61.540,13.231,7.806,69.003,79.767
59.992,13.505,5.449,68.603,78.408
59.409,11.544,4.702,67.029,76.341
57.951,11.607,2.769,66.554,74.987
57.225,11.268,1.975,65.762,73.954
56.075,10.823,0.622,65.007,72.374
55.480,10.639,0.114,64.350,71.705
54.445,10.582,0.000,63.839,70.785
53.228,11.031,0.000,63.438,69.741
53.010,10.558,0.000,62.691,69.128
52.516,10.288,0.000,62.180,68.238
52.109,10.561,0.000,62.114,68.128
52.105,10.267,0.000,61.708,67.823
50.401,13.514,0.000,63.484,68.187
50.393,13.508,0.000,63.527,68.259
50.724,13.594,0.000,63.601,68.585
51.541,11.779,0.000,62.650,68.200
51.009,13.837,0.000,64.311,69.108
50.707,15.385,0.000,65.415,69.787
50.520,16.650,0.000,66.786,70.421
51.354,17.294,0.000,67.778,71.813
52.070,17.140,0.000,68.285,72.485
52.526,17.897,0.000,69.478,73.631
54.107,17.778,0.000,70.180,75.326
54.800,18.108,0.000,71.089,76.646
56.287,19.424,0.326,72.600,79.141
57.104,19.599,1.732,73.614,80.413
58.873,21.568,4.495,75.129,83.708
59.975,21.717,7.068,75.892,85.444
63.077,21.622,13.068,75.973,88.736
65.167,20.244,17.609,75.363,90.269
69.272,18.797,25.951,74.222,93.431
72.809,15.135,32.548,72.187,94.387
77.428,10.579,40.191,69.500,95.133
82.322,5.203,47.345,66.645,95.126
82.488,4.984,48.083,66.454,95.495
84.161,3.315,49.837,65.444,95.097
82.359,4.568,47.434,66.403,94.882
79.329,7.868,43.317,68.314,95.159
77.054,8.851,39.265,68.979,93.838
75.970,7.288,36.157,68.396,91.426
74.688,5.827,33.268,67.751,89.151
73.158,5.183,30.437,67.378,87.285
71.337,3.261,26.926,66.259,84.033
71.276,1.616,26.317,64.851,82.264
68.578,1.476,22.065,64.413,79.710
66.167,1.702,18.360,63.982,77.667
63.262,3.998,13.914,65.058,76.946
58.715,8.322,6.775,66.766,75.623
56.061,10.460,2.963,67.408,74.433
53.829,12.236,0.000,67.564,73.090
51.727,13.914,0.000,67.568,71.885
50.061,14.853,0.000,67.328,70.536
49.157,14.921,0.000,66.429,69.369
48.975,14.179,0.000,65.419,68.462
48.127,14.868,0.000,64.949,67.979
47.669,14.606,0.000,64.126,67.133
46.737,15.402,0.000,63.859,66.423
45.971,16.350,0.000,63.529,65.877
44.898,18.102,0.000,63.810,65.456
43.539,20.098,0.237,64.346,64.795
41.055,24.096,3.951,65.824,64.282
40.608,25.361,5.372,66.405,64.062
40.136,26.525,6.649,66.901,64.054
38.543,28.417,9.563,68.082,63.354
36.909,30.838,13.225,69.759,62.736
36.925,30.541,13.271,70.342,62.869
37.873,29.557,11.628,70.992,63.931
39.360,27.666,8.692,71.229,65.213
41.026,24.859,5.292,70.837,66.074
42.568,23.424,2.742,71.202,67.618
44.883,20.303,0.000,70.533,68.900
47.802,17.170,0.000,69.630,70.459
51.138,13.555,0.000,68.459,72.033
54.874,8.687,2.363,66.156,72.592
60.318,2.881,10.135,63.147,73.315
65.109,0.285,16.938,59.608,72.421
70.442,5.016,23.858,56.336,71.810
74.265,9.572,28.228,54.336,71.246
78.011,13.249,32.148,52.789,71.274
80.877,15.129,34.837,52.214,71.808
82.014,12.272,35.671,53.329,74.079
81.679,7.458,34.831,55.363,76.682
81.386,2.881,34.535,57.529,79.631
81.537,0.659,34.782,58.809,81.826
81.347,0.021,34.972,59.830,83.254
81.868,0.309,35.422,59.056,82.505
80.501,0.050,33.563,59.869,82.674
77.580,1.045,29.969,61.421,82.769
76.348,0.879,27.772,61.094,81.431
73.755,1.827,24.154,61.683,80.413
69.790,5.361,18.212,63.695,80.085
64.922,10.042,10.726,65.770,78.931
59.990,15.563,3.305,68.451,78.110
57.724,16.748,0.046,68.221,76.226
55.357,17.300,0.000,67.718,74.174
53.875,17.101,0.000,66.581,72.321
52.973,16.994,0.000,65.637,71.233
52.473,15.346,0.000,63.810,69.436
51.920,14.901,0.000,62.246,68.318
51.077,13.855,0.000,60.950,66.882
51.555,12.738,0.000,59.557,66.249
49.966,14.134,0.000,59.230,65.379
48.474,16.279,0.000,59.462,64.808
47.084,18.438,0.000,59.717,64.305
44.576,22.560,2.049,61.418,64.105
42.782,25.135,4.960,62.040,63.310
42.184,26.727,6.415,62.775,63.356
43.100,25.073,4.843,62.430,63.726
42.580,25.554,5.418,63.299,63.974
42.937,25.174,5.114,63.736,64.272
43.923,23.344,3.425,63.972,64.754
45.196,22.058,1.671,64.500,65.977
45.898,20.986,0.591,65.017,66.597
46.628,20.597,0.000,65.984,67.554
45.967,22.079,0.720,67.950,68.277
46.591,22.106,0.098,69.083,69.238
46.951,23.196,0.000,70.795,70.695
47.634,23.629,0.000,72.204,71.959
47.918,24.532,0.000,73.671,73.228
49.636,24.295,0.000,74.850,75.356
52.411,22.628,0.000,74.895,77.779
55.572,19.828,0.495,74.328,79.728
58.290,19.201,5.046,74.398,82.562
60.887,17.850,10.018,74.390,84.790
63.250,18.405,14.597,74.885,87.628
64.056,19.765,16.745,75.724,89.628
64.976,22.043,19.363,77.140,92.426
65.846,22.732,21.498,77.383,93.810
67.618,21.874,25.243,76.734,95.115
69.521,18.159,28.040,74.589,94.267
69.976,16.905,28.818,74.041,93.844
70.422,14.684,28.895,72.953,92.618
71.050,10.769,28.862,70.915,90.223
70.455,9.127,27.237,70.007,88.423
69.336,6.320,24.917,68.461,85.308
68.215,5.236,22.911,67.770,83.472
66.043,5.750,19.449,67.885,81.879
63.377,5.581,15.185,67.298,79.156
61.429,6.674,12.157,67.427,78.195
58.440,7.262,7.785,67.191,75.674
56.687,7.888,5.394,66.879,74.308
54.909,7.787,3.372,66.113,72.582
54.026,7.363,2.360,65.007,71.226
51.621,9.240,0.000,65.427,70.051
49.927,10.330,0.000,64.808,68.600
48.236,12.625,0.000,64.949,68.008
46.598,13.356,0.000,64.504,66.577
46.318,14.214,0.000,63.947,66.267
45.115,15.251,0.000,63.611,65.303
44.955,15.364,0.000,62.925,64.772
44.873,15.551,0.000,62.584,64.690
45.015,15.043,0.000,62.186,64.569
45.039,15.245,0.000,61.954,64.508
45.430,14.752,0.000,61.843,64.679
46.226,13.451,0.000,61.480,64.859
47.256,11.740,0.000,60.721,64.995
47.174,12.031,0.000,61.236,65.167
48.160,11.313,0.000,61.322,65.821
48.985,10.395,0.000,61.312,66.195
49.884,9.837,0.000,61.445,66.592
50.960,9.157,0.000,61.525,67.241
51.514,10.149,0.000,62.430,68.241
51.649,10.499,0.000,63.054,68.397
52.994,11.666,0.000,64.060,70.074
53.856,11.672,0.000,64.764,70.895
56.046,11.212,0.166,64.828,72.315
57.489,11.497,1.600,65.647,73.987
59.567,10.181,4.172,65.349,74.851
63.018,8.842,8.794,65.087,76.987
64.563,8.613,11.040,65.271,78.213
65.881,9.477,12.905,66.158,80.023
67.355,10.597,15.194,66.986,82.108
67.706,13.172,16.123,68.611,84.346
67.753,15.993,16.295,69.972,86.287
66.318,20.579,14.412,72.559,88.141
64.988,23.695,12.600,74.339,89.090
63.697,26.246,10.357,76.001,89.600
62.601,26.813,8.212,75.919,88.510
59.557,30.018,3.197,78.210,87.777
58.789,29.243,1.243,77.163,85.879
57.960,27.152,0.000,75.496,83.092
57.752,25.049,0.000,73.394,81.069
57.654,21.432,0.000,70.658,78.208
57.192,20.704,0.000,69.367,76.913
55.919,18.583,0.000,67.295,74.123
55.461,18.081,0.000,66.119,72.923
54.131,17.187,0.000,64.461,70.815
53.170,17.021,0.000,63.330,69.462
50.956,18.610,0.000,62.898,68.138
50.124,18.414,0.000,61.823,66.754
48.999,19.831,0.000,61.211,66.064
47.577,20.695,0.705,60.388,64.792
47.244,21.241,1.043,59.633,64.241
47.070,21.387,1.120,58.988,63.908
46.409,22.135,1.708,58.424,63.292
46.300,21.592,1.557,57.370,62.456
45.998,22.548,2.148,57.430,62.344
44.980,24.206,3.520,57.502,61.969
44.223,25.010,4.572,58.231,61.738
44.329,25.298,4.695,58.372,62.085
43.422,26.525,5.868,59.429,62.300
42.669,27.443,6.942,60.669,62.603
42.471,27.891,7.628,61.790,62.938
42.480,27.354,7.394,62.808,63.426
43.106,26.400,6.345,63.650,64.185
43.638,25.091,5.237,64.358,64.774
44.898,23.739,3.277,65.321,66.138
46.029,22.034,1.329,65.859,67.108
46.832,21.402,0.058,67.066,68.328
48.351,20.252,0.000,67.671,69.600
48.776,21.221,0.000,69.385,71.054
49.644,21.313,0.000,70.453,72.295
50.666,21.886,0.000,71.955,74.077
52.050,21.405,0.000,72.692,75.733
54.564,20.131,0.000,72.875,77.931
58.198,16.590,3.625,71.715,79.587
61.967,13.398,9.902,70.356,81.469
66.437,8.607,17.422,68.250,82.603
70.678,4.996,24.357,66.403,83.731
73.573,2.112,28.615,64.703,83.762
75.535,0.998,31.652,64.027,84.344
76.693,0.552,33.578,63.736,84.882
75.605,0.838,32.126,63.986,84.510
71.272,5.227,26.000,66.942,84.933
68.585,6.953,21.969,68.086,83.974
66.682,8.239,19.314,68.778,83.479
63.923,8.215,15.025,68.519,81.046
62.301,7.226,12.902,67.956,79.015
60.790,6.864,10.972,67.423,77.510
58.040,7.437,7.314,67.341,75.546
56.190,7.796,5.462,67.113,74.277
54.421,7.470,3.471,66.497,72.464
53.460,7.220,2.686,65.807,71.395
51.159,7.669,0.575,65.352,69.626
49.831,7.853,0.000,65.042,68.638
48.759,8.179,0.000,64.358,67.774
47.521,8.313,0.000,63.794,66.541
47.265,8.438,0.000,63.405,66.395
46.318,8.337,0.000,62.621,65.110
46.733,7.764,0.000,61.772,65.038
46.573,6.968,0.000,60.975,64.374
46.821,6.783,0.000,60.759,64.441
46.647,6.489,0.000,60.201,64.031
46.464,6.884,0.000,60.786,64.077
46.852,6.656,0.000,60.486,64.451
47.663,5.082,0.249,60.033,64.523
48.219,4.606,0.868,60.162,64.869
48.488,3.730,1.222,59.860,64.644
49.475,3.368,2.151,60.211,65.515
50.243,2.854,2.689,60.433,65.915
50.787,2.949,2.997,60.844,66.536
51.576,2.418,3.569,60.889,66.856
52.817,2.504,4.382,61.423,67.923
53.653,2.697,4.652,61.833,68.551
54.759,3.020,5.498,62.648,69.872
57.354,1.931,8.126,62.354,70.923
59.403,2.266,9.806,62.923,72.603
60.296,3.124,10.489,63.880,74.021
61.421,4.785,11.511,65.479,76.244
61.652,7.832,11.360,67.774,78.536
61.597,11.075,10.831,70.015,80.644
60.977,16.911,9.892,73.444,83.967
59.446,22.100,7.726,76.943,86.187
58.713,27.648,6.972,80.275,89.185
56.685,32.501,3.828,83.746,90.492
55.743,37.312,2.560,86.712,92.797
54.852,39.376,1.268,88.289,93.328
53.265,42.266,0.000,90.590,93.546
53.267,41.417,0.000,89.679,92.672
50.176,44.090,0.000,92.029,90.518
50.258,42.236,0.000,90.771,89.108
51.926,37.615,0.000,86.678,87.718
52.608,34.247,0.000,84.266,85.903
53.554,29.162,0.000,80.370,83.308
54.207,25.682,0.000,77.565,81.608
54.837,20.953,0.000,74.332,79.041
55.743,17.446,0.222,71.374,77.526
55.525,12.991,0.855,68.406,74.723
56.003,10.772,1.917,66.585,73.774
54.940,8.310,1.535,64.606,71.382
55.447,5.753,3.265,62.841,70.492
54.464,3.953,3.142,61.139,68.482
53.758,3.059,3.495,60.458,67.774
53.530,1.740,4.246,59.189,66.672
52.522,1.740,3.714,58.931,66.003
52.446,1.218,4.385,58.214,65.682
51.510,1.188,3.868,57.808,64.823
51.586,0.615,4.400,56.857,64.149
51.840,0.205,4.969,56.098,63.628
51.927,0.146,5.102,55.765,63.444
52.542,0.033,6.237,55.348,63.592
52.939,0.160,6.852,55.106,63.418
54.234,1.138,8.606,53.836,63.059
54.622,1.470,8.877,53.944,63.105
56.508,2.718,10.818,53.281,63.510
57.081,2.860,11.034,53.378,63.679
57.385,2.462,10.769,53.641,63.969
58.534,2.551,11.462,53.930,64.649
58.450,1.013,10.218,55.238,65.659
58.062,0.048,8.455,57.333,67.164
56.796,1.963,5.757,59.955,68.733
56.855,4.357,4.815,62.145,70.559
54.901,9.433,1.431,65.569,72.295
53.515,13.386,0.000,68.677,73.638
53.483,16.285,0.000,71.122,75.549
53.012,18.093,0.000,72.961,76.564
54.084,19.777,0.000,74.948,79.113
54.572,19.664,0.800,75.658,79.933
55.738,21.455,3.049,77.572,82.951
56.514,21.384,5.178,78.302,84.372
58.477,21.491,9.400,78.976,87.031
59.663,21.265,12.311,79.017,88.423
60.603,21.616,14.720,79.524,90.031
60.616,21.702,15.351,79.848,90.477
61.769,20.998,17.123,79.154,90.897
60.538,20.573,14.729,79.124,89.218
57.598,22.578,10.188,81.039,88.023
58.664,20.131,11.600,78.990,87.354
57.561,17.235,9.858,77.631,84.351
57.742,14.363,10.335,75.615,82.756
56.537,11.862,8.831,74.102,80.082
55.613,10.944,8.098,73.300,78.762
54.063,9.706,6.363,72.312,76.641
52.354,9.379,4.557,71.732,74.928
51.001,9.008,3.332,71.140,73.428
49.161,9.287,1.409,70.756,71.859
47.244,9.617,0.000,70.639,70.277
46.150,9.745,0.000,69.925,69.085
44.633,10.410,0.000,70.048,68.018
44.654,9.338,0.000,68.780,67.446
43.890,9.341,0.000,68.365,66.441
43.908,8.809,0.000,67.819,66.249
43.412,9.047,0.000,67.690,65.938
42.550,10.074,0.000,68.080,65.182
43.313,9.626,0.000,67.881,65.967
43.890,8.236,0.000,67.137,65.874
44.019,8.414,0.000,67.603,66.364
44.951,7.039,0.000,66.969,66.618
46.403,5.477,1.409,66.479,67.187
48.620,3.160,4.397,65.460,67.931
51.233,1.060,7.803,64.257,68.679
54.207,0.071,11.815,62.334,68.872
56.545,0.846,14.649,61.523,69.492
59.542,2.691,17.994,60.111,69.941
61.759,3.032,19.575,59.904,70.872
64.448,4.428,22.169,59.249,71.618
66.515,3.410,23.458,59.801,73.333
67.540,2.026,23.818,60.682,74.862
69.209,0.342,24.908,62.164,77.567
68.849,0.469,23.840,64.157,79.651
69.465,3.674,24.532,66.595,83.238
67.039,10.074,20.957,70.237,85.744
66.025,15.949,19.569,73.396,88.741
63.520,23.029,15.708,77.233,91.046
62.038,28.485,13.425,80.185,93.279
59.848,33.249,9.917,83.342,94.405
61.285,30.555,12.160,81.371,93.805
59.692,32.581,9.249,82.802,93.451
58.208,33.267,5.895,83.165,92.008
57.118,32.756,3.197,82.777,90.051
56.954,30.754,2.138,81.111,88.100
55.285,30.481,0.000,80.532,85.628
54.174,29.020,0.000,78.781,82.808
53.179,28.016,0.000,77.208,80.577
53.259,25.673,0.000,74.928,78.497
52.867,24.357,0.000,72.963,76.751
52.473,21.607,0.000,70.576,74.423
52.064,20.544,0.000,69.137,73.013
51.526,19.400,0.000,67.464,71.618
50.695,18.574,0.000,66.093,69.936
49.584,18.426,0.000,65.140,68.892
49.796,16.287,0.000,63.065,67.505
49.437,16.481,0.000,62.279,67.079
49.576,14.434,0.000,60.489,65.854
50.414,12.845,0.000,59.029,65.495
51.175,10.627,0.000,57.327,64.631
52.181,8.046,0.000,55.609,63.838
52.978,6.573,0.000,54.609,63.613
52.499,7.069,0.000,54.681,63.510
52.565,7.467,0.000,55.038,63.833
53.039,6.876,0.000,54.903,63.941
52.216,8.485,0.000,55.973,64.326
51.941,9.495,0.000,57.075,64.849
52.670,9.210,0.000,57.709,65.546
52.727,9.688,0.000,58.541,66.026
53.370,9.688,0.000,59.234,66.792
54.289,9.575,0.000,59.805,67.692
54.517,9.929,0.000,60.733,68.377
56.527,9.299,0.000,61.141,69.654
57.526,9.685,0.554,62.133,71.136
59.163,9.017,2.237,62.521,72.097
61.119,9.198,4.720,63.461,74.190
62.215,8.842,6.240,63.824,75.069
64.533,9.626,9.542,64.840,77.787
64.623,10.493,9.782,66.047,78.759
65.559,14.087,11.428,68.184,82.169
64.532,17.089,10.357,70.329,83.651
65.101,20.463,11.880,72.343,86.774
63.621,24.137,10.129,74.544,88.118
62.449,28.292,8.295,76.968,89.618
62.956,27.615,9.240,76.781,89.803
63.666,26.296,10.338,75.761,89.490
63.397,26.065,9.683,75.755,88.949
62.940,24.874,8.840,75.139,87.797
63.830,22.551,9.871,73.579,86.872
63.754,19.121,9.188,71.362,84.177
63.736,15.999,8.868,69.377,81.956
63.161,14.636,7.855,68.205,80.308
61.472,13.837,5.286,67.529,78.213
61.757,11.987,5.508,65.826,76.849
60.082,10.603,3.578,64.674,74.505
60.084,9.549,3.809,63.557,73.731
58.011,9.299,1.557,62.763,71.733
57.253,9.840,0.723,62.404,71.292
54.926,10.535,0.000,62.225,69.567
53.965,11.803,0.000,62.184,69.354
52.204,12.320,0.000,61.825,67.903
51.690,13.276,0.000,61.825,67.923
51.151,13.222,0.000,61.355,67.251
50.467,13.977,0.000,61.308,66.859
50.350,13.778,0.000,60.963,66.508
49.894,14.010,0.000,61.115,66.156
50.303,13.819,0.000,61.084,66.569
50.329,13.484,0.000,60.946,66.482
51.075,12.997,0.000,60.989,66.985
52.380,10.891,0.000,60.127,67.079
52.766,11.054,0.000,60.759,67.667
53.055,11.337,0.000,61.265,68.018
52.783,12.219,0.000,62.194,68.564
53.587,12.465,0.000,62.892,69.485
53.686,13.006,0.000,63.615,70.018
54.536,13.718,0.000,64.793,71.551
55.104,13.992,0.000,65.395,72.251
55.539,14.333,0.000,66.263,73.195
57.533,13.617,0.742,66.557,74.805
58.239,13.710,1.655,67.080,75.613
59.372,13.736,3.326,67.700,76.969
60.489,14.520,4.914,68.617,78.713
60.725,15.301,5.554,69.476,79.644
60.308,18.316,4.978,71.500,81.359
60.185,20.339,4.898,72.957,82.736
58.169,25.192,1.871,75.816,83.949
56.157,29.070,0.000,78.087,84.064
56.014,29.106,0.000,78.050,83.862
56.159,29.269,0.000,77.927,83.979
55.765,30.095,0.000,78.501,84.205
55.927,30.018,0.000,78.403,84.208
55.422,29.430,0.000,78.019,83.267
55.433,29.338,0.000,77.941,83.182
55.786,29.869,0.000,78.282,83.897
55.558,29.590,0.000,78.116,83.531
55.439,29.471,0.000,78.058,83.277
55.601,29.667,0.000,78.167,83.664
55.556,29.608,0.000,78.111,83.474
55.519,29.492,0.000,78.075,83.415
55.568,29.605,0.000,78.105,83.521
55.531,29.590,0.000,78.159,83.513
55.529,29.510,0.000,78.109,83.505
55.576,29.569,0.000,78.101,83.533
55.619,29.540,0.000,78.128,83.526
55.545,29.537,0.000,78.019,83.462
55.570,29.554,0.000,78.105,83.487
55.554,29.543,0.000,78.095,83.474
55.537,29.534,0.000,78.035,83.510
55.570,29.549,0.000,78.103,83.479
55.545,29.483,0.000,78.056,83.441
55.595,29.575,0.000,78.124,83.528
55.578,29.516,0.000,78.056,83.459
55.556,29.552,0.000,78.089,83.492
55.582,29.554,0.000,78.111,83.467
55.521,29.528,0.000,78.046,83.433
55.585,29.546,0.000,78.093,83.500
55.601,29.540,0.000,78.130,83.510
55.564,29.543,0.000,78.107,83.464
55.539,29.534,0.000,78.068,83.451
55.621,29.554,0.000,78.132,83.531
55.589,29.575,0.000,78.134,83.533
55.537,29.525,0.000,78.062,83.459
55.560,29.566,0.000,78.079,83.451
55.566,29.569,0.000,78.091,83.492
55.531,29.531,0.000,78.015,83.487
55.556,29.531,0.000,78.077,83.474
55.601,29.572,0.000,78.165,83.503
55.529,29.537,0.000,78.023,83.423
55.548,29.560,0.000,78.077,83.438
55.560,29.572,0.000,78.066,83.474
55.611,29.489,0.000,78.075,83.503
55.580,29.537,0.000,78.105,83.492
55.640,29.528,0.000,78.091,83.536
55.628,29.546,0.000,78.111,83.544
55.603,29.549,0.000,78.093,83.574
55.607,29.540,0.000,78.113,83.564
55.543,29.519,0.000,78.052,83.462
55.585,29.534,0.000,78.120,83.508
55.546,29.516,0.000,77.962,83.444
55.589,29.513,0.000,78.138,83.531
55.609,29.528,0.000,78.132,83.523
55.576,29.552,0.000,78.146,83.485
55.587,29.540,0.000,78.083,83.482
55.490,29.489,0.000,78.005,83.415
55.595,29.534,0.000,78.114,83.472
55.545,29.519,0.000,78.035,83.469
55.550,29.543,0.000,78.052,83.467
55.543,29.528,0.000,78.062,83.490
55.585,29.566,0.000,78.120,83.487
55.570,29.501,0.000,78.062,83.495
55.558,29.522,0.000,78.040,83.497
55.543,29.507,0.000,77.999,83.428
55.584,29.522,0.000,78.114,83.503
55.576,29.534,0.000,78.085,83.505
55.615,29.543,0.000,78.113,83.546
55.556,29.513,0.000,77.990,83.462
55.548,29.525,0.000,78.029,83.454
55.572,29.486,0.000,78.050,83.462
55.550,29.534,0.000,78.062,83.533
55.556,29.543,0.000,78.083,83.495
55.531,29.528,0.000,78.038,83.500
55.570,29.549,0.000,78.099,83.503
55.574,29.549,0.000,78.054,83.426
55.585,29.537,0.000,78.120,83.521
55.621,29.534,0.000,78.079,83.549
55.605,29.531,0.000,78.128,83.526
55.593,29.543,0.000,78.107,83.521
55.546,29.522,0.000,78.052,83.451
55.597,29.525,0.000,78.126,83.508
52.672,0.956,11.643,60.612,65.538
52.663,0.950,11.649,60.630,65.569
52.649,0.965,11.652,60.601,65.533
52.692,0.953,11.643,60.640,65.590
52.666,0.956,11.646,60.645,65.546
52.665,0.971,11.640,60.589,65.549
52.663,0.962,11.637,60.575,65.518
52.672,0.965,11.655,60.614,65.556
52.688,0.950,11.640,60.581,65.538
52.682,0.953,11.646,60.610,65.541
52.655,0.950,11.637,60.604,65.523
52.657,0.959,11.652,60.597,65.536
52.622,0.956,11.646,60.587,65.523
52.647,0.941,11.662,60.579,65.518
52.602,0.965,11.652,60.560,65.510
52.626,0.959,11.658,60.603,65.523
52.616,0.950,11.646,60.571,65.513
52.612,0.953,11.646,60.571,65.536
52.626,0.953,11.634,60.546,65.518
52.629,0.962,11.643,60.579,65.492
52.637,0.962,11.649,60.571,65.546
52.624,0.956,11.637,60.577,65.515
52.635,0.956,11.640,60.587,65.521
52.649,0.956,11.649,60.601,65.513
52.665,0.944,11.643,60.585,65.549
52.682,0.959,11.640,60.628,65.505
52.661,0.953,11.658,60.628,65.559
52.620,0.953,11.646,60.612,65.510
52.600,0.956,11.643,60.589,65.533
52.612,0.953,11.649,60.581,65.508
52.614,0.953,11.646,60.546,65.518
52.653,0.962,11.640,60.583,65.497
52.627,0.968,11.643,60.565,65.546
52.659,0.947,11.628,60.575,65.503
52.627,0.947,11.631,60.585,65.526
52.618,0.962,11.643,60.534,65.479
52.579,0.950,11.646,60.532,65.490
52.594,0.950,11.646,60.554,65.505
52.618,0.974,11.643,60.548,65.497
52.631,0.968,11.652,60.575,65.544
52.606,0.959,11.655,60.571,65.513
52.629,0.959,11.640,60.565,65.510
52.643,0.950,11.643,60.571,65.523
52.645,0.953,11.649,60.573,65.515
52.641,0.962,11.640,60.564,65.518
52.672,0.956,11.655,60.567,65.536
52.626,0.950,11.637,60.560,65.510
52.620,0.968,11.634,60.591,65.505
52.616,0.968,11.643,60.581,65.515
52.602,0.956,11.640,60.562,65.515
52.643,0.953,11.640,60.567,65.528
52.641,0.950,11.646,60.558,65.531
52.629,0.959,11.640,60.573,65.515
52.649,0.950,11.643,60.571,65.546
52.670,0.962,11.634,60.567,65.526
52.659,0.950,11.631,60.579,65.569
52.666,0.959,11.643,60.569,65.510
52.651,0.953,11.640,60.565,65.518
52.653,0.962,11.652,60.571,65.521
52.649,0.947,11.643,60.603,65.518
52.737,1.060,11.775,60.466,65.462
52.719,1.037,11.840,60.534,65.521
52.768,1.108,11.914,60.433,65.444
52.762,1.022,11.831,60.538,65.541
52.737,1.025,11.766,60.542,65.510
52.620,0.956,11.600,60.628,65.503
52.678,0.971,11.677,60.597,65.536
52.643,0.947,11.662,60.624,65.536
52.610,0.947,11.622,60.593,65.518
52.618,0.927,11.582,60.608,65.526
52.456,0.784,11.172,60.706,65.464
52.421,0.757,11.120,60.688,65.397
52.470,0.760,11.222,60.731,65.492
52.538,0.843,11.292,60.620,65.454
52.551,0.846,11.422,60.653,65.526
52.579,0.867,11.462,60.665,65.503
52.565,0.864,11.446,60.638,65.554
52.616,0.918,11.538,60.562,65.469
52.801,0.971,11.865,60.526,65.592
52.657,0.879,11.569,60.682,65.595
52.255,0.404,10.785,61.304,65.959
52.286,0.347,10.791,61.386,66.072
52.080,0.428,10.529,61.164,65.667
52.666,0.956,11.588,60.472,65.446
51.951,0.261,10.086,61.379,65.721
52.376,0.561,10.766,60.866,65.433
52.310,0.588,10.772,60.846,65.521
52.259,0.443,10.754,61.106,65.879
52.165,0.309,10.489,61.382,65.954
51.929,0.050,9.895,61.808,66.085
50.689,0.000,7.345,63.186,66.246
51.506,0.000,8.797,62.203,65.915
51.551,0.312,9.902,61.724,65.733
52.413,0.104,10.785,62.334,66.869
51.612,0.000,9.111,63.902,67.408
52.684,0.000,10.585,63.401,67.446
53.074,0.000,10.800,63.481,67.597
54.065,0.068,12.434,63.533,68.300
54.770,0.166,13.563,63.705,68.826
54.800,0.000,12.945,64.976,69.762
54.936,0.000,12.751,66.288,70.810
54.874,0.612,11.932,68.158,72.108
54.965,1.411,11.585,69.490,73.015
55.020,3.665,10.809,72.259,75.231
55.500,4.208,11.468,73.244,76.210
56.964,4.431,14.569,74.236,78.395
58.350,4.681,17.465,74.804,80.179
58.735,5.741,18.357,76.153,81.718
60.240,6.721,22.138,77.239,84.438
60.924,8.248,23.895,78.877,86.656
62.414,9.495,28.129,79.823,89.677
63.057,12.453,30.849,81.979,93.082
63.473,14.592,33.403,83.301,95.582
63.935,19.219,36.662,85.996,100.000
64.522,21.758,40.505,87.158,100.000
65.253,23.620,44.695,87.679,100.000
65.374,28.803,48.982,89.753,100.000
63.679,34.494,46.926,93.501,100.000
64.442,33.796,49.622,92.509,100.000
64.052,32.637,47.680,92.271,100.000
63.576,30.995,43.603,92.107,100.000
62.545,26.273,36.594,90.494,100.000
63.264,19.929,35.086,86.608,99.910
63.947,10.891,33.228,80.688,92.954
66.238,2.260,36.317,73.620,87.121
65.926,0.154,35.446,69.504,82.249
66.049,4.764,36.163,64.526,77.362
67.027,12.860,39.378,59.382,72.803
65.035,15.901,37.588,57.141,69.426
64.186,17.957,37.689,55.702,67.923
60.940,17.003,34.108,56.051,66.510
59.483,17.190,33.468,55.882,65.833
57.578,16.739,31.742,55.979,65.044
56.338,17.582,31.080,55.303,63.874
56.246,18.090,31.886,55.168,63.900
54.883,16.210,29.517,56.176,63.923
55.792,16.985,31.062,55.876,64.290
55.895,16.683,30.440,55.882,64.146
56.363,15.420,29.945,56.699,64.933
57.947,14.728,31.052,57.274,66.210
57.935,11.476,28.988,59.249,67.736
59.275,10.083,29.465,60.257,69.223
60.406,7.817,29.717,61.952,71.303
61.808,6.988,30.698,62.667,72.508
63.910,5.147,33.237,64.270,75.477
64.009,2.370,32.668,66.719,77.992
65.571,0.639,35.012,68.611,81.110
65.629,0.318,35.022,71.955,84.646
65.362,3.721,35.046,75.509,88.464
63.949,11.432,33.425,81.186,93.492
61.195,19.679,28.477,87.587,97.205
59.271,27.933,25.791,93.476,100.000
57.073,33.846,21.655,98.538,100.000
55.671,39.733,19.689,100.000,100.000
54.827,42.017,18.025,100.000,100.000
53.762,43.228,14.892,100.000,100.000
54.123,41.714,14.683,100.000,100.000
54.796,38.485,15.594,100.000,100.000
54.248,35.257,11.662,99.998,100.000
53.103,34.027,6.486,100.000,97.426
53.123,29.507,4.800,96.494,92.915
53.435,24.734,4.440,92.007,89.100
54.889,18.889,6.978,86.125,85.767
55.726,14.375,8.077,81.613,82.779
57.606,8.277,12.369,76.172,80.082
59.957,2.628,18.126,70.910,77.941
60.643,0.000,20.523,66.374,74.564
62.712,2.510,25.185,62.605,72.590
61.880,3.410,23.994,61.480,71.026
62.135,3.736,24.649,61.355,71.013
61.675,2.946,23.628,61.989,71.300
61.964,2.219,23.622,62.691,72.108
61.848,0.950,23.166,64.140,73.503
62.437,0.345,23.760,65.204,74.779
63.159,0.000,24.978,66.552,76.523
64.235,0.000,26.831,68.178,79.067
64.229,0.713,26.772,69.884,80.723
66.099,1.776,30.898,71.307,83.956
66.041,4.024,31.449,73.530,86.426
66.992,6.890,34.520,75.708,90.082
66.565,10.855,34.834,78.602,93.159
65.836,15.492,35.086,81.808,96.577
65.386,19.706,35.705,84.309,99.672
62.734,25.848,30.938,89.005,100.000
64.771,23.181,35.449,86.518,100.000
64.364,21.328,33.726,85.727,99.759
62.578,22.242,28.698,86.897,98.585
62.377,17.499,25.375,83.759,93.592
61.525,15.328,22.446,82.199,90.846
61.226,9.997,20.569,78.083,85.892
61.470,6.380,20.625,74.716,82.854
61.037,2.979,19.751,71.504,79.374
61.683,0.588,21.295,68.521,77.223
61.490,0.000,21.443,65.982,74.638
63.118,1.666,25.406,63.516,73.782
64.144,2.922,26.840,62.225,73.151
64.656,3.175,28.185,62.318,73.800
66.070,3.855,30.618,62.086,74.487
66.556,2.118,31.138,63.816,76.618
66.862,0.514,31.369,65.791,78.674
67.412,0.143,32.394,68.652,82.238
67.037,2.566,31.994,71.770,85.272
67.201,6.959,33.551,75.285,89.628
66.807,11.651,34.388,78.481,93.300
65.967,18.162,35.058,82.933,98.285
66.095,22.014,37.994,85.015,100.000
65.865,25.738,40.369,87.156,100.000
65.477,30.799,42.486,89.514,100.000
64.992,33.246,42.357,90.974,100.000
63.013,34.731,36.960,93.261,100.000
63.196,32.964,35.846,92.329,100.000
61.942,30.339,29.702,91.775,100.000
61.176,26.997,24.612,90.120,100.000
60.168,22.857,19.452,87.480,94.764
59.877,18.723,16.695,84.354,90.474
60.700,12.536,17.434,79.146,86.049
61.332,8.738,18.012,75.669,83.190
62.233,4.149,19.902,71.596,80.144
64.335,0.128,24.769,67.193,77.972
66.160,1.250,28.898,63.621,75.900
67.675,3.380,31.246,61.821,74.923
67.979,3.199,31.818,62.077,75.564
69.139,3.701,34.314,61.960,76.456
70.547,3.941,36.578,62.073,77.490
71.504,1.515,38.582,64.434,80.869
70.654,0.122,37.834,67.956,84.464
70.744,3.424,39.135,71.658,89.085
69.744,8.441,38.806,75.295,92.787
69.057,15.346,40.397,79.643,98.336
68.459,19.997,41.822,82.359,100.000
68.695,21.987,44.477,83.274,100.000
69.578,24.755,48.852,83.857,100.000
69.022,24.746,47.837,84.327,100.000
68.281,24.155,44.738,84.461,100.000
66.429,22.661,37.828,84.703,100.000
65.319,20.285,32.526,83.828,98.336
62.753,17.680,24.145,82.792,92.921
60.384,16.543,16.886,82.008,88.872
58.832,12.652,12.782,78.889,83.769
58.594,9.201,12.326,75.578,80.615
58.430,5.806,12.474,72.263,77.769
58.109,2.275,12.662,68.675,74.303
58.594,0.558,14.634,66.355,73.005
58.647,0.000,15.578,64.023,71.154
60.419,1.051,19.437,62.034,70.779
60.560,1.206,19.658,61.864,70.777
60.505,0.633,19.129,62.728,71.213
61.398,1.016,20.612,62.669,71.638
62.432,0.345,22.132,63.921,73.508
63.227,0.000,23.434,65.569,75.428
64.810,0.101,26.338,67.729,79.008
64.506,1.625,26.089,70.356,81.372
66.593,3.121,31.151,72.072,85.223
66.947,6.700,32.877,75.006,89.103
68.049,9.866,37.428,77.264,93.315
67.337,16.252,38.729,81.355,98.485
67.542,20.151,41.818,83.500,100.000
67.201,23.909,44.148,85.545,100.000
67.534,25.646,45.969,86.017,100.000
67.412,24.235,44.625,85.540,100.000
67.809,19.578,42.997,83.112,100.000
67.250,16.273,39.868,81.533,98.879
66.641,10.404,35.809,78.171,93.159
65.037,7.288,30.932,76.260,88.751
62.120,5.334,24.049,75.063,84.036
59.618,4.785,18.652,74.127,80.733
57.664,4.110,15.095,73.078,78.133
56.092,2.023,12.705,70.572,74.544
55.989,1.099,13.782,69.207,73.828
55.630,0.000,14.185,67.014,71.718
58.103,1.301,19.871,63.863,71.046
58.501,3.395,21.462,62.055,69.887
60.140,5.013,24.425,61.014,70.041
58.816,2.667,21.822,62.979,70.985
60.612,3.424,24.332,62.582,71.500
60.963,2.314,24.326,63.997,72.928
62.387,1.562,26.302,64.978,74.710
62.786,0.000,26.388,67.975,77.800
62.944,0.386,26.378,70.323,80.110
64.062,2.798,28.858,73.236,84.192
64.416,5.141,30.338,75.527,87.133
66.269,8.506,36.182,77.816,92.226
66.778,10.924,38.686,79.552,95.156
68.921,15.114,47.022,80.926,100.000
69.354,17.511,50.538,82.038,100.000
70.605,22.361,58.206,83.206,100.000
67.842,28.331,53.582,87.410,100.000
68.749,26.350,55.369,86.031,100.000
66.979,26.528,48.809,87.105,100.000
62.736,27.731,35.514,90.639,100.000
60.255,25.189,25.283,90.459,99.303
58.877,21.669,19.234,88.385,94.031
58.083,17.146,15.612,84.847,89.192
58.610,10.659,16.052,79.230,84.179
58.473,6.555,15.658,75.412,80.556
59.191,1.895,17.982,70.670,77.172
59.674,0.050,20.415,66.103,73.851
60.714,3.775,23.877,61.769,70.746
60.833,6.445,25.277,59.477,69.095
59.396,6.626,23.825,59.275,68.228
59.140,6.528,23.388,59.296,67.951
58.719,5.664,22.538,59.949,68.326
58.294,3.600,20.988,61.480,69.354
58.048,1.488,19.520,63.699,70.915
57.882,0.083,18.194,65.721,72.228
57.771,0.552,16.812,69.272,75.113
57.871,2.046,16.671,71.832,77.138
58.910,4.847,18.338,74.722,80.703
58.586,8.756,17.323,78.401,83.651
59.581,12.441,20.852,82.053,88.295
59.852,16.825,22.542,85.499,92.438
59.702,21.818,25.022,89.428,97.133
60.694,25.382,30.120,91.122,100.000
60.367,29.486,32.098,93.899,100.000
60.351,33.680,35.625,95.946,100.000
58.366,37.562,30.846,99.555,100.000
58.052,36.620,28.714,99.491,100.000
55.305,37.701,18.440,100.000,100.000
53.877,35.759,11.597,100.000,100.000
53.366,32.908,7.889,99.485,96.915
52.419,30.172,3.674,97.502,92.913
53.058,25.186,4.043,92.548,89.126
53.872,21.512,5.077,88.882,86.990
55.043,15.420,7.711,83.223,83.549
56.730,9.890,11.723,78.216,81.203
58.423,3.953,16.037,72.947,78.403
59.160,0.288,18.548,68.445,75.228
59.579,0.048,20.182,66.187,73.841
59.645,2.299,21.812,62.983,71.113
60.766,5.685,25.166,60.236,69.728
60.281,8.138,25.640,58.469,67.921
61.718,12.608,29.286,55.778,66.354
62.075,13.124,29.520,55.383,66.115
62.342,13.834,30.545,55.233,66.282
64.290,16.273,33.418,53.994,66.113
65.428,16.656,34.695,53.957,66.595
67.281,16.884,36.437,54.065,67.462
68.127,15.334,36.618,55.065,68.756
69.851,13.285,38.471,56.475,71.277
70.214,9.569,38.431,59.023,74.205
71.218,6.593,39.594,61.104,77.015
71.779,2.578,40.665,64.210,80.979
71.110,0.030,40.055,67.642,84.572
70.750,2.762,40.538,71.623,89.187
68.349,8.958,36.902,76.278,92.405
65.370,18.078,32.600,82.621,96.995
62.472,24.137,26.326,87.534,98.636
60.179,28.479,21.480,91.148,99.659
60.673,27.279,21.523,90.151,98.713
58.411,28.684,14.828,91.996,96.608
57.645,26.730,11.800,90.734,93.941
58.809,20.912,13.314,85.662,90.159
59.670,16.748,14.394,82.032,87.577
61.014,9.765,16.911,76.276,83.354
61.069,5.982,17.105,72.883,80.282
61.031,2.634,17.489,69.535,77.287
59.883,0.505,15.948,66.602,73.682
59.335,0.015,15.628,64.927,72.218
57.650,0.000,13.191,64.157,70.559
57.947,0.223,14.705,61.874,68.967
57.787,1.016,15.237,60.534,67.859
57.966,2.055,16.498,59.458,67.356
58.863,3.246,17.806,58.448,66.864
59.273,3.564,18.477,58.378,66.987
60.591,5.144,20.680,57.539,66.769
62.034,6.038,22.818,57.169,67.367
63.736,6.127,24.991,57.549,68.595
65.200,6.472,27.062,57.824,69.472
66.998,5.203,29.474,59.167,71.962
69.334,6.285,33.117,59.132,73.282
72.154,5.860,37.683,59.776,75.928
73.419,3.757,40.071,61.769,79.049
74.657,2.037,42.945,63.459,82.149
75.203,0.131,44.985,66.762,87.113
73.400,3.825,43.022,70.779,90.549
70.892,12.715,40.748,76.537,96.033
68.221,18.061,35.452,80.472,97.572
65.830,22.323,31.400,83.794,98.926
65.713,21.969,29.680,83.586,97.762
61.716,25.263,19.868,87.178,96.149
61.525,23.279,18.114,85.692,93.859
61.349,19.364,16.535,82.794,90.136
59.920,18.714,12.440,82.246,87.810
59.058,16.222,10.169,80.103,84.521
57.021,15.827,5.477,79.343,81.577
56.974,13.597,5.665,77.264,79.903
56.845,11.714,5.551,75.297,78.164
56.689,10.282,5.391,73.912,76.900
58.132,6.807,8.926,71.116,75.938
58.013,6.602,9.132,71.032,76.077
59.583,5.376,11.800,70.141,76.408
60.053,4.752,13.529,70.217,77.049
62.196,3.609,17.606,69.656,78.085
62.235,5.325,17.972,71.633,80.028
62.365,6.893,18.640,73.458,81.790
62.437,10.053,19.655,76.408,85.028
61.733,14.372,18.988,80.055,88.072
61.579,17.924,19.978,83.104,91.167
60.835,22.866,19.957,87.146,94.926
61.710,24.901,24.311,88.392,98.205
62.997,25.192,29.548,88.115,100.000
65.343,24.609,37.634,86.774,100.000
65.947,23.754,40.200,86.158,100.000
68.139,21.316,44.705,83.740,100.000
68.658,16.160,44.766,81.061,100.000
71.226,11.933,49.486,77.777,99.741
71.729,6.068,47.794,74.499,95.115
71.216,2.994,45.145,72.661,91.477
69.636,1.687,41.154,71.807,88.682
67.462,0.377,36.166,70.637,84.959
66.364,0.000,33.698,69.724,82.697
64.044,0.000,29.138,69.434,80.367
62.172,0.000,25.871,69.252,78.700
61.055,0.000,23.628,69.124,77.556
59.912,0.000,21.886,68.498,75.987
59.665,0.000,21.538,68.478,75.951
59.358,0.000,20.815,68.671,75.687
59.766,0.000,21.492,69.100,76.436
59.996,0.279,21.622,70.020,77.428
60.546,1.016,22.425,71.276,78.915
59.807,3.306,20.745,73.948,80.705
60.064,5.931,21.258,76.420,83.226
59.657,9.596,20.560,79.762,85.949
59.559,13.769,20.902,83.254,89.328
59.160,17.787,21.218,86.361,92.246
57.941,23.635,19.785,91.188,96.038
57.978,26.486,21.514,93.345,98.767
58.181,27.933,23.557,94.195,100.000
59.891,27.520,30.142,93.131,100.000
59.821,27.401,29.865,93.203,100.000
61.449,23.124,33.178,89.771,100.000
61.893,20.829,33.606,88.213,99.905
63.116,15.417,34.794,84.446,96.731
63.180,10.244,33.418,80.979,92.367
63.428,6.454,33.089,78.220,89.490
63.018,2.103,31.655,74.811,85.105
63.855,0.000,33.837,71.348,82.574
63.588,1.743,33.892,68.135,79.092
63.629,4.636,35.108,65.805,77.031
63.401,8.117,35.477,63.346,74.313
61.576,6.685,32.898,64.243,74.103
58.614,3.332,27.462,66.663,74.162
57.161,1.488,24.612,68.213,74.418
56.829,0.989,23.649,68.695,74.510
56.426,0.036,21.517,70.077,75.062
55.800,0.000,19.705,71.777,75.713
56.206,0.683,20.049,73.554,77.590
57.272,1.164,21.963,74.548,79.313
58.315,1.381,23.865,75.082,80.651
60.216,1.957,28.172,75.827,83.469
60.973,3.003,29.751,77.085,85.403
62.667,4.226,34.058,78.062,88.549
63.720,5.964,37.314,79.306,91.367
65.078,6.486,41.363,79.353,93.344
66.294,7.505,45.003,79.875,95.844
68.909,5.417,51.120,77.777,96.731
71.241,2.337,56.160,75.088,96.138
72.821,0.288,58.052,72.789,94.769
75.621,3.246,61.492,68.170,90.944
76.533,8.209,62.354,65.421,88.146
75.855,12.367,60.452,63.453,84.646
73.831,13.665,57.098,62.890,82.177
70.738,12.447,52.138,63.685,80.464
67.041,9.751,46.240,65.200,79.285
62.862,5.884,38.757,67.636,78.354
59.335,3.110,32.317,69.535,77.141
55.796,0.276,25.252,72.181,76.367
51.518,1.271,15.095,76.184,75.395
49.991,2.729,11.597,77.660,74.777
50.520,2.706,12.326,77.490,75.246
50.750,3.237,12.603,78.263,76.118
51.666,3.505,14.218,78.651,77.408
52.641,4.203,15.874,79.594,79.126
53.628,4.339,17.449,79.922,80.190
56.241,4.116,23.135,79.813,83.064
57.719,4.434,26.209,80.187,85.003
59.828,5.411,30.652,80.801,88.003
60.402,8.634,32.532,83.139,91.505
60.799,11.013,33.935,84.498,93.615
60.595,15.890,34.095,87.798,97.226
60.099,19.284,33.249,89.870,99.100
59.372,22.073,32.062,91.840,100.000
59.589,21.586,32.717,91.436,100.000
59.271,20.882,30.942,91.097,99.210
60.000,18.144,31.212,88.897,97.462
58.089,17.550,25.320,88.901,94.297
57.216,15.670,21.228,87.452,91.136
56.223,14.051,17.265,85.772,87.936
55.607,11.723,14.865,83.381,84.841
54.844,9.703,12.443,80.967,81.844
54.437,8.260,11.222,79.167,79.897
54.690,6.112,11.708,76.720,78.277
55.470,2.750,13.585,73.187,75.959
55.901,1.001,15.194,70.962,74.872
57.496,0.000,18.160,68.706,74.123
57.481,0.000,18.400,68.250,73.846
58.066,0.000,19.391,68.367,74.551
58.830,0.000,20.742,68.273,74.900
59.600,0.000,22.102,68.279,75.426
60.784,0.000,24.092,69.798,77.944
60.957,0.846,23.785,71.586,79.556
61.887,2.510,25.662,73.628,82.449
62.665,3.971,27.406,75.137,84.728
64.615,4.868,32.197,75.812,87.677
66.306,5.970,36.514,76.498,90.546
68.108,5.881,41.262,76.106,92.459
69.018,7.078,44.212,76.798,94.687
70.717,5.964,48.255,75.640,95.356
69.671,7.957,46.634,77.079,96.221
69.884,5.601,46.222,75.621,94.356
69.812,2.747,44.702,73.671,91.367
70.286,0.472,44.452,71.249,88.810
68.445,0.000,39.649,69.285,84.382
66.772,0.674,36.495,67.971,81.346
64.520,1.948,32.129,66.403,77.592
63.806,4.390,31.708,63.986,74.892
60.259,2.878,25.548,64.582,73.141
57.567,1.648,21.034,65.085,71.649
55.223,0.015,16.418,66.694,71.403
53.224,0.000,12.815,67.464,70.577
53.010,0.059,11.671,67.842,70.497
52.941,0.000,11.711,67.881,70.495
54.343,0.000,14.228,67.074,70.928
54.954,0.000,14.775,67.870,71.864
56.235,0.000,16.803,68.174,72.964
58.358,0.000,20.292,68.398,74.810
60.039,0.000,23.062,69.315,76.718
62.112,0.065,26.683,70.469,79.656
62.845,1.856,27.745,73.105,82.874
63.551,3.909,29.754,75.242,85.823
64.374,7.419,32.151,77.781,89.787
64.760,9.810,34.108,79.520,92.315
65.442,12.762,37.209,81.324,95.849
66.916,11.720,41.855,80.439,97.169
67.304,12.679,42.738,80.819,98.051
68.318,8.762,43.794,78.286,95.600
71.208,2.816,48.422,73.526,92.928
71.364,0.380,47.563,71.393,90.187
71.615,0.737,46.572,68.301,86.244
69.933,2.037,43.049,67.080,83.187
68.141,3.745,39.732,65.643,80.123
66.934,6.213,37.895,63.709,77.026
65.742,7.948,36.646,62.375,74.859
63.052,6.561,32.338,63.137,73.854
61.310,5.212,29.471,63.822,73.310
60.057,4.880,28.172,63.964,72.864
59.329,3.222,26.240,65.163,73.341
59.768,2.795,26.394,65.614,73.877
59.747,2.147,25.920,66.267,74.303
60.979,1.931,27.665,66.575,75.274
62.350,0.618,29.474,68.303,78.005
63.122,0.021,30.498,69.595,79.782
65.087,0.000,34.551,71.259,83.374
65.056,1.693,34.483,73.944,86.218
66.066,5.364,37.969,76.759,90.964
65.606,9.151,37.911,79.516,93.769
65.729,14.930,40.655,82.968,98.797
64.532,19.483,39.557,86.117,100.000
64.071,21.693,39.917,87.556,100.000
65.169,21.666,43.046,86.821,100.000
64.847,18.791,40.302,85.526,100.000
64.666,17.963,39.594,85.189,100.000
65.809,11.604,38.905,80.889,95.797
66.400,5.290,38.634,76.627,90.995
67.515,0.347,39.160,71.643,86.244
66.279,0.208,36.074,69.338,82.313
65.639,1.797,34.972,66.967,79.297
63.945,2.848,32.120,65.836,76.874
62.355,4.185,29.822,64.432,74.269
60.470,2.768,26.400,65.072,73.638
58.830,1.966,23.237,65.388,72.749
57.877,1.393,21.938,66.017,72.551
58.584,1.152,22.465,66.154,73.256
58.454,0.312,21.649,67.439,74.036
59.144,0.086,22.551,68.115,75.010
60.343,0.000,24.468,69.447,77.321
61.967,0.000,27.311,70.013,79.103
63.886,0.000,30.960,70.906,81.782
65.848,0.303,35.212,71.927,84.641
68.236,1.203,40.622,72.832,88.344
69.933,2.331,45.323,73.801,91.474
71.155,5.031,49.529,75.398,95.526
72.666,6.498,54.391,75.613,98.515
73.721,8.010,58.378,75.913,100.000
74.119,7.802,59.394,75.753,100.000
74.016,7.178,58.717,75.451,100.000
74.991,3.772,59.268,73.236,98.100
75.123,0.823,57.228,71.253,94.767
73.610,0.000,52.455,69.886,90.523
72.253,0.475,49.385,69.067,88.144
69.640,1.960,43.418,67.665,83.605
67.530,2.260,39.126,67.222,81.105
63.783,1.233,32.148,67.860,78.597
61.377,0.291,27.714,68.769,77.662
58.050,0.000,21.329,69.714,75.705
55.541,0.579,16.105,71.120,75.000
53.895,1.241,12.588,71.422,73.785
53.558,1.167,12.108,71.087,73.159
53.431,1.265,11.649,71.216,73.141
54.326,1.060,13.382,71.153,73.946
55.038,0.891,14.554,71.235,74.533
56.851,0.312,18.009,70.824,75.495
58.343,0.481,20.680,71.537,77.518
59.813,0.965,23.280,72.464,79.533
60.456,2.902,24.366,74.961,82.362
60.971,5.622,25.902,77.524,85.615
61.324,10.276,27.215,81.318,89.879
61.427,13.811,28.846,83.911,93.072
61.423,20.178,30.917,88.067,98.564
61.546,23.107,33.117,89.995,100.000
62.859,24.868,39.178,90.186,100.000
64.623,23.389,44.400,88.248,100.000
65.152,22.064,45.434,87.174,100.000
66.821,16.308,47.603,83.685,100.000
68.659,10.927,49.711,80.060,99.892
69.428,4.137,47.991,75.989,94.282
68.708,0.618,44.886,73.220,89.792
67.840,0.766,41.852,69.539,84.282
66.862,3.315,40.012,67.070,80.669
65.052,6.059,36.911,64.845,76.859
64.405,9.483,36.766,62.180,73.844
61.905,9.032,33.160,62.172,72.231
60.476,9.822,31.477,61.435,70.579
59.893,9.700,30.988,61.435,70.321
59.360,9.834,30.074,61.131,69.703
58.926,8.387,29.431,62.203,70.569
59.994,9.139,30.495,61.568,70.579
60.316,8.459,30.658,62.186,71.110
62.123,6.997,32.388,63.309,73.490
63.523,6.035,33.908,64.276,75.169
65.337,3.816,36.022,66.006,78.164
66.780,1.541,38.135,68.069,81.526
67.979,0.110,40.114,69.997,84.672
69.437,0.849,43.591,72.510,89.300
69.389,3.623,44.391,74.778,92.197
68.971,10.006,45.803,78.703,97.513
67.733,14.672,44.631,81.714,100.000
66.639,18.776,43.105,84.095,100.000
65.243,20.832,39.502,85.967,100.000
65.087,18.672,38.052,84.849,100.000
67.365,13.196,40.889,80.614,97.415
66.854,8.396,37.566,77.639,92.533
67.568,3.083,37.305,73.363,88.213
67.373,0.000,35.794,68.813,82.541
67.796,2.738,36.572,65.232,78.972
65.705,4.505,33.249,63.496,75.723
64.058,6.068,30.932,61.960,73.064
62.016,5.744,27.818,61.509,71.382
60.109,5.352,25.228,61.626,70.369
60.289,6.876,26.194,60.279,69.444
59.768,6.504,25.338,60.413,69.346
60.025,6.674,25.834,60.476,69.533
60.376,5.631,25.782,61.308,70.421
61.347,5.901,26.938,61.271,70.756
62.556,4.413,28.102,62.747,72.995
64.508,4.814,30.963,62.841,74.149
66.840,3.347,34.551,64.179,77.379
68.073,1.957,36.391,65.750,79.869
70.188,0.573,40.738,67.421,83.500
70.728,0.778,42.640,70.894,88.413
71.177,3.436,45.098,73.125,91.990
70.869,9.911,47.258,77.134,97.603
69.859,14.639,46.775,79.965,100.000
69.459,17.297,48.037,81.505,100.000
70.009,15.462,48.065,80.244,100.000
69.549,13.297,45.305,79.347,98.921
70.292,9.964,45.495,77.196,96.728
68.771,6.507,40.132,75.517,92.041
67.998,3.202,37.074,73.047,88.159
67.002,0.059,33.917,69.814,83.100
65.571,0.000,31.089,68.322,80.226
62.435,0.000,25.188,67.885,77.315
60.066,0.000,20.818,68.174,75.659
56.291,1.108,13.572,69.471,73.915
55.242,1.241,11.920,69.085,72.862
54.014,1.342,9.569,68.654,71.413
54.002,1.337,9.665,68.724,71.492
54.256,1.521,9.905,68.981,71.913
54.289,2.144,9.778,70.009,72.774
55.790,1.797,12.406,70.153,73.992
57.091,1.342,14.840,70.241,75.008
59.425,1.268,19.418,70.949,77.644
61.043,1.541,22.637,71.760,79.697
62.677,3.217,26.166,73.719,83.251
62.901,6.421,27.240,76.894,86.638
62.632,12.726,28.175,81.654,91.792
59.723,20.811,22.957,88.396,95.513
58.017,28.040,20.714,93.840,99.244
54.720,36.056,13.012,100.000,100.000
53.928,39.073,11.495,100.000,100.000
52.271,41.265,6.671,100.000,100.000
52.863,39.774,7.265,100.000,100.000
52.739,37.039,6.222,100.000,99.267
53.322,35.203,6.612,99.965,98.087
53.560,30.255,5.877,97.097,94.105
54.339,26.204,6.563,92.875,91.131
53.058,22.884,2.662,89.864,86.305
53.797,19.979,3.495,86.378,84.454
52.836,16.879,1.302,83.206,80.533
53.922,13.505,3.465,79.382,78.949
54.630,9.293,5.049,75.309,76.403
57.884,2.732,12.732,69.363,74.562
60.287,0.000,18.351,65.198,72.992
63.186,3.837,24.742,60.456,70.690
63.685,5.756,26.434,59.245,69.985
65.118,7.449,28.960,58.241,70.008
65.407,6.368,29.255,59.275,71.231
66.618,6.380,30.865,59.499,72.046
68.154,5.189,33.018,60.813,74.405
68.856,3.101,33.680,62.644,76.669
70.206,0.434,36.354,65.516,80.954
69.276,0.808,35.182,69.338,84.595
69.695,5.402,37.794,73.411,89.979
67.903,11.446,35.948,77.793,93.774
68.837,15.497,40.191,79.854,98.154
67.913,19.189,40.022,82.289,100.000
67.868,22.878,41.975,84.126,100.000
69.391,19.427,44.735,81.802,100.000
68.956,17.731,42.018,81.051,100.000
69.026,14.015,40.726,79.072,97.287
69.244,9.249,38.914,76.165,93.246
68.344,4.817,35.114,73.318,88.321
67.135,1.996,31.625,70.720,84.103
64.658,1.702,26.172,70.356,81.231
62.550,1.167,21.969,69.285,78.438
60.271,1.524,17.871,69.106,76.564
58.300,1.063,14.305,67.944,73.908
57.565,1.530,13.012,68.133,73.679
56.539,1.625,11.523,68.067,73.000
56.180,2.807,10.262,69.100,73.521
56.859,2.530,10.969,68.921,73.579
56.984,3.026,11.129,69.788,74.218
56.576,6.270,9.643,73.004,76.633
56.553,8.245,9.674,75.463,78.459
56.295,12.429,8.846,79.571,81.541
56.254,15.527,8.969,82.999,84.451
56.767,19.700,11.486,86.846,88.892
56.773,23.199,12.603,90.223,92.305
57.927,26.626,18.603,92.579,97.323
58.526,29.531,22.658,94.614,100.000
60.499,30.787,31.298,94.199,100.000
63.155,29.543,40.378,91.785,100.000
65.980,25.625,47.357,88.020,100.000
67.435,19.846,48.914,84.565,100.000
73.078,8.316,57.369,76.297,100.000
73.051,2.287,54.320,73.246,95.197
73.889,0.698,52.978,68.630,89.174
71.621,1.500,47.905,68.012,86.133
67.683,2.222,39.929,67.532,81.715
65.686,2.222,36.631,67.187,79.856
63.001,2.887,31.594,66.366,76.756
62.876,4.562,32.145,64.869,75.254
60.936,4.208,28.809,64.869,73.646
59.171,1.631,25.455,66.996,74.338
59.505,1.295,25.575,67.392,74.938
59.786,0.437,25.538,68.776,76.487
59.080,0.312,23.508,71.957,78.544
57.845,3.552,19.911,75.901,80.728
57.873,7.621,19.742,79.456,84.062
57.619,12.539,19.000,83.791,87.759
57.884,16.846,20.640,87.187,91.518
57.009,24.149,20.086,92.977,96.756
56.738,28.432,21.843,96.204,100.000
56.868,34.604,26.089,99.828,100.000
57.229,37.395,30.028,100.000,100.000
57.510,40.737,33.948,100.000,100.000
58.530,39.768,37.954,100.000,100.000
58.081,40.425,36.166,100.000,100.000
59.932,35.046,40.031,97.777,100.000
63.067,27.921,46.049,91.797,100.000
65.664,17.078,46.695,85.074,100.000
68.529,6.730,49.062,78.286,96.764
71.146,0.475,50.865,70.549,89.056
74.039,8.453,53.837,64.171,83.556
74.162,16.287,52.563,59.550,77.690
74.427,22.762,53.145,55.741,73.505
73.639,25.474,52.068,54.086,71.185
70.800,24.345,48.265,54.338,69.733
68.451,20.347,44.911,56.309,70.521
67.121,17.698,42.769,57.797,71.267
66.308,15.682,41.535,58.920,72.062
66.497,13.864,40.425,59.663,72.738
65.177,7.838,37.305,63.523,75.615
65.719,5.693,37.338,64.777,77.292
66.957,3.511,39.428,66.591,80.259
68.574,2.664,41.615,67.209,82.113
71.945,2.643,48.163,67.064,85.036
74.088,1.841,52.295,67.470,87.856
76.607,1.535,57.406,67.404,90.395
78.678,0.163,62.818,68.301,94.479
78.670,1.045,64.806,70.151,97.967
77.276,6.890,65.265,73.700,100.000
74.583,13.368,62.298,77.336,100.000
74.765,12.822,61.434,77.024,100.000
72.136,14.556,54.163,78.926,100.000
68.615,16.023,43.972,81.067,100.000
66.415,14.808,35.889,81.092,96.346
65.005,10.918,30.058,78.438,90.703
64.707,7.173,27.363,75.350,86.631
62.437,4.280,21.874,72.830,81.587
61.581,2.709,19.828,70.629,78.808
60.992,0.552,19.040,67.655,75.721
61.303,0.561,20.738,63.444,72.287
62.547,4.024,24.028,59.877,69.933
62.131,6.044,24.391,58.253,68.487
63.083,9.655,26.923,55.886,66.859
62.157,7.909,25.258,57.013,67.415
62.886,7.951,26.083,57.046,67.841
62.574,5.408,24.628,58.885,69.256
62.716,4.286,23.914,59.803,69.944
63.011,1.357,23.172,62.433,72.464
62.227,0.000,20.834,65.854,74.856
63.282,0.633,22.655,68.051,77.774
62.763,2.685,21.360,70.681,79.759
64.436,3.641,25.280,71.914,82.633
65.003,5.141,26.677,73.363,84.631
65.766,6.899,28.831,74.878,87.159
66.206,8.013,30.671,75.673,88.844
66.064,9.127,30.148,76.457,89.323
64.775,9.379,27.274,76.868,88.141
66.680,5.652,30.895,73.817,86.910
66.025,3.110,29.012,71.695,83.805
65.701,1.767,27.935,70.167,81.923
63.956,0.846,24.249,68.765,79.000
63.030,0.211,22.332,67.353,76.841
61.529,0.000,19.425,66.054,74.579
59.774,0.006,15.988,65.286,72.556
59.128,0.000,15.311,63.637,70.821
57.703,0.000,12.994,63.069,69.628
58.042,0.561,14.529,60.441,67.767
57.824,1.467,14.702,58.939,66.538
58.321,3.629,16.443,56.560,65.026
59.747,7.229,19.705,53.940,63.623
60.277,10.270,21.348,51.826,61.985
60.953,12.043,22.655,50.461,61.172
61.884,14.612,24.520,49.047,60.151
62.159,13.710,24.628,49.755,61.087
62.414,13.038,24.415,50.278,61.554
62.747,11.936,23.969,50.992,62.215
63.264,9.736,23.665,52.665,63.856
63.381,7.550,22.631,54.242,65.213
64.132,5.221,22.578,56.174,67.305
64.413,3.418,22.169,57.982,68.836
65.007,0.671,22.102,60.854,71.879
64.957,0.000,21.489,63.752,74.372
66.984,0.000,25.160,64.590,76.646
66.737,1.111,24.702,66.998,78.844
67.663,2.753,26.960,68.911,81.744
66.544,6.344,24.883,71.992,84.072
65.805,9.391,23.917,74.402,86.041
65.620,10.104,23.231,74.700,86.167
65.337,8.494,22.046,73.318,84.013
64.038,8.040,19.191,72.850,82.338
63.525,5.955,17.360,70.488,79.490
63.395,3.243,17.178,67.546,76.756
61.706,2.510,13.938,66.033,74.108
60.230,1.916,11.388,64.571,71.900
59.247,1.197,9.920,62.845,69.759
58.161,1.440,8.117,62.277,68.926
58.259,0.202,8.954,60.213,67.297
58.465,0.000,9.689,59.091,66.526
58.532,0.000,9.806,58.401,65.977
58.982,0.000,10.535,58.323,66.177
59.994,0.205,12.409,57.594,66.095
60.681,0.149,13.391,58.296,67.028
60.669,0.000,12.745,60.105,68.503
60.497,0.386,11.975,62.036,69.862
60.513,2.667,11.169,65.120,72.490
60.055,4.859,10.095,67.848,74.295
61.182,6.665,12.074,70.151,77.190
60.829,9.917,11.686,73.394,79.905
61.634,11.152,13.969,75.289,82.387
63.855,11.809,19.840,76.352,85.949
66.058,10.692,25.732,75.685,87.918
69.194,8.910,33.945,74.525,90.315
72.448,6.781,41.480,72.729,92.008
75.628,2.964,48.105,69.882,91.838
75.843,2.444,48.760,69.545,91.733
76.482,0.410,48.785,67.542,89.351
79.327,2.729,52.249,63.120,85.636
78.502,5.233,50.249,61.494,82.923
76.935,8.218,46.892,59.552,79.090
73.786,7.915,42.145,59.555,76.931
71.017,8.619,37.708,58.793,74.136
69.923,10.445,36.702,57.379,72.059
66.992,10.151,32.622,57.128,70.162
65.953,10.992,31.677,56.365,68.777
62.790,8.462,27.425,57.652,68.572
61.661,8.260,25.846,57.533,67.772
59.994,6.582,23.160,58.368,67.546
58.758,4.206,20.775,59.986,68.282
59.405,4.042,21.403,60.203,68.849
59.245,2.759,20.594,61.474,69.828
59.975,2.162,21.018,62.079,70.503
60.228,0.353,20.400,64.662,72.762
60.846,0.000,20.831,66.021,74.259
61.757,0.472,22.231,68.870,77.726
61.716,2.391,21.668,71.573,80.000
63.562,3.623,25.803,73.010,83.172
64.791,4.850,28.988,74.306,85.838
67.185,5.533,35.055,74.805,89.254
68.156,5.462,37.908,74.823,90.410
69.266,7.315,41.705,75.948,93.559
69.529,7.241,42.609,75.894,93.923
70.752,6.231,44.880,74.999,94.097
70.572,4.645,43.683,73.877,92.164
71.871,1.711,45.591,71.436,90.436
72.518,0.018,45.597,68.566,87.172
74.817,5.952,48.689,62.979,82.236
74.203,10.769,47.471,60.152,78.203
73.815,15.744,47.566,57.262,74.833
71.658,17.291,44.732,56.219,72.256
69.613,18.364,42.412,55.470,70.167
66.946,15.408,38.782,56.911,70.285
64.319,13.525,34.720,57.574,69.297
62.689,11.931,32.622,58.411,69.338
61.909,11.075,31.431,58.885,69.362
62.045,11.832,31.837,58.456,69.064
62.293,11.372,31.948,58.694,69.418
62.471,10.475,31.434,59.228,69.749
63.494,8.105,32.065,61.049,72.218
63.697,6.086,31.766,62.687,73.754
65.799,4.595,34.588,64.079,76.549
66.499,3.107,35.243,65.378,78.274
69.200,2.230,39.982,66.125,81.367
69.221,0.080,40.095,68.718,84.336
70.364,0.775,43.102,71.391,88.741
69.418,3.493,42.083,73.805,90.849
68.966,8.565,42.320,77.124,94.882
66.942,13.374,38.612,80.489,96.636
67.569,12.254,40.022,79.581,96.362
66.788,12.554,37.486,79.875,95.574
66.240,11.209,35.378,79.300,93.697
66.273,6.680,33.843,75.936,89.497
67.406,2.768,35.089,72.493,86.751
66.470,0.048,32.354,69.453,82.277
65.649,0.006,30.637,67.345,79.328
63.703,0.324,26.855,66.132,76.562
62.042,0.618,23.975,64.922,74.213
60.291,0.686,21.052,64.196,72.515
59.394,2.121,20.320,62.168,70.077
59.185,2.150,20.191,61.737,69.964
57.514,1.859,17.880,61.798,69.023
57.555,1.185,17.280,62.430,69.497
57.531,1.253,17.348,62.377,69.451
59.403,2.857,20.637,61.258,69.636
60.283,2.694,21.717,61.722,70.323
61.540,1.827,23.268,62.999,72.385
62.759,1.598,25.071,63.816,73.764
64.389,0.217,27.714,65.937,77.164
64.647,0.098,27.625,68.634,79.790
67.004,0.793,32.615,70.136,83.531
66.747,4.039,32.751,73.427,87.038
67.410,7.882,35.905,76.204,91.274
66.242,14.503,34.954,80.837,95.777
66.620,16.742,37.563,82.077,98.292
67.532,16.709,40.462,81.589,99.172
68.289,16.002,42.505,80.989,99.636
69.112,13.944,43.357,79.522,98.523
71.820,8.245,47.735,75.445,96.367
73.883,0.977,49.302,70.379,91.292
73.653,0.273,47.434,67.515,87.115
73.489,4.158,46.083,63.890,82.315
71.399,6.430,42.277,62.328,78.749
69.886,9.367,39.908,60.222,75.197
68.472,11.957,38.520,58.384,72.441
65.239,11.152,34.240,58.592,70.818
64.136,12.435,33.077,57.338,68.956
62.603,11.348,31.108,57.927,68.785
62.336,12.848,31.077,56.775,67.464
61.864,12.804,30.538,56.714,67.082
61.576,13.246,30.929,56.722,67.092
62.537,14.122,32.132,56.024,67.138
62.157,13.724,31.834,56.414,67.251
62.359,13.822,32.215,56.401,67.464
62.268,13.784,31.868,56.401,67.331
62.213,13.475,31.806,56.518,67.446
62.143,13.101,31.551,56.740,67.554
62.192,13.012,31.646,56.837,67.690
62.375,13.594,31.951,56.459,67.374
61.819,13.410,31.089,56.463,67.013
62.065,13.377,31.498,56.570,67.279
62.194,13.421,31.588,56.615,67.387
61.997,13.413,31.308,56.535,67.187
62.094,13.439,31.532,56.512,67.241
62.022,13.436,31.418,56.508,67.159
62.071,13.404,31.409,56.562,67.267
62.008,13.416,31.468,56.516,67.200
62.065,13.413,31.412,56.562,67.236
62.098,13.472,31.538,56.500,67.221
62.094,13.463,31.483,56.512,67.208
62.121,13.439,31.486,56.529,67.205
62.088,13.445,31.508,56.510,67.159
62.038,13.487,31.492,56.467,67.174
62.129,13.460,31.498,56.556,67.274
62.094,13.478,31.505,56.463,67.238
62.040,13.484,31.498,56.475,67.195
62.112,13.463,31.505,56.525,67.238
62.114,13.481,31.523,56.453,67.241
62.065,13.466,31.529,56.527,67.213
62.108,13.451,31.480,56.519,67.215
62.174,13.469,31.526,56.506,67.274
62.082,13.478,31.523,56.512,67.226
62.110,13.478,31.529,56.494,67.259
62.082,13.487,31.526,56.490,67.256
62.131,13.469,31.517,56.541,67.267
62.133,13.457,31.526,56.516,67.264
62.139,13.493,31.523,56.529,67.228
62.118,13.505,31.532,56.496,67.249
62.118,13.451,31.495,56.529,67.213
62.127,13.478,31.520,56.539,67.205
62.088,13.469,31.502,56.488,67.241
62.151,13.466,31.489,56.547,67.246
62.082,13.487,31.511,56.496,67.228
62.133,13.451,31.523,56.529,67.272
62.155,13.487,31.517,56.562,67.267
62.139,13.493,31.542,56.502,67.236
62.141,13.490,31.529,56.541,67.290
62.123,13.475,31.538,56.527,67.244
62.143,13.499,31.535,56.525,67.279
62.151,13.472,31.523,56.545,67.313
62.180,13.484,31.508,56.504,67.203
62.086,13.475,31.523,56.512,67.185
62.147,13.457,31.514,56.553,67.269
62.120,13.496,31.538,56.531,67.274
62.102,13.475,31.495,56.537,67.249
62.125,13.484,31.517,56.535,67.195
62.131,13.478,31.526,56.510,67.228
62.147,13.472,31.517,56.529,67.290
62.088,13.496,31.529,56.463,67.185
62.129,13.466,31.498,56.533,67.244
62.057,13.472,31.529,56.510,67.200
62.145,13.466,31.511,56.541,67.267
62.108,13.519,31.532,56.518,67.254
62.170,13.493,31.538,56.531,67.236
62.094,13.493,31.551,56.498,67.241
62.153,13.493,31.502,56.488,67.223
62.118,13.484,31.526,56.535,67.279
62.094,13.487,31.551,56.486,67.246
62.159,13.481,31.523,56.510,67.277
62.135,13.481,31.526,56.527,67.267
62.135,13.502,31.520,56.516,67.277
62.131,13.499,31.548,56.519,67.256
62.137,13.505,31.529,56.502,67.269
62.131,13.505,31.557,56.510,67.228
62.145,13.478,31.508,56.533,67.267
62.180,13.505,31.535,56.555,67.244
62.116,13.502,31.557,56.539,67.264
62.106,13.478,31.517,56.488,67.172
62.194,13.496,31.535,56.553,67.259
62.133,13.514,31.548,56.525,67.267
62.081,13.508,31.538,56.473,67.249
62.182,13.502,31.542,56.545,67.308
62.090,13.502,31.548,56.523,67.246
62.160,13.496,31.517,56.533,67.292
62.133,13.487,31.554,56.558,67.187
62.149,13.493,31.532,56.533,67.290
62.090,13.496,31.535,56.525,67.241
62.141,13.505,31.554,56.527,67.267
62.160,13.472,31.508,56.533,67.272
62.120,13.502,31.560,56.484,67.269
62.180,13.493,31.520,56.562,67.323
62.086,13.499,31.560,56.494,67.241
62.172,13.484,31.529,56.537,67.282
62.127,13.505,31.551,56.510,67.241
62.162,13.472,31.535,56.568,67.308
62.139,13.514,31.566,56.508,67.295
62.131,13.499,31.538,56.492,67.285
62.116,13.493,31.542,56.494,67.305
62.147,13.466,31.523,56.537,67.285
62.118,13.487,31.551,56.473,67.264
62.162,13.499,31.514,56.518,67.264
62.100,13.496,31.535,56.480,67.231
62.155,13.487,31.520,56.531,67.282
62.112,13.478,31.526,56.516,67.251
62.147,13.502,31.538,56.506,67.285
62.178,13.490,31.535,56.508,67.218
62.133,13.484,31.517,56.537,67.308
62.100,13.490,31.542,56.479,67.251
62.116,13.516,31.523,56.477,67.244
62.157,13.478,31.514,56.510,67.272
62.084,13.502,31.551,56.473,67.241
62.160,13.487,31.532,56.539,67.285
62.073,13.499,31.542,56.471,67.236
62.213,13.502,31.538,56.541,67.331
62.147,13.475,31.523,56.512,67.290
62.131,13.469,31.498,56.506,67.264
62.075,13.502,31.538,56.479,67.259
62.166,13.493,31.535,56.531,67.303
62.133,13.475,31.529,56.516,67.287
62.131,13.481,31.545,56.508,67.238
62.135,13.475,31.505,56.519,67.277
62.077,13.481,31.542,56.461,67.231
62.170,13.463,31.517,56.519,67.310
62.168,13.499,31.542,56.471,67.251
62.131,13.454,31.502,56.496,67.264

}