:0200000400FCFE
:1048000090AFA9F090AFA71BEA3090AFA70BEA508A
:104810007CAB740F5CBA90AFAAF090AFAAE07E3484
:10482000000160053E341478FB7CB790AFABF0908C
:10483000AFA70BEA207E340090BD23582890AFA785
:104840000BEA100E140E140E140E141A021A007E27
:1048500034FE2F7E24007E2F1090AFAC793E0002F4
:104860001BEA20802690AFA70BEA100E140E140E40
:10487000140E141A021A007E34F9D77E24007E2FFB
:104880001090AFAC793E00021BEA2090AFA9E0BEC9
:10489000B000681890AFABE090AFAC691E00020B9F
:1048A000EA007E0B704C7B7A0B70801890AFABE007
:1048B00064FF90AFAC691E00020BEA007E0B705CD7
:1048C0007B7A0B702290B7DE1BEA306D2290B7DE48
:1048D0000BEA30BD32680E90B7DE0BEA207E340062
:1048E00001BD23780474018001E42290B7E01BEA43
:1048F000306D2290B7E00BEA30BD32780D7E34FE89
:10490000807E24007E7E1BB0800B7E34F8607E2487
:10491000007E7E1BB02290B77DF090B77B1BEA3003
:104920006D2290B77B0BEA30BD32781190B77DE0F5
:104930007E34FE807E24007E7A1BB0800F90B77D8F
:10494000E07E34F8607E24007E7A1BB02290B7E2CD
:104950001BEA306D2290B7E20BEA30BD32780D7E53
:1049600034FE827E24007E7E1BB0800B7E34F86293
:104970007E24007E7E1BB02290B7E41BEA306D22BD
:1049800090B7E40BEA30BD32781474BF7E14FE8217
:104990007E04007E7E0B705C7B7A0B70801274BF8D
:1049A0007E14F8627E04007E7E0B705C7B7A0B7056
:1049B0002290B780F090B77E1BEA306D2290B77ED0
:1049C0000BEA30BD32781190B780E07E34FE817EF4
:1049D00024007E7A1BB0800F90B780E07E34F861AF
:1049E0007E24007E7A1BB02290B783F090B7811BA3
:1049F000EA306D2290B7810BEA30BD32781190B762
:104A000083E07E34FE867E24007E7A1BB0800F9089
:104A1000B783E07E34F8667E24007E7A1BB0229055
:104A2000B7E61BEA306D2290B7E60BEA30BD32786C
:104A30000D7E34FE877E24007E7E1BB0800B7E348C
:104A4000F8677E24007E7E1BB02290B786F090B778
:104A5000841BEA306D2290B7840BEA30BD327811A6
:104A600090B786E07E34FE887E24007E7A1BB0807C
:104A70000F90B786E07E34F8687E24007E7A1BB003
:104A80002290B789F090B7871BEA306D2290B787E4
:104A90000BEA30BD32781190B789E07E34FE897E12
:104AA00024007E7A1BB0800F90B789E07E34F869CD
:104AB0007E24007E7A1BB02290B60A1BEA2090B6B4
:104AC000081BEA3090B6080BEA301248C5BEB000A9
:104AD000682390B60A0BEA2090B6080BEA103E1441
:104AE0003E143E143E147E3490AF2D317A71827A9A
:104AF00061831BEA202290B14B1BEA1090B1491B45
:104B0000EA2090B1471BEA3090B1470BEA301248D7
:104B1000C5BEB000681C90B1490BEA207E34FFFF8F
:104B2000BD23680E90B14B0BEA207E34FFFFBD23FE
:104B30007804E4024D4990B14B0BEA307E24FF002B
:104B40005D2390B1490BEA107E34FF005D31BD3228
:104B50006804E4024D4990B1490BEA207E34FF001D
:104B60005D3290B14D1BEA3090B1470BEA301B34F7
:104B70007803024C640B346803024D4890B14D0B2E
:104B8000EA302E34FF0068482E34FF0068722E345D
:104B9000FF007803024C302E3403006803024C609F
:104BA00090B1490BEA307E2400FF5D237E3400255E
:104BB000BD23781890B14B0BEA307E2400FF5D23B3
:104BC0007E340024BD23780474018001E4024D4941
:104BD00090B1490BEA307E2400FF5D237E3400351E
:104BE000BD23781890B14B0BEA307E2400FF5D2383
:104BF0007E340034BD23780474018001E4024D4901
:104C000090B1490BEA307E2400FF5D237E3400879B
:104C1000BD23781890B14B0BEA307E2400FF5D2352
:104C20007E340086BD23780474018001E4024D497E
:104C300090B1490BEA307E2400FF5D237E340042B0
:104C4000BD23781890B14B0BEA307E2400FF5D2322
:104C50007E340043BD23780474018001E4024D4991
:104C6000E4024D4990B14D0BEA302E34EF00684814
:104C70002E34FF0068712E34FF007803024D162E8B
:104C80003403006803024D4590B1490BEA307E249D
:104C900000FF5D237E340037BD23781890B14B0BA5
:104CA000EA307E2400FF5D237E340036BD23780485
:104CB00074018001E4024D4990B1490BEA307E2431
:104CC00000FF5D237E340047BD23781890B14B0B65
:104CD000EA307E2400FF5D237E340046BD23780445
:104CE00074018001E4806290B1490BEA307E2400B7
:104CF000FF5D237E340027BD23781890B14B0BEA6B
:104D0000307E2400FF5D237E340026BD23780474AA
:104D1000018001E4803390B1490BEA307E2400FF2A
:104D20005D237E340071BD23781890B14B0BEA30BF
:104D30007E2400FF5D237E340070BD23780474015F
:104D40008001E48004E48001E42290B60EF090B685
:104D50000C1BEA30A2AFE43390B60FF0C3C2AFD35E
:104D6000A9D7BA6D2290B60C0BEA30BD32782390E9
:104D7000B60E7EEB7074035C7B0A473E443E443EB5
:104D8000443E447E71BA74CF5C7B0A574D54F5BAE9
:104D9000803790B60E7EEB7074035C7B0A073E048E
:104DA0003E043E043E043E043E047E34FD6C7E24FC
:104DB000007E7E1B607E703F5C760A174D107E344D
:104DC000FD6C7E24007E7A1B3090B60FE024FF92AB
:104DD000AF2290ABA51BEA20793E000290ABA569FB
:104DE0001E00020BEA0090B5CC693E00020BEA20DF
:104DF0009AFCFFE790ABA9793E00021BEA2090AB3A
:104E0000A5691E00020BEA0090B5CC693E00020BBA
:104E1000EA209AFCFFE74D01681790ABA9691E00D4
:104E2000020BEA007E1800012F10793E00021BEAF7
:104E30002090ABA9693E00020BEA20BE180008389A
:104E40000E9F1190ABAD793E00021BEA2080287EB8
:104E500008000590ABA9693E00020BEA209F107480
:104E6000021E341E2450034E60801478F490ABADC3
:104E7000793E00021BEA2090ABAD693E00020BEACE
:104E800020BE183FFF280E7E183FFF90ABAD793E45
:104E900000021BEA2090ABAD693E00020BEA202223
:104EA00090B39D1BEA3090B39D0BEA306D227F01D9
:104EB0002F002F007E1800082F1090B39F793E001E
:104EC000021BEA2090B39F691E00020BEA0090B516
:104ED000CC693E00020BEA209AFCFFE7227E3400F8
:104EE000047E24000190B14F793E00021BEA20901D
:104EF000B14F691E00020BEA0090B5CC693E00027A
:104F00000BEA209AFCFFE790B153793E00021BEABE
:104F10002090B14F691E00020BEA0090B5CC693EAB
:104F200000020BEA209AFCFFE74D01681790B1538D
:104F3000691E00020BEA007E1800012F10793E0066
:104F4000021BEA2090B153693E00020BEA20229036
:104F5000B78A1BEA3090B78A0BEA30E41249169000
:104F6000B78A0BEA30E4124A4A90B78A0BEA30E477
:104F70001249B190B78A0BEA3012497890B78A0B80
:104F8000EA3090B78A0BEA103E143E143E143E14E9
:104F90007E2490A92D217A51827A41830BEA501EFA
:104FA000541E541E541E541E541E54124A8190B74F
:104FB0008A0BEA203E243E243E243E247E3490A9DF
:104FC0002D327A71827A61830BEA507E44003F5D14
:104FD000457E5400404D5490B78CF090B78A0BEA50
:104FE0003090B78CE012491690B78A0BEA3090B730
:104FF0008C7EEBA074804CBA1249162290B6101B1E
:10500000EA30E490B613F0A2AFE43390B612F0C3E6
:10501000C2AF90B6100BEA203E243E243E243E242C
:105020007E3490A22D327A71827A6183E0BEB00024
:105030007823740190B6100BEA203E243E243E24CF
:105040003E247E3490A22D327A71827A6183F0748C
:105050000190B613F090B612E024FF92AF90B61311
:10506000E02290B78D1BEA30A2AFE43390B78FF007
:10507000C3C2AFE490B78D0BEA203E243E243E2409
:105080003E247E3490A22D327A71827A6183F09030
:10509000B78FE024FF92AF2290B792F090B7901BA9
:1050A000EA3090B7900BEA3012497890B7900BEA4B
:1050B0003090B792E01249B12290B6161BEA2090C8
:1050C000B6141BEA306D2290B6140BEA007E140071
:1050D00028AD107E3490C12D317A71827A61831BA4
:1050E000EA2090B6160BEA2090B6140BEA007E1464
:1050F0000028AD107E3490C32D317A71827A61839D
:105100001BEA20E490B6140BEA007E140028AD10D0
:105110007E3490E82D317A71827A6183F090B614F2
:105120000BEA3090B6160BEA20124AB890B6140B70
:10513000EA301250622290B61A1BEA2090B6181B71
:10514000EA3090B61A0BEA2090B6180BEA007E14EB
:105150000028AD107E3490C52D317A71827A61833A
:105160001BEA206D2290B61A0BEA30BD3278067E1B
:1051700024000580047E24000690B6180BEA007E09
:10518000140028AD107E3490C12D317A71827A617D
:10519000831BEA2090B6180BEA307406125098224E
:1051A00090A3C11BEA00791E000290A3C0F090A357
:1051B000BE1BEA3090A3BE0BEA301248C5BEB00059
:1051C000684890A3C07EEBA0747FBCAB383C90A332
:1051D000C5693E00020BEA20BE180000280E90A30D
:1051E000C1693E00020BEA204D23681E90A3CD69E1
:1051F0003E00020BEA20BE180000282290A3C969D5
:105200003E00020BEA204D23781490A3BE0BEA3037
:105210007E240001124AB87E3400010254EB90A3B0
:10522000BE0BEA203E243E243E243E247E3490A140
:105230002D327A71827A6183E0BEB000781490A337
:10524000BE0BEA307E240002124AB87E340002020D
:1052500054EB90A3C5693E00020BEA204D23781E53
:1052600090A3CD693E00020BEA204D23781090A355
:10527000BE0BEA306D22124AB86D330254EB90A394
:10528000BE0BEA30124FFCBEB000781490A3BE0BE8
:10529000EA307E240003124AB87E3400030254EB45
:1052A000D3A9D7BA90A3BE0BEA3012494D30E71DFF
:1052B00090A3BE0BEA3012506290A3BE0BEA307E80
:1052C000240003124AB87E3400030254EB90A3BEBC
:1052D0000BEA203E243E243E243E247E3490A52D1D
:1052E000327A71827A61830BEA309AFDBFC1BEB017
:1052F00000682690A3BE0BEA203E243E243E243EB6
:10530000247E3490A72D327A71827A61830BEA3041
:105310009AFDBFC1BEB000781D90A3BE0BEA30124B
:10532000506290A3BE0BEA307E240004124AB87E7D
:105330003400040254EB90A3BE0BEA007E14002854
:10534000AD107E3490C12D317E24000190A3D1791F
:105350003E00021BEA2090A3C0E090A3D1693E006A
:10536000020BEA202E3400067A1BB090A3C1691EFE
:1053700000020BEA0090A3D1693E00020BEA202E46
:10538000340007791100021B1A0090A3C5691E00A2
:10539000020BEA0090A3D1693E00020BEA202E34F2
:1053A000000B791100021B1A009F0090A3D1693EE7
:1053B00000020BEA202E34000F791100021B1A00A4
:1053C00090A3C9691E00020BEA0090A3D1693E00B8
:1053D000020BEA202E340013791100021B1A0090F0
:1053E000A3CD691E00020BEA0090A3D1693E000222
:1053F0000BEA202E340017791100021B1A009F00BF
:1054000090A3D1693E00020BEA202E34001B7911D3
:1054100000021B1A006D1190A3D1693E00020BEA35
:10542000200B361B1A109F0090A3D1693E00020B7F
:10543000EA202E34001F791100021B1A009F0090F1
:10544000A3D1693E00020BEA202E3400237911001B
:10545000021B1A00E490A3D1693E00020BEA202E41
:105460003400277A1BB07E14000390A3D1693E005C
:10547000020BEA200B351B1A1090A3BE0BEA307EFC
:10548000240003124AB890A3C5693E00020BEA202B
:10549000BE180000282290A3BE0BEA3090A3C0E003
:1054A0003EB01249E87E14000190A3D1693E00028B
:1054B0000BEA201B1A10802690A3BE0BEA3090A3A3
:1054C000C07EEBA03EA074014CBA1249E87E1400E5
:1054D0000390A3D1693E00020BEA201B1A1090A38F
:1054E000BE0BEA3074091250986D33AA90ABB41B0E
:1054F000EA00791E000290ABB3F090ABB11BEA302A
:1055000090ABB10BEA301248C5BEB0007803025927
:10551000AC6D2290ABB10BEA007E140028AD107E7A
:105520003490C12D317A71827A61830BEA30BD32B9
:1055300078030259ACD3A9D7BA90ABB10BEA007E7D
:10554000140028AD107E3490C12D317E24000190CE
:10555000ABB8793E00021BEA2090ABB10BEA3012E7
:10556000494D90ABBCF090ABBCE030E60302565620
:1055700090ABB8691E00020BEA002E14002369509C
:1055800000020B0A407E1800012F12793000021B26
:105590000A2090ABB3E0BEB000684890ABB8693E5B
:1055A00000020BEA202E3400277E1BB0BEB000782C
:1055B0003290ABB4691E00020BEA0090ABB8693EB2
:1055C00000020BEA202E34001F791100021B1A0082
:1055D000740190ABB8693E00020BEA202E3400271C
:1055E0007A1BB090ABB3E0BEB000682790ABB8694F
:1055F0003E00020BEA202E34001F691100020B1A34
:105600000090ABB4693E00020BEA209F10BE180068
:1056100064502A90ABB3E0BEB00068030259AC906E
:10562000ABB8691E00020BEA002E1400236930009B
:10563000020B0A20BE18138850030259AC90ABB17C
:105640000BEA30124F4F90ABB10BEA307E240006CC
:105650001250B90259AC9F0090ABB8693E00020BE2
:10566000EA202E340023791100021B1A0090ABB3FC
:10567000E0BEB000683290ABB4691E00020BEA00D5
:1056800090ABB8693E00020BEA202E34001F79115E
:1056900000021B1A00740190ABB8693E00020BEACD
:1056A000202E3400277A1BB090ABB10BEA301249A0
:1056B0007890ABB8693E00020BEA200B1A301B351C
:1056C00078030257671B3478030258691B34780348
:1056D0000258BE1B3478030259851B3478030259E3
:1056E000852E340005680302599F90ABBCE030E181
:1056F0001090ABB10BEA307E2400051251360259EE
:10570000AC90ABB10BEA3090ABB869FE00020BEA8B
:10571000E02EF4000F691700020B7A007E280001CA
:105720002F20795700021B7A407D2190ABB8695E2B
:1057300000020BEA402E540007691200020B2A00F7
:105740002D127E0BB01249E87E14000290ABB869AE
:105750003E00020BEA201B1A1090ABB10BEA30742A
:105760000A1250980259AC90ABBCE030E11090ABFB
:10577000B10BEA307E2400051251360259AC90ABD1
:10578000B8693E00020BEA202E34000B69110002BA
:105790000B1A0090ABB8695E00020BEA402E540071
:1057A0000F693200020B2A20BF10505590ABB10B8D
:1057B000EA3090ABB869FE00020BEAE02EF4000F6D
:1057C000691700020B7A007E2800012F207957000C
:1057D000021B7A407D2190ABB8695E00020BEA4063
:1057E0002E540007691200020B2A002D127E0BB006
:1057F0001249E890ABB10BEA30740A125098025982
:10580000AC90ABB8691E00020BEA002E14001769B9
:105810003000020B0A20BE180000283F90ABB10BED
:10582000EA3090ABB8691E00020BEA002E140006A5
:105830007E0BA03EA074014CBA1249E87E1400030E
:1058400090ABB8693E00020BEA201B1A1090ABB176
:105850000BEA3074091250980259AC90ABB10BEAC4
:10586000306D221251360259AC90ABBCE030E110E1
:1058700090ABB10BEA307E2400051251360259ACD0
:105880007E14000490ABB8693E00020BEA201B1A9C
:105890001090ABB10BEA3090ABB8695E00020BEA36
:1058A000402E540017691200020B2A00BE080001A6
:1058B0007804740C8002740B1250980259AC90ABAF
:1058C000B10BEA30124A1F90ABB869FE00020BEA36
:1058D000E02EF4001B693700020B7A207E080001DD
:1058E0002F01791700021B7A007D1390ABB869FE77
:1058F00000020BEAE02EF40013693700020B7A2055
:105900002D317A1BB090ABB8693E00020BEA202E15
:10591000340017691100020B1A0090ABB8695E00E1
:10592000020BEA402E54001B693200020B2A20BFF2
:1059300010504590ABB10BEA3090ABB8695E0002F5
:105940000BEA402E54001B691200020B2A007E282D
:1059500000012F2090ABB869FE00020BEAE02EF4A4
:105960000017691700020B7A00BF207804740C80BE
:1059700002740B125098803490ABB10BEA306D2258
:10598000125136802790ABB10BEA3090ABB8691E4C
:1059900000020BEA000B160B0A201250B9800D9082
:1059A000ABB10BEA307E2400061250B92290B7E862
:1059B0001BEA3090B7E80BEA30E49F001254ECAADF
:1059C0006D339AFC59AD7E3400019AFC59ADAA9012
:1059D000B3A51BEA00791E000290B3A31BEA309026
:1059E000B3A30BEA30740190B3A5691E00020BEA61
:1059F000001254ECAA90B61C1BEA20793E00026DFE
:105A00003390B61C691E00020BEA009AFC59CF7E47
:105A100034000190B61C691E00020BEA009AFC5982
:105A2000CFAA90B7EA1BEA3090B7EA0BEA301248E7
:105A3000C50A2B6D33BD2368256D2290B7EA0BEAAA
:105A4000007E140028AD107E3490C12D317A718211
:105A50007A61830BEA30BD32680474018001E4AAE4
:105A600090B7EC1BEA3090B7EC0BEA301248C5BE99
:105A7000B00078067E340001803090B7EC0BEA303D
:105A80009AFC5A22BEB00068067E340003801B9048
:105A9000B7EC0BEA007E140028AD107E3490C32DC5
:105AA000317A71827A61830BEA30AA90AECD1BEA1B
:105AB000307E1442407E04000F90B5CC693E000257
:105AC0000BEA209AFCFFE790AED3793E00021BEA76
:105AD0002090AED3693E00020BEA204D23780E7E63
:105AE00018000190AED3793E00021BEA206D22908F
:105AF000AECD0BEA30BD32780A7E34000190AECDD7
:105B00001BEA3090AECD0BEA1090AED3693E000296
:105B10000BEA209AFEBEC790AECF793E00021BEA88
:105B200020801890AECF693E00020BEA207E08006C
:105B3000019F10793E00021BEA200090AECF693E23
:105B400000020BEA204D2378DA2290B318F090B3CC
:105B5000161BEA307E3442407E24000F90B3197940
:105B60003E00021BEA2090B3160BEA3012497890EF
:105B7000B3160BEA3090B318E01249B1802390B30A
:105B800019693E00020BEA207E2800017F019F0276
:105B9000791E00021BEA004D2378067E3400068041
:105BA0001790B3160BEA3012494D30E6D190B31678
:105BB0000BEA301249786D332290AFB01BEA309077
:105BC000AFB00BEA203E243E243E243E247E349097
:105BD000A52D327A71827A61830BEA3090AFB51BC2
:105BE000EA3090AFB00BEA203E243E243E243E240F
:105BF0007E3490A72D327A71827A61830BEA3090DD
:105C0000AFB71BEA3090AFB00BEA301248EB7CAB79
:105C1000747F5CBA90AFB00BEA3012491690AFB502
:105C20000BEA307E24000174017E1400119AFDC538
:105C30006490AFB70BEA307E24000174017E14003B
:105C4000119AFDC56490AFB50BEA3074011248009B
:105C500090AFB70BEA3074011248007E3400051291
:105C60005AAB7E3403E890AFB31BEA3080077E3432
:105C70000001125AAB90AFB50BEA309AFDBFC1BE1E
:105C8000B000781790AFB30BEA207E1400017D328C
:105C90009D311BEA306D33BD2378D390AFB50BEA4D
:105CA000309AFDBFC1BEB000781090AFB00BEA30A3
:105CB000124F4F7E340004025DF3E490AFB2F00265
:105CC0005D4A90AFB50BEA30E49AFDC1BE7E340068
:105CD00005125AAB90AFB50BEA3074019AFDC1BE04
:105CE0007E3403E890AFB31BEA3080077E340001B6
:105CF000125AAB90AFB50BEA309AFDBFC1BEB000EF
:105D0000781790AFB30BEA207E1400017D329D31ED
:105D10001BEA306D33BD2378D390AFB50BEA309AD0
:105D2000FDBFC1BEB000781090AFB00BEA30124F8B
:105D30004F7E340004025DF37E340005125AAB90AE
:105D4000AFB27EEBA074012CBAF090AFB27EEBA0A4
:105D50007409BCAB501290AFB70BEA309AFDBFC1CB
:105D6000BEB0007803025CC290AFB70BEA30E49A91
:105D7000FDC1BE7E340005125AAB90AFB50BEA30C0
:105D800074019AFDC1BE7E340005125AAB90AFB7C4
:105D90000BEA3074019AFDC1BE7E340005125AAB85
:105DA00090AFB00BEA3090AFB00BEA103E143E1447
:105DB0003E143E147E2490A42D217A51827A418390
:105DC000E0124D4A90AFB00BEA30124F4F90AFB592
:105DD0000BEA309AFDBFC1BEB000680F90AFB70BA1
:105DE000EA309AFDBFC1BEB00078067E3400048060
:105DF000026D332290B3A91BEA307E3442407E24E8
:105E0000000F90B3AB793E00021BEA20D3A9D7BAAA
:105E1000802890B3AB693E00020BEA207E28000187
:105E20007F019F02791E00021BEA004D23780B9030
:105E3000B3A90BEA30125BB9806590B3A90BEA30C5
:105E400012494D20E7CC90B3A90BEA203E243E2412
:105E50003E243E247E3490A52D327A71827A61836D
:105E60000BEA309AFDBFC1BEB000682690B3A90B03
:105E7000EA203E243E243E243E247E3490A72D3248
:105E80007A71827A61830BEA309AFDBFC1BEB0009D
:105E9000780B90B3A90BEA30125BB980026D332204
:105EA00090B3B27AEB5090B3B1F090B3AF1BEA303D
:105EB00090B3AF0BEA3090B3B1E00A1B6D002F0036
:105EC00090B3B2E0BEB00068067E54000180026D5F
:105ED000556D444D514D401249E890B3AF0BEA3037
:105EE0007409125B4A90B3B31BEA306D2290B3B3CE
:105EF0000BEA30BD32680890B3B30BEA30801F90D4
:105F0000B3AF0BEA3012494D7C7B74025C7B0A27ED
:105F10006D33BD2368067E34000580026D33229008
:105F2000B4FCF090B4FA1BEA3090B4FA0BEA30906B
:105F3000B4FCE01249E890B4FA0BEA30740A125B40
:105F40004A90B4FD1BEA306D2290B4FD0BEA30BDDF
:105F500032680890B4FD0BEA30801F90B4FA0BEA67
:105F60003012494D7C7B74025C7B0A276D33BD2364
:105F700068067E34000580026D332290AFBFF0903A
:105F8000AFBB1BEA00791E000290AFB91BEA30904C
:105F9000AFB90BEA3090AFBFE0BEB0006804740C3C
:105FA0008002740B125B4A90AFC01BEA306D2290E6
:105FB000AFC00BEA30BD32781690AFB90BEA3012A1
:105FC0004A1F90AFBB693E00020BEA207A1BB090DB
:105FD000AFC00BEA302290B6201BEA3090B6200BFF
:105FE000EA307406125B4A90B6221BEA306D2290AA
:105FF000B6220BEA30BD32681190B6200BEA30129F
:106000005BB990B6220BEA3080026D33229098EB98
:106010007AEB409098E27AEB509098DE1BEA007998
:106020001E00029098DDF09098DB1BEA306D3390F3
:1060300098F61BEA30E49098FAF09098DB0BEA307F
:106040001248C5BEB00078030261089098DD7EEB6F
:10605000A0747FBCAB28030261089098E27EEBA09D
:106060007402BCAB28030261089098EBE0BEB0005C
:1060700068159098EBE0BEB001680C9098EBE0BE1C
:10608000B00268030261089098F4E0BEB0006812A4
:106090009098F4E0BEB00168099098F4E0BEB002B8
:1060A00078666CAA9098E2E0BCBA280E9098DE69F7
:1060B0003E00020BEA204D23684E9098E7693E00AF
:1060C000020BEA20BE18000028179098E3693E00F2
:1060D000020BEA204D2368309098EBE0BEB00068D8
:1060E000279098F0693E00020BEA20BE18000028B5
:1060F0002B9098EC693E00020BEA204D2368099032
:1061000098F4E0BEB00078149098DB0BEA307E245F
:106110000001124AB87E3400010266B99098DB0B88
:10612000EA203E243E243E243E247E3490A12D329B
:106130007A71827A6183E0BEB00078149098DB0BAC
:10614000EA307E240002124AB87E3400020266B9A8
:106150009098E2E0BEB000782C9098E7693E00028B
:106160000BEA204D23781E9098F0693E00020BEA5E
:10617000204D2378109098DB0BEA306D22124AB83C
:106180006D330266B99098DB0BEA30124FFCBEB05B
:106190000078149098DB0BEA307E240003124AB892
:1061A0007E3400030266B99098DB0BEA30125DF48E
:1061B0009098F61BEA306D229098F60BEA30BD32CB
:1061C000680302669B6CAA9098E2E0BCBA38139010
:1061D00098E7693E00020BEA20BE1800003803026F
:1061E00063D39098DB0BEA309098DDE06C55125E3B
:1061F000A09098F61BEA3074019098FAF06D229006
:1062000098F60BEA30BD326803026652E49098FCBF
:10621000F0803E9098DB0BEA309098FCE00A2B90DF
:1062200098DE691E00020BEA002D127E0BB0125F91
:106230001F9098F61BEA306D229098F60BEA30BD5D
:106240003268030266529098FC7EEBA074012CBA6F
:10625000F09098E27EEBA09098FCE0BCBA40B4903D
:1062600098EBE0BEB00168030262F89098E3693EE3
:1062700000020BEA20909901793E00021BEA209F60
:10628000119098FD793E00021BEA2080509098DB27
:106290000BEA309098FD691E00020BEA007D219008
:1062A0009901691E00020BEA002D127E0BB0125FED
:1062B0001F9098F61BEA306D229098F60BEA30BDDD
:1062C0003268030266529098FD691E00020BEA00D4
:1062D0007E1800012F10793E00021BEA209098E7FB
:1062E000691E00020BEA009098FD693E00020BEA6D
:1062F00020BF1040980263D39098EBE0BEB00268D4
:10630000030263D39098E3693E00020BEA20909960
:1063100005793E00021BEA209F119098FD793E000E
:10632000021BEA200263B89098DB0BEA309098FDDC
:10633000691E00020BEA007D213E24909905691E2A
:1063400000020BEA002D120B0A207D520A5A125F3E
:106350001F9098F61BEA306D229098F60BEA30BD3C
:106360003268030266529098DB0BEA309098FD6920
:106370001E00020BEA007D213E24909905691E0053
:10638000020BEA002D120B0A50125F1F9098F61BA9
:10639000EA306D229098F60BEA30BD32680302664F
:1063A000529098FD691E00020BEA007E1800012F32
:1063B00010793E00021BEA209098E7691E00020B4C
:1063C000EA009098FD693E00020BEA20BF105003DE
:1063D0000263279098F0693E00020BEA20BE180085
:1063E0000038030266389098F5E0BEB0006845902A
:1063F00098FAE0BEB000683C9098DB0BEA30125F80
:10640000D69098F61BEA306D229098F60BEA30BDD4
:1064100032680302669B9098DB0BEA30125DF490C1
:1064200098F61BEA306D229098F60BEA30BD326880
:106430000302669B9098DB0BEA309098DDE07E507B
:1064400001125EA09098F61BEA3074019098FAF061
:106450006D229098F60BEA30BD32680302665290C6
:1064600098F4E0BEB001680302651B9098EC693EA9
:1064700000020BEA20909909793E00021BEA209F56
:10648000119098FD793E00021BEA2080709098DB05
:106490000BEA309098FD691E00020BEA007D219006
:1064A0009909691E00020BEA002D127E2800019056
:1064B00098FD69FE00020BEAE02F729098F0695E89
:1064C00000020BEA40BF72780474018001E4125F9D
:1064D0007B9098F61BEA306D229098F60BEA30BD5F
:1064E0003268030266529098FD691E00020BEA00B2
:1064F0007E1800012F10793E00021BEA209098F0D0
:10650000691E00020BEA009098FD693E00020BEA4A
:1065100020BF10500302648D0266389098F4E0BEEC
:10652000B00268030266389098EC693E00020BEAFC
:106530002090990D793E00021BEA209F119098FD52
:10654000793E00021BEA2002661D9098DB0BEA30C0
:106550007E1498FB7E040001E4125F7B9098F61B8A
:10656000EA306D229098F60BEA30BD32680302667D
:10657000529098FBE00A1B7C236C339098FD693E97
:1065800000020BEA207D033E0490990D693E000253
:106590000BEA202D301B1A109098DB0BEA307E148A
:1065A00098FB7E0400017E2800019098FD69FE00A2
:1065B000020BEAE02F729098F0695E00020BEA404D
:1065C000BF72780474018001E4125F7B9098F61B1F
:1065D000EA306D229098F60BEA30BD3278749098CC
:1065E000FBE00A2B9098FD691E00020BEA007D314A
:1065F0003E3490990D691E00020BEA002D130B0A20
:10660000304D321B0A309098FD691E00020BEA00E3
:106610007E1800012F10793E00021BEA209098F0AE
:10662000691E00020BEA009098FD693E00020BEA29
:1066300020BF10500302654A9098FAE0BEB000688F
:106640005A9098DB0BEA30125FD69098F61BEA302E
:1066500080499098FAE0BEB00068409098F60BEA46
:10666000207E340006BD23780B9098DB0BEA3012B5
:106670005BB980279098DB0BEA30125FD69098F8D0
:106680001BEA306D229098F80BEA30BD32680C900E
:1066900098F80BEA309098F61BEA309098DB0BEAFA
:1066A000309098F60BEA20124AB89098DB0BEA304B
:1066B0001250629098F60BEA302290A9EE1BEA2065
:1066C00090A9EA1BEA00791E000290A9E9F090A9BE
:1066D000E71BEA3090A9E70BEA301248C5BEB000CC
:1066E000685590A9E97EEBA0747FBCAB384990A9AE
:1066F000EA693E00020BEA204D23683B90B5CC6965
:106700003E00020BEA204D23682D124EDD7F0190E2
:10671000A9EA693E00020BEA20BF10401A90A9E7DF
:106720000BEA3090A9EE0BEA2090A9F00BEA1012C8
:106730004AF6BEB000781490A9E70BEA307E240038
:1067400001124AB87E340001026A0E90A9E70BEAF2
:1067500030124FFCBEB000781490A9E70BEA307EEF
:10676000240003124AB87E340003026A0E90A9EA9C
:10677000693E00020BEA20124DD290A9F21BEA30CA
:1067800090A9EE0BEA307D431A487E5400035D5415
:1067900090A9F4F0E490A9E70BEA203E243E243EC1
:1067A000243E247E3490A12D327A71827A6183F066
:1067B00090A9E9E090A9E70BEA203E243E243E247C
:1067C0003E247E3490A32D327A71827A6183F090D8
:1067D000A9F4E090A9E70BEA203E243E243E243EA3
:1067E000247E3490A42D327A71827A6183F090A94C
:1067F000EE0BEA307E2400FF5D2390A9E70BEA1040
:106800003E143E143E143E147E3490A52D317A7110
:10681000827A61831BEA2090A9F00BEA307E240083
:10682000FF5D2390A9E70BEA103E143E143E143E90
:10683000147E3490A72D317A71827A61831BEA200D
:1068400090A9F20BEA2090A9E70BEA103E143E143F
:106850003E143E147E3490A92D317A71827A618380
:106860001BEA2090A9F20BEA30124EA07F0190A9FA
:10687000E70BEA203E243E243E243E247E3490ABA7
:106880002D327A71827A6183791E00021BEA006DD3
:106890002290A9E70BEA103E143E143E143E147EEB
:1068A0003490AF2D317A71827A61831BEA2090A9EE
:1068B000E70BEA203E243E243E243E247E3490A56D
:1068C0002D327A71827A61830BEA307E2400017462
:1068D000017E1400119AFDC56490A9E70BEA203EE1
:1068E000243E243E243E247E3490A72D327A7182A9
:1068F0007A61830BEA307E24000174017E1400115A
:106900009AFDC56490A9E70BEA203E243E243E246C
:106910003E247E3490A52D327A71827A61830BEA0F
:1069200030740112480090A9E70BEA203E243E246F
:106930003E243E247E3490A72D327A71827A618380
:106940000BEA30740112480090A9E70BEA3090A9D5
:10695000F4E0124D4A90A9E70BEA30124F4F740150
:1069600090A9E70BEA203E243E243E243E247E34B8
:1069700090A12D327A71827A6183F090A9E70BEAB7
:10698000203E243E243E243E247E3490A52D327A9F
:1069900071827A61830BEA309AFDBFC1BEB0006894
:1069A0002690A9E70BEA203E243E243E243E247E86
:1069B0003490A72D327A71827A61830BEA309AFD86
:1069C000BFC1BEB00078217E24000490A9E70BEA85
:1069D000103E143E143E143E147E3490AF2D317A96
:1069E00071827A61831BEA2090A9E70BEA3012508A
:1069F0006290A9E70BEA203E243E243E243E247EFA
:106A00003490AF2D327A71827A61830BEA30AA908A
:106A1000AE0C1BEA00791E000290AE0BF090AE099E
:106A20001BEA3090AE0C693E00020BEA209098E31E
:106A3000793E00021BEA2090AE10693E00020BEA8C
:106A4000209098E7793E00021BEA209F119098EC75
:106A5000793E00021BEA209F119098F0793E0002D7
:106A60001BEA20E49098F4F0E49098F5F090AE09D9
:106A70000BEA3090AE0BE09F006C557E4001126037
:106A80000DAA90AE171BEA00791E000290AE16F018
:106A900090AE141BEA309F119098E3793E00021BE0
:106AA000EA209F119098E7793E00021BEA2090AE01
:106AB00017693E00020BEA209098EC793E00021B19
:106AC000EA2090AE1B693E00020BEA209098F07914
:106AD0003E00021BEA2074019098F4F0E49098F5CF
:106AE000F090AE140BEA3090AE16E09F006C556C3F
:106AF0004412600DAA90A5D81BEA00791E000290EE
:106B0000A5D7F090A5D51BEA3090A5D8693E000224
:106B10000BEA209098E3793E00021BEA2090A5DC66
:106B2000693E00020BEA209098E7793E00021BEADA
:106B30002090A5E0693E00020BEA209098EC793E97
:106B400000021BEA2090A5E4693E00020BEA2090B7
:106B500098F0793E00021BEA2074019098F4F0E46A
:106B60009098F5F090A5D50BEA3090A5D7E09F005E
:106B70006C557E400112600DAA90B6241BEA30903D
:106B8000B6240BEA301248C5BEB00078077E340048
:106B900001026C1590B6240BEA203E243E243E24CC
:106BA0003E247E3490A12D327A71827A6183E0BED8
:106BB000B000781390B6240BEA307E240002124A0B
:106BC000B87E340002804E90B6240BEA30124FFC9F
:106BD000BEB000781390B6240BEA307E2400031276
:106BE0004AB87E340003802D90B6240BEA30125B45
:106BF000B990B6261BEA3090B6240BEA3090B62640
:106C00000BEA20124AB890B6240BEA301250629078
:106C1000B6260BEA30AA90B7EE1BEA3090B7EE0B1F
:106C2000EA301248C5BEB000681F90B7EE0BEA20EC
:106C30003E243E243E243E247E3490AF2D327A7191
:106C4000827A61830BEA3080047E340001AA90B717
:106C5000F01BEA3090B7F00BEA301248C50A2B6DF2
:106C600033BD23684390B7F00BEA203E243E243E18
:106C7000243E247E3490A12D327A71827A6183E0A1
:106C8000BEB000682390B7F00BEA003E043E043E1D
:106C9000043E047E1490AB2D107A31827A218369F0
:106CA0003E00020BEA2080029F11AA90B7F21BEA75
:106CB0003090B7F20BEA301248C5BEB00068719050
:106CC000B7F20BEA30124FFCBEB000780F90B7F26B
:106CD0000BEA307E240003124AB88054D3A9D7BAF5
:106CE00090B7F20BEA30E4124916E490B7F20BEADF
:106CF000203E243E243E243E247E3490A12D327A30
:106D000071827A6183F07E24000290B7F20BEA1060
:106D10003E143E143E143E147E3490AF2D317A71F1
:106D2000827A61831BEA2090B7F20BEA301250623C
:106D3000AA90B62B7AEB5090B62AF090B6281BEAB0
:106D4000307E18000190AE10793E00021BEA2090C0
:106D5000B6280BEA3090B62AE07E14B62B7E0400EB
:106D6000019AFC6A0FAA90AE221BEA00791E00026B
:106D700090AE21F090AE1F1BEA3090AE26693E0027
:106D8000020BEA2090AE10793E00021BEA2090AE82
:106D90001F0BEA3090AE21E090AE22691E00020B7C
:106DA000EA009AFC6A0FAA90B5021BEA2090B5018E
:106DB000F090B4FF1BEA307E34B5027E24000190CF
:106DC00098E3793E00021BEA207E1800019098E7C4
:106DD000793E00021BEA209F119098EC793E000258
:106DE0001BEA209F119098F0793E00021BEA20E4F4
:106DF0009098F4F0E49098F5F090B4FF0BEA30909E
:106E0000B501E09F006C557E400212600DAA90AE65
:106E10002D1BEA00791E000290AE2CF090AE2A1BCA
:106E2000EA3090AE2D693E00020BEA209098E3799B
:106E30003E00021BEA2090AE31693E00020BEA20C0
:106E40009098E7793E00021BEA209F119098EC7918
:106E50003E00021BEA209F119098F0793E00021B31
:106E6000EA20E49098F4F0E49098F5F090AE2A0BC4
:106E7000EA3090AE2CE09F006C557E400212600D0F
:106E8000AA90B5087AEB4090B5077AEB5090B5061A
:106E9000F090B5041BEA307E34B5087E24000190E2
:106EA00098E3793E00021BEA207E1800019098E7E3
:106EB000793E00021BEA209F119098EC793E000277
:106EC0001BEA209F119098F0793E00021BEA20E413
:106ED0009098F4F0E49098F5F090B5040BEA3090B7
:106EE000B506E07E14B5077E0400017E50017E40A9
:106EF0000112600DAA90ABC11BEA00791E0002903E
:106F0000ABC07AEB5090ABBFF090ABBD1BEA3090BA
:106F1000ABC1693E00020BEA209098E3793E000283
:106F20001BEA2090ABC5693E00020BEA209098E76F
:106F3000793E00021BEA209F119098EC793E0002F6
:106F40001BEA209F119098F0793E00021BEA20E492
:106F50009098F4F0E49098F5F090ABBD0BEA309087
:106F6000ABBFE07E14ABC07E0400017E50017E40CA
:106F70000112600DAA90AFC71BEA1090AFC51BEAC3
:106F80002090AFC4F090AFC21BEA3090AFC50BEABF
:106F9000307D530A5A90AFC9F090AFC50BEA5090BC
:106FA000AFCAF07E34AFC77E2400019098E3793EEB
:106FB00000021BEA207E1800019098E7793E00024B
:106FC0001BEA209F119098EC793E00021BEA209F5B
:106FD000119098F0793E00021BEA20E49098F4F0BA
:106FE000E49098F5F090AFC20BEA3090AFC4E07E29
:106FF00014AFC97E0400017E50027E400212600D73
:10700000AA90A91D1BEA00791E000290A91B1BEA89
:107010002090A91AF090A9181BEA3090A91B0BEA3E
:10702000307D530A5A90A925F090A91B0BEA509085
:10703000A926F090A91D693E00020BEA209098E372
:10704000793E00021BEA2090A921693E00020BEA6A
:10705000209098E7793E00021BEA209F119098EC5F
:10706000793E00021BEA209F119098F0793E0002C1
:107070001BEA20E49098F4F0E49098F5F090A918B9
:107080000BEA3090A91AE07E14A9257E0400017E47
:1070900050027E400212600DAA90B62EF090B62CDF
:1070A0001BEA30E490B62FF07E18000190AE1B79F9
:1070B0003E00021BEA2090B62C0BEA3090B62EE080
:1070C0007E14B62F7E0400019AFC6A8290B62FE0EF
:1070D000AA90AE381BEA00791E000290AE37F090FD
:1070E000AE351BEA3090AE3C693E00020BEA2090C0
:1070F000AE1B793E00021BEA2090AE350BEA3090C1
:10710000AE37E090AE38691E00020BEA009AFC6AC6
:1071100082AA90B50BF090B5091BEA306D3390B59B
:107120000C1BEA309F119098E3793E00021BEA2085
:107130009F119098E7793E00021BEA207E34B50C3F
:107140007E2400019098EC793E00021BEA207E1814
:1071500000019098F0793E00021BEA20740290989A
:10716000F4F0E49098F5F090B5090BEA3090B50B87
:10717000E09F006C556C4412600D90B50C0BEA302A
:10718000AA90AE431BEA00791E000290AE42F09036
:10719000AE401BEA309F119098E3793E00021BEA53
:1071A000209F119098E7793E00021BEA2090AE43A1
:1071B000693E00020BEA209098EC793E00021BEA3F
:1071C0002090AE47693E00020BEA209098F0793E8D
:1071D00000021BEA2074029098F4F0E49098F5F015
:1071E00090AE400BEA3090AE42E09F006C556C448C
:1071F00012600DAA90B5117AEB5090B510F090B5D1
:107200000E1BEA30E490B512F09F119098E3793E9E
:1072100000021BEA209F119098E7793E00021BEACA
:10722000207E34B5127E2400019098EC793E000255
:107230001BEA207E1800019098F0793E00021BEABC
:107240002074019098F4F0E49098F5F090B50E0B4E
:10725000EA3090B510E07E14B5117E0400017E5036
:10726000016C4412600D90B512E0AA90ABCD1BEA00
:1072700000791E000290ABCC7AEB5090ABCBF09033
:10728000ABC91BEA309F119098E3793E00021BEADC
:10729000209F119098E7793E00021BEA2090ABCD29
:1072A000693E00020BEA209098EC793E00021BEA4E
:1072B0002090ABD1693E00020BEA209098F0793E15
:1072C00000021BEA2074019098F4F0E49098F5F025
:1072D00090ABC90BEA3090ABCBE07E14ABCC7E0414
:1072E00000017E50016C4412600DAA90AFCE1BEAE3
:1072F0002090AFCDF090AFCB1BEA306D3390AFD282
:107300001BEA3090AFCE0BEA307D530A5A90AFD0D3
:10731000F090AFCE0BEA5090AFD1F09F119098E370
:10732000793E00021BEA209F119098E7793E000207
:107330001BEA207E34AFD27E2400019098EC793E87
:1073400000021BEA207E1800019098F0793E0002AE
:107350001BEA2074029098F4F0E49098F5F090AF56
:10736000CB0BEA3090AFCDE07E14AFD07E040001AD
:107370007E50026C4412600D90AFD20BEA30AA909E
:10738000A92C1BEA00791E000290A92A1BEA209072
:10739000A929F090A9271BEA3090A92A0BEA307D91
:1073A000530A5A90A934F090A92A0BEA5090A935B3
:1073B000F09F119098E3793E00021BEA209F119004
:1073C00098E7793E00021BEA2090A92C693E000252
:1073D0000BEA209098EC793E00021BEA2090A9303D
:1073E000693E00020BEA209098F0793E00021BEA09
:1073F0002074029098F4F0E49098F5F090A9270B8F
:10740000EA3090A929E07E14A9347E0400017E5060
:10741000026C4412600DAA90A5EB1BEA00791E00D5
:107420000290A5EAF090A5E81BEA3090A5EF693E2E
:1074300000020BEA2090A5DC793E00021BEA2090B6
:10744000A5F3693E00020BEA2090A5E0793E000218
:107450001BEA2090A5F7693E00020BEA2090A5E404
:10746000793E00021BEA2090A5E80BEA3090A5EADD
:10747000E090A5EB691E00020BEA009AFC6AF5AAEF
:1074800090A5FE1BEA00791E000290A5FDF090A5D4
:10749000FB1BEA3090A5FE693E00020BEA209098A3
:1074A000E3793E00021BEA2090A602693E00020B2F
:1074B000EA209098E7793E00021BEA2090A6066930
:1074C0003E00020BEA209098EC793E00021BEA2075
:1074D00090A60A693E00020BEA209098F0793E00DF
:1074E000021BEA2074029098F4F0E49098F5F09072
:1074F000A5FB0BEA3090A5FDE09F006C557E400295
:1075000012600DAA90B5177AEB4090B5167AEB5041
:1075100090B515F090B5131BEA3090B5130BEA3017
:1075200090B515E090B5167EEB5090B5177EEB4008
:107530009AFC6E81AA90B51B7AEB5090B51AF09028
:10754000B5181BEA30E490B51CF09F119098E379D0
:107550003E00021BEA209F119098E7793E00021B33
:10756000EA207E34B51C7E2400019098EC793E0020
:10757000021BEA207E1800019098F0793E00021B61
:10758000EA2074019098F4F074019098F5F090B5A9
:10759000180BEA3090B51AE07E14B51B7E0400018A
:1075A0007E50016C4412600D90B51CE0AA90B7F4B7
:1075B0001BEA306D2290B7F40BEA30BD32681C90A4
:1075C000B7F40BEA207E340001BD23680E90B7F4B7
:1075D0000BEA207E340002BD23780474018001E4AC
:1075E0002290A7861BEA2090A77E1BEA00791E0046
:1075F0000290A77C1BEA3090A77C0BEA301275AD95
:10760000BEB000682890A77E693E00020BEA204DBC
:1076100023681A90A782693E00020BEA204D236876
:107620000C6D2290A7860BEA30BD327804E4027814
:10763000A9A2AFE43390A78CF0C3C2AF9096C2E08A
:10764000BEB000785A90A77C0BEA007E140006AD0D
:10765000107E3496B12D317A71827A6183E0BEB0AA
:1076600000783C90A77C0BEA007E140006AD107EEB
:107670003496B02D317A71827A6183E0BEB00078A1
:107680001E90A77C0BEA007E14000FAD107E34968E
:10769000832D317A71827A6183E0BEB000680C90EC
:1076A000A78CE024FF92AFE40278A9E490A77C0BBA
:1076B000EA301A261A242F112F117E14B5F67E04F3
:1076C00000FF2F01693000020B0A207A1BB0E49002
:1076D000A77C0BEA301A261A242F112F117E14B71B
:1076E000067E0400FF2F01693000020B0A207A1B7E
:1076F000B090A7860BEA007E1400019D017E140065
:10770000FF5D1090A77C0BEA301A261A242F112F48
:10771000117E54B6FA7E4400FF2F21693200020B1D
:107720002A207A1B3090A7860BEA307E2400019D28
:10773000327D130A1290A77C0BEA301A261A242FE6
:10774000112F117E54B68E7E4400FF2F2169320026
:10775000020B2A207A1B3090A77E693E00020BEABA
:10776000207D130A1290A77C0BEA301A261A242FC8
:10777000112F117E54B6A67E4400FF2F21693200DE
:10778000020B2A207A1B3090A77E693E00020BEA8A
:10779000207D1390A77C0BEA301A261A242F112F74
:1077A000117E54B6BE7E4400FF2F21693200020BC9
:1077B0002A207A1B3090A782693E00020BEA207DC6
:1077C000130A1290A77C0BEA301A261A242F112FC5
:1077D000117E54B69A7E4400FF2F21693200020BBD
:1077E0002A207A1B3090A782693E00020BEA207D96
:1077F0001390A77C0BEA301A261A242F112F117E22
:1078000054B6B27E4400FF2F21693200020B2A20B9
:107810007A1B3090A788691E00020BEA0090A77CB3
:107820000BEA407E540006AD547E3496B22D357A74
:1078300071827A6183791E00021BEA00740190A7AD
:107840007C0BEA007E140006AD107E3496B02D311C
:107850007A71827A6183F074E890A77C0BEA301A1F
:10786000261A242F112F117E14B6EE7E0400FF2F4E
:1078700001693000020B0A207A1BB074C190A77C0A
:107880000BEA301A261A242F112F117E14B5F67E1A
:107890000400FF2F01693000020B0A207A1BB09010
:1078A000A78CE024FF92AF7401AA90A7971BEA204F
:1078B00090A78F1BEA00791E000290A78D1BEA306B
:1078C00090A78D0BEA301275ADBEB000682890A766
:1078D0008F693E00020BEA204D23681A90A7936936
:1078E0003E00020BEA204D23680C6D2290A7970BF7
:1078F000EA30BD327804E4027A2CA2AFE43390A7D8
:107900009DF0C3C2AF90A78D0BEA007E140006ADB8
:10791000107E3496B12D317A71827A6183E0BEB0E7
:1079200000683C90A78D0BEA007E140006AD107E27
:107930003496B02D317A71827A6183E0BEB00078DE
:107940001E90A78D0BEA007E14000FAD107E3496BA
:10795000832D317A71827A6183E0BEB000680C9029
:10796000A79DE024FF92AFE4027A2C90A78F691EB6
:1079700000020BEA0090A78D0BEA407E54000FAD89
:10798000547E3496842D357A71827A6183791E0013
:10799000021BEA0090A793691E00020BEA0090A761
:1079A0008D0BEA407E54000FAD547E3496882D3501
:1079B0007A71827A6183791E00021BEA0090A79790
:1079C0000BEA2090A78D0BEA007E14000FAD107E0D
:1079D00034968C2D317A71827A61831BEA2090A7CC
:1079E00099691E00020BEA0090A78D0BEA407E54B5
:1079F000000FAD547E34968E2D357A71827A618374
:107A0000791E00021BEA00740190A78D0BEA007E2C
:107A100014000FAD107E3496832D317A71827A6115
:107A200083F090A79DE024FF92AF7401AA90B7F66F
:107A30001BEA3090B7F60BEA301275ADBEB0007895
:107A400003E4804190B7F60BEA007E140006AD1007
:107A50007E3496B02D317A71827A6183E0BEB000B7
:107A6000781E90B7F60BEA007E14000FAD107E343E
:107A700096832D317A71827A6183E0BEB00068040A
:107A800074018001E4AA90B6381BEA30E490B63B5A
:107A9000F090B6380BEA301275ADBEB0007804E451
:107AA000027BD5A2AFE43390B63AF0C3C2AF90B632
:107AB000380BEA007E140006AD107E3496B02D31EE
:107AC0007A71827A6183E0BEB000782190B6380B7B
:107AD000EA007E14000FAD107E3496832D317A714A
:107AE000827A6183E0BEB0007803027BC9E490B67D
:107AF000380BEA301A261A242F112F117E14B5F6EE
:107B00007E0400FF2F01693000020B0A207A1BB0AF
:107B1000E490B6380BEA301A261A242F112F117E62
:107B200014B7067E0400FF2F01693000020B0A2003
:107B30007A1BB09F0090B6380BEA407E540006AD29
:107B4000547E3496B22D357A71827A6183791E0023
:107B5000021BEA00E490B6380BEA007E140006AD82
:107B6000107E3496B02D317A71827A6183F0E49080
:107B7000B6380BEA007E140006AD107E3496B12DA7
:107B8000317A71827A6183F09F0090B6380BEA40B7
:107B90007E54000FAD547E34968E2D357A71827AE4
:107BA0006183791E00021BEA00E490B6380BEA00FC
:107BB0007E14000FAD107E3496832D317A71827A57
:107BC0006183F0740190B63BF090B63AE024FF92E6
:107BD000AF90B63BE0AA90AFD41BEA3090AFD40B85
:107BE000EA301275ADBEB000780302809690AFD433
:107BF0000BEA301A261A242F112F117E14B7067E95
:107C00000400FF2F01693000020B0A207E1BB09098
:107C1000AFDAF090AFDA7EEBA074075CBABEB000CA
:107C2000780302809690AFDAE030E01390AFDA7E0E
:107C3000EBA074065CBABEB000780474018001E465
:107C400090AFDBF0E490AFD40BEA301A261A242F61
:107C5000112F117E14B7067E0400FF2F016930003A
:107C6000020B0A207A1BB0E490AFD40BEA301A263C
:107C70001A242F112F117E14B5F67E0400FF2F0158
:107C8000693000020B0A207A1BB090AFD40BEA20B7
:107C90007E340006AD327E1496B22D137A31827A8C
:107CA0002183693E00020BEA2090AFD6793E0002A4
:107CB0001BEA209F0090AFD40BEA407E540006AD33
:107CC000547E3496B22D357A71827A6183791E00A2
:107CD000021BEA0090AFD6693E00020BEA204D235A
:107CE0007803027D65740190AFD40BEA007E140026
:107CF00006AD107E3496B12D317A71827A6183F0AF
:107D00009096C27EEBA074012CBAF0E490AFD40B35
:107D1000EA007E140006AD107E3496B02D317A71E3
:107D2000827A6183F090AFD40BEA3090AFDBE090C1
:107D3000AFD6691E00020BEA009908E490AFD40B9D
:107D4000EA007E140006AD107E3496B12D317A71B2
:107D5000827A6183F09096C27EEBA07E70017CBA3D
:107D60009CB7F0801AE490AFD40BEA007E140006B2
:107D7000AD107E3496B02D317A71827A6183F0A293
:107D8000AFE43390AFDCF0C3C2AF90AFD40BEA00E6
:107D90007E14000FAD107E3496832D317A71827A75
:107DA0006183E0BEB000780302808E90AFD40BEA0E
:107DB000007E140006AD107E3496B02D317A7182AB
:107DC0007A6183E0BEB000680302808EE490AFD495
:107DD0000BEA301A261A242F112F117E14B5F67EC5
:107DE0000400FF2F01693000020B0A207A1BB0E467
:107DF00090AFD40BEA301A261A242F112F117E14BB
:107E0000B7067E0400FF2F01693000020B0A207ABA
:107E10001BB090AFD40BEA007E14000FAD107E347F
:107E2000968C2D317A71827A61830BEA007E140080
:107E3000019D017E1400FF5D1090AFD40BEA301A53
:107E4000261A242F112F117E54B6FA7E4400FF2FDC
:107E500021693200020B2A207A1B3090AFD40BEA42
:107E6000007E14000FAD107E34968C2D317A718215
:107E70007A61830BEA307E2400019D327D130A1261
:107E800090AFD40BEA301A261A242F112F117E54EA
:107E9000B68E7E4400FF2F21693200020B2A207A21
:107EA0001B3090AFD40BEA207E34000FAD327E142D
:107EB00096842D137A31827A2183693E00020BEA7F
:107EC000207D130A1290AFD40BEA301A261A242F01
:107ED000112F117E54B6A67E4400FF2F2169320077
:107EE000020B2A207A1B3090AFD40BEA207E34009C
:107EF0000FAD327E1496842D137A31827A218369F4
:107F00003E00020BEA207D1390AFD40BEA301A2614
:107F10001A242F112F117E54B6BE7E4400FF2F214C
:107F2000693200020B2A207A1B3090AFD40BEA2072
:107F30007E34000FAD327E1496882D137A31827A0A
:107F40002183693E00020BEA207D130A1290AFD410
:107F50000BEA301A261A242F112F117E54B69A7E5E
:107F60004400FF2F21693200020B2A207A1B309037
:107F7000AFD40BEA207E34000FAD327E1496882DEC
:107F8000137A31827A2183693E00020BEA207D1345
:107F900090AFD40BEA301A261A242F112F117E54D9
:107FA000B6B27E4400FF2F21693200020B2A207AEC
:107FB0001B3090AFD40BEA007E14000FAD107E345E
:107FC000968E2D317A71827A6183691E00020BEAE6
:107FD0000090AFD40BEA407E540006AD547E349638
:107FE000B22D357A71827A6183791E00021BEA0014
:107FF000740190AFD40BEA007E140006AD107E34FD
:1080000096B02D317A71827A6183F09F0090AFD45F
:108010000BEA407E54000FAD547E34968E2D357A97
:1080200071827A6183791E00021BEA00E490AFD46A
:108030000BEA007E14000FAD107E3496832D317A4A
:1080400071827A6183F074E890AFD40BEA301A261B
:108050001A242F112F117E14B6EE7E0400FF2F017B
:10806000693000020B0A207A1BB074C190AFD40BA8
:10807000EA301A261A242F112F117E14B5F67E0429
:1080800000FF2F01693000020B0A207A1BB090AF6D
:10809000DCE024FF92AFAA9094011BEA00791E0055
:1080A000029093FF1BEA307E34B60E7E2400FF7EE2
:1080B00014940D7E04000174409AFEBED06D33907E
:1080C000944D1BEA306D3390944F1BEA3090940925
:1080D000693E00020BEA204D237803028539909413
:1080E00001693E00020BEA204D2378030285399096
:1080F0009405693E00020BEA204D2378030285397E
:10810000909401691E00020BEA006D337E2400800A
:10811000BF01500302837302835F909409693E009C
:10812000020BEA20BE18004028067E340040800A78
:10813000909409693E00020BEA2090944D1BEA30AE
:1081400090944D0BEA30CA39909401693E00020BBD
:10815000EA207E14940D7E0400019AFF7B3F1BFDF4
:1081600090944D0BEA106D00909409693E00020B4B
:10817000EA209F10793E00021BEA2090944D0BEA02
:1081800010909401693E00020BEA202D31793E00E7
:10819000021BEA2090944D0BEA007E1400019D0121
:1081A0007E1400FF5D109093FF0BEA301A261A240C
:1081B0002F112F117E54B6FA7E4400FF2F21693211
:1081C00000020B2A207A1B3090944D0BEA207E345B
:1081D00000019D237E34FF005D327D130A129093CF
:1081E000FF0BEA301A261A242F112F117E54B68E57
:1081F0007E4400FF2F21693200020B2A207A1B30B7
:108200007E34940D7D130A129093FF0BEA301A26E8
:108210001A242F112F117E54B6A67E4400FF2F2161
:10822000693200020B2A207A1B307E14940D909341
:10823000FF0BEA301A261A242F112F117E54B6BED6
:108240007E4400FF2F21693200020B2A207A1B3066
:1082500090944F0BEA10909405693E00020BEA20BF
:108260002D317D130A129093FF0BEA301A261A243F
:108270002F112F117E54B69A7E4400FF2F216932B0
:1082800000020B2A207A1B3090944F0BEA10909436
:1082900005693E00020BEA202D317D139093FF0B00
:1082A000EA301A261A242F112F117E54B6B27E44BA
:1082B00000FF2F21693200020B2A207A1B30744004
:1082C0009093FF0BEA301A261A242F112F117E14D7
:1082D000B6EE7E0400FF2F01693000020B0A207AFF
:1082E0001BB074C19093FF0BEA301A261A242F1189
:1082F0002F117E14B5F67E0400FF2F0169300002B5
:108300000B0A207A1BB09093FF0BEA301A261A242E
:108310002F112F117E14B7067E0400FF2F01693044
:1083200000020B0A207E1BB030E0DBE49093FF0BD1
:10833000EA301A261A242F112F117E14B7067E0454
:1083400000FF2F01693000020B0A207A1BB09094C5
:108350004D0BEA2090944F0BEA302D321BEA3090FF
:108360009409693E00020BEA204D23680302811A3A
:10837000028539909409693E00020BEA207D037E54
:108380001400019D017E1400FF5D106D009093FFAD
:108390000BEA301A261A242F112F117E54B6FA7EBA
:1083A0004400FF2F21693200020B2A207A1B3090F3
:1083B0009409693E00020BEA207D237E3400019D72
:1083C000237E34FF005D326D227C369093FF0BEAF2
:1083D000301A261A242F112F117E54B68E7E440097
:1083E000FF2F21693200020B2A207A1B3090940162
:1083F000693E00020BEA207D130A129093FF0BEAFC
:10840000301A261A242F112F117E54B6A67E44004E
:10841000FF2F21693200020B2A207A1B3090940131
:10842000693E00020BEA207D139093FF0BEA301A9D
:10843000261A242F112F117E54B6BE7E4400FF2F22
:1084400021693200020B2A207A1B30909405693E84
:1084500000020BEA207D130A129093FF0BEA301AF8
:10846000261A242F112F117E54B69A7E4400FF2F16
:1084700021693200020B2A207A1B30909405693E54
:1084800000020BEA207D139093FF0BEA301A261AA4
:10849000242F112F117E54B6B27E4400FF2F216984
:1084A0003200020B2A207A1B3074609093FF0BEA93
:1084B000301A261A242F112F117E14B6EE7E0400D6
:1084C000FF2F01693000020B0A207A1BB074C190A3
:1084D00093FF0BEA301A261A242F112F117E14B5A0
:1084E000F67E0400FF2F01693000020B0A207A1B80
:1084F000B09093FF0BEA301A261A242F112F117E09
:1085000014B7067E0400FF2F01693000020B0A2019
:108510007E1BB030E0DBE49093FF0BEA301A261AA2
:10852000242F112F117E14B7067E0400FF2F01693E
:108530003000020B0A207A1BB0AA9094A01BEA001C
:10854000791E000290949E1BEA307E34B64E7E2443
:1085500000FF7E1494A87E04000174409AFEBED0F1
:108560006D339094E81BEA309094A0691E00020BD2
:10857000EA006D337E240080BF01500302875C0255
:1085800087489094A4693E00020BEA20BE18004080
:1085900028067E340040800A9094A4693E00020BB5
:1085A000EA209094E81BEA309094E80BEA30CA394C
:1085B0009094A0693E00020BEA207E1494A87E04E9
:1085C00000019AFF7B3F1BFD9094E80BEA106D00C1
:1085D0009094A4693E00020BEA209F10793E0002AD
:1085E0001BEA209094E80BEA109094A0693E0002E8
:1085F0000BEA202D31793E00021BEA209094E80B13
:10860000EA007E1400019D017E1400FF5D1090942D
:108610009E0BEA301A261A242F112F117E54B6FA17
:108620007E4400FF2F21693200020B2A207A1B3082
:108630009094E80BEA207E3400019D237E34FF00F5
:108640005D327D130A1290949E0BEA301A261A248A
:108650002F112F117E54B68E7E4400FF2F216932D8
:1086600000020B2A207A1B307E3494A87D130A1254
:1086700090949E0BEA301A261A242F112F117E5443
:10868000B6A67E4400FF2F21693200020B2A207A11
:108690001B307E1494A890949E0BEA301A261A245C
:1086A0002F112F117E54B6BE7E4400FF2F21693258
:1086B00000020B2A207A1B30744090949E0BEA3003
:1086C0001A261A242F112F117E14B6EE7E0400FFF5
:1086D0002F01693000020B0A207A1BB074C19094FC
:1086E0009E0BEA301A261A242F112F117E14B5F68C
:1086F0007E0400FF2F01693000020B0A207A1BB0B4
:1087000090949E0BEA301A261A242F112F117E14F2
:10871000B7067E0400FF2F01693000020B0A207E9D
:108720001BB030E0DBE490949E0BEA301A261A244A
:108730002F112F117E14B7067E0400FF2F01693020
:1087400000020B0A207A1BB09094A4693E00020B31
:10875000EA204D2368030285820288C49094A469AC
:108760003E00020BEA207D037E1400019D017E1471
:1087700000FF5D106D0090949E0BEA301A261A24BB
:108780002F112F117E54B6FA7E4400FF2F2169323B
:1087900000020B2A207A1B309094A4693E00020B41
:1087A000EA207D237E3400019D237E34FF005D326C
:1087B0006D227C3690949E0BEA301A261A242F11D3
:1087C0002F117E54B68E7E4400FF2F2169320002A5
:1087D0000B2A207A1B309094A0693E00020BEA20FD
:1087E0007D130A1290949E0BEA301A261A242F1138
:1087F0002F117E54B6A67E4400FF2F21693200025D
:108800000B2A207A1B309094A0693E00020BEA20CC
:108810007D1390949E0BEA301A261A242F112F11E3
:108820007E54B6BE7E4400FF2F21693200020B2A1F
:10883000207A1B30744090949E0BEA301A261A243A
:108840002F112F117E14B6EE7E0400FF2F01693028
:1088500000020B0A207A1BB074C190949E0BEA3080
:108860001A261A242F112F117E14B5F67E0400FF4C
:108870002F01693000020B0A207A1BB090949E0BE6
:10888000EA301A261A242F112F117E14B7067E04FF
:1088900000FF2F01693000020B0A207E1BB030E080
:1088A000DBE490949E0BEA301A261A242F112F1124
:1088B0007E14B7067E0400FF2F01693000020B0A08
:1088C000207A1BB0AA90AED91BEA00791E00029054
:1088D000AED71BEA3090AEDD693E00020BEA207D88
:1088E000037E1400019D017E1400FF5D106D009059
:1088F000AED70BEA301A261A242F112F117E54B648
:10890000FA7E4400FF2F21693200020B2A207A1BD5
:108910003090AEDD693E00020BEA207D237E3400FC
:10892000019D237E34FF005D326D227C3690AED7F0
:108930000BEA301A261A242F112F117E54B68E7E80
:108940004400FF2F21693200020B2A207A1B30904D
:10895000AED9693E00020BEA207D130A1290AED711
:108960000BEA301A261A242F112F117E54B69A7E44
:108970004400FF2F21693200020B2A207A1B30901D
:10898000AED9693E00020BEA207D1390AED70BEA08
:10899000301A261A242F112F117E54B6B27E4400AD
:1089A000FF2F21693200020B2A207A1B307420909D
:1089B000AED70BEA301A261A242F112F117E14B6C7
:1089C000EE7E0400FF2F01693000020B0A207A1BA3
:1089D000B074C190AED70BEA301A261A242F112F8B
:1089E000117E14B5F67E0400FF2F01693000020BE2
:1089F0000A207A1BB090AED70BEA301A261A242F21
:108A0000112F117E14B7067E0400FF2F016930007C
:108A1000020B0A207E1BB030E0DBE490AED70BEAFD
:108A2000301A261A242F112F117E14B7067E040047
:108A3000FF2F01693000020B0A207A1BB0AA90B701
:108A400095F090B7931BEA307E1800019094A479BA
:108A50003E00021BEA2090B7930BEA307E14B795D4
:108A60007E0400019AFC853AAA90AEE31BEA0079E5
:108A70001E000290AEE11BEA3090AEE7693E0002B4
:108A80000BEA209094A4793E00021BEA2090AEE10C
:108A90000BEA3090AEE3691E00020BEA009AFC85F7
:108AA0003AAA90B63E1BEA2090B63C1BEA307E18EC
:108AB00000029094A4793E00021BEA2090B63C0B81
:108AC000EA307E14B63E7E0400019AFC853AAA90F4
:108AD000AEED1BEA00791E000290AEEB1BEA30906F
:108AE000AEF1693E00020BEA202F119094A4793E6A
:108AF00000021BEA2090AEEB0BEA3090AEED691E4F
:108B000000020BEA009AFC853AAA90B6437AEB5031
:108B100090B642F090B6401BEA307E180001909467
:108B2000A4793E00021BEA2090B6400BEA307E1486
:108B3000B6427E0400019AFC853A7E1800019094AA
:108B4000A4793E00021BEA2090B6400BEA307E1466
:108B5000B6437E0400019AFC853AAA90AE4E1BEA09
:108B600000791E000290AE4DF090AE4B1BEA307EB5
:108B70001800019094A4793E00021BEA2090AE4BAD
:108B80000BEA307E14AE4D7E0400019AFC853A90CB
:108B9000AE52693E00020BEA209094A4793E000296
:108BA0001BEA2090AE4B0BEA3090AE4E691E0002DD
:108BB0000BEA009AFC853AAA90B3E31BEA1090B343
:108BC000E11BEA2090B3DF1BEA307E18000290948C
:108BD000A4793E00021BEA2090B3DF0BEA307E143A
:108BE000B3E17E0400019AFC853A7E18000290945D
:108BF000A4793E00021BEA2090B3DF0BEA307E141A
:108C0000B3E37E0400019AFC853AAA90AC091BEA02
:108C100000791E000290AC071BEA2090AC051BEA0D
:108C2000307E1800029094A4793E00021BEA209046
:108C3000AC050BEA307E14AC077E0400019AFC857B
:108C40003A90AC0D693E00020BEA202F119094A4DB
:108C5000793E00021BEA2090AC050BEA3090AC098B
:108C6000691E00020BEA009AFC853AAA90B7961B8F
:108C7000EA30E490B798F07E18000190AEDD793EBE
:108C800000021BEA2090B7960BEA307E14B7987E5C
:108C90000400019AFC88C590B798E0AA90AEF71B33
:108CA000EA00791E000290AEF51BEA3090AEFB6937
:108CB0003E00020BEA2090AEDD793E00021BEA2066
:108CC00090AEF50BEA3090AEF7691E00020BEA0099
:108CD0009AFC88C5AA90B6441BEA307E1800029020
:108CE000AEDD793E00021BEA2090B6440BEA307EEE
:108CF00014B6467E0400019AFC88C590B6460BEA7D
:108D000030AA90AF011BEA00791E000290AEFF1B53
:108D1000EA3090AF05693E00020BEA202F1190AEB9
:108D2000DD793E00021BEA2090AEFF0BEA3090AFE7
:108D300001691E00020BEA009AFC88C5AA90B64A97
:108D4000F090B6481BEA30E490B64BF07E18000174
:108D50009094A4793E00021BEA2090B6480BEA30BA
:108D60007E14B64A7E0400019AFC853A7E18000102
:108D700090AEDD793E00021BEA2090B6480BEA3047
:108D80007E14B64B7E0400019AFC88C590B64BE079
:108D9000AA90AE591BEA00791E000290AE58F090DE
:108DA000AE561BEA307E1800019094A4793E000272
:108DB0001BEA2090AE560BEA307E14AE587E0400BB
:108DC000019AFC853A90AE5D693E00020BEA209064
:108DD000AEDD793E00021BEA2090AE560BEA3090E1
:108DE000AE59691E00020BEA009AFC88C5AA90B32E
:108DF000E71BEA2090B3E51BEA307E18000290944E
:108E0000A4793E00021BEA2090B3E50BEA307E1401
:108E1000B3E77E0400019AFC853A7E18000290AE0A
:108E2000DD793E00021BEA2090B3E50BEA307E14A8
:108E3000B3E97E0400019AFC88C590B3E90BEA30DF
:108E4000AA90AC151BEA00791E000290AC131BEA35
:108E50002090AC111BEA307E1800029094A4793E59
:108E600000021BEA2090AC110BEA307E14AC137E9A
:108E70000400019AFC853A90AC19693E00020BEAA5
:108E80002090AEDD793E00021BEA2090AC110BEA87
:108E90003090AC15691E00020BEA009AFC88C5AA46
:108EA00090AA131BEA00791E000290AA111BEA3057
:108EB00090AA17693E00020BEA20909405793E00C3
:108EC000021BEA2090AA1B693E00020BEA20909444
:108ED00009793E00021BEA2090AA110BEA3090AA01
:108EE00013691E00020BEA009AFC8097AA90AA213F
:108EF0001BEA00791E000290AA1F1BEA3090AA25E7
:108F0000693E00020BEA20909405793E00021BEABC
:108F10002090AA29693E00020BEA202F11909409A3
:108F2000793E00021BEA2090AA1F0BEA3090AA218A
:108F3000691E00020BEA009AFC8097AA90A4FD1B10
:108F4000EA00791E000290A4FB1BEA2090A4F91B02
:108F5000EA309F1190A509793E00021BEA2090A5F6
:108F6000030BEA307E24FF005D2390A5010BEA107D
:108F70007E34FF005D31BD326811E47E14B5CC7ED5
:108F80000400FF7E3403279AFF691190A5010BEAC4
:108F9000207E3400FF5D327E24000174017E1400C7
:108FA000109AFDC56490A5030BEA207E3400FF5D96
:108FB000327E24000174017E1400109AFDC5649075
:108FC000A5050BEA207E34FFFFBD23681690A5059A
:108FD0000BEA207E3400FF5D326D2274016D119A20
:108FE000FDC56490A5070BEA207E34FFFFBD236812
:108FF0001990A5070BEA207E3400FF5D327E240025
:1090000001E47E1400109AFDC56490A4FD693E0041
:10901000020BEA20BE189680406490A5010BEA205E
:109020007E3400FF5D326D229AFDBE6A90A5030B6F
:10903000EA207E3400FF5D326D229AFDBE6A90A563
:10904000050BEA207E34FFFFBD23681290A5050BB7
:10905000EA207E3400FF5D326D229AFDBE6A90A543
:10906000070BEA207E34FFFFBD23681290A5070B93
:10907000EA207E3400FF5D326D229AFDBE6A90A424
:10908000F90BEA301B3468741B34780302922D0B01
:1090900035680302933953A2F390A5010BEA307DA2
:1090A000231A247E3400035D321B3468141B346899
:1090B000151B3468162E3400037813E5A2F5A28040
:1090C0000D43A204800843A208800343A20CE4F5E8
:1090D000CE43CE9043CE0390A4FB0BEA301B356801
:1090E0000D1B34680E0B35780D43CE04800843CE3B
:1090F00008800343CE0C43CE4002933974FC7E14A7
:10910000FD6C7E04007E7E0B705C7B7A0B7090A5FC
:10911000010BEA307D231A247E3400035D321B34B8
:10912000681E1B34682E1B34683E2E340003784AB8
:109130007E14FD6C7E04007E7E0B707A0B70803A8C
:1091400074017E14FD6C7E04007E7E0B704C7B7A75
:109150000B70802674027E14FD6C7E04007E7E0BF4
:10916000704C7B7A0B70801274037E14FD6C7E044D
:10917000007E7E0B704C7B7A0B70E47E34F8007EB0
:1091800024007E7A1BB074907E14F8007E04007E6A
:109190007E0B704C7B7A0B7090A4FD691E00020B55
:1091A000EA0090B5CC693E00020BEA209AFCFFE78A
:1091B00090A509793E00021BEA2074037E14F80092
:1091C0007E04007E7E0B704C7B7A0B7090A4FB0BB0
:1091D000EA301B35681C1B34682C0B35783A740454
:1091E0007E14F8007E04007E7E0B704C7B7A0B7040
:1091F000802674087E14F8007E04007E7E0B704C7E
:109200007B7A0B708012740C7E14F8007E04007E52
:109210007E0B704C7B7A0B7074407E14F8007E04D9
:10922000007E7E0B704C7B7A0B7002933974F37E58
:1092300014FD6C7E04007E7E0B705C7B7A0B70905C
:10924000A5010BEA307D231A247E3400035D321B16
:1092500034681E1B34682E1B34683E2E340003789D
:109260004A7E14FD6C7E04007E7E0B707A0B70804B
:109270003A74047E14FD6C7E04007E7E0B704C7B81
:109280007A0B70802674087E14FD6C7E04007E7E4E
:109290000B704C7B7A0B708012740C7E14FD6C7E0C
:1092A00004007E7E0B704C7B7A0B70E47E34F820D9
:1092B0007E24007E7A1BB074907E14F8207E040019
:1092C0007E7E0B704C7B7A0B7074037E14F8207ECC
:1092D00004007E7E0B704C7B7A0B7090A4FB0BEA33
:1092E000301B35681C1B34682C0B35783A74047EAF
:1092F00014F8207E04007E7E0B704C7B7A0B70800D
:109300002674087E14F8207E04007E7E0B704C7B51
:109310007A0B708012740C7E14F8207E04007E7E1E
:109320000B704C7B7A0B7074407E14F8207E040026
:109330007E7E0B704C7B7A0B70E490A4F90BEA30C4
:109340001A261A242F112F117E14B6027E0400FF54
:109350002F01693000020B0A207A1BB0741090A410
:10936000F90BEA301A261A242F112F117E14B6E2B7
:109370007E0400FF2F01693000020B0A207A1BB027
:1093800090A4FD691E00020BEA0090B5CC693E0076
:10939000020BEA209AFCFFE74D0178046DFF800480
:1093A0007EF400017D3F1A361AE690A4FD691E0086
:1093B000020BEA0090B5CC693E00020BEA209AFC51
:1093C000FFE72F1790A509793E00021BEA2090A520
:1093D00009693E00020BEA20BE1800FF280E7E1825
:1093E00000FF90A509793E00021BEA2090A50969BB
:1093F0001E00020BEA0090A4F90BEA301A261A2488
:109400002F112F117E54B7127E4400FF2F21693295
:1094100000020B2A207A1B30E490A4F90BEA301AE0
:10942000261A242F112F117E14B7067E0400FF2F59
:1094300001693000020B0A207A1BB0E490A4F90BFA
:10944000EA301A261A242F112F117E14B6EE7E044C
:1094500000FF2F01693000020B0A207A1BB0E49054
:10946000A4F90BEA301A261A242F112F117E14B6F4
:10947000CA7E0400FF2F01693000020B0A207A1B0C
:10948000B0E490A4F90BEA301A261A242F112F11F8
:109490007E14B6D67E0400FF2F01693000020B0A4D
:1094A000207A1BB0E490A4F90BEA007E140006AD0C
:1094B000107E3496B02D317A71827A6183F0E49017
:1094C000A4F90BEA007E140006AD107E3496B12D8F
:1094D000317A71827A6183F09F0090A4F90BEA409F
:1094E0007E540006AD547E3496B22D357A71827A60
:1094F0006183791E00021BEA00E490A4F90BEA00E4
:109500007E14000FAD107E3496832D317A71827AED
:109510006183F09F0090A4F90BEA407E54000FADE8
:10952000547E34968E2D357A71827A6183791E004D
:10953000021BEA00E490A4F90BEA301A261A242F41
:10954000112F117E14B5F67E0400FF2F0169300043
:10955000020B0A207A1BB0AA90B79BF090B7991B18
:10956000EA3090B7990BEA301B3468191B34684114
:109570000B35786974C0F5CD90B79BE0F5CFE5CD9C
:1095800030E7FB806974C07E34F8017E24007E7A67
:109590001BB090B79BE07E34F8027E24007E7A1BDD
:1095A000B07E34F8017E24007E7E1BB030E7F2806E
:1095B0003D74C07E34F8217E24007E7A1BB090B7C3
:1095C0009BE07E34F8227E24007E7A1BB07E34F845
:1095D000217E24007E7E1BB030E7F28011E47E14F1
:1095E000B5CC7E0400FF7E3403D29AFF6911AA90A5
:1095F000B64EF090B64C1BEA3074FF90B64FF09028
:10960000B64C0BEA301B3468231B34685A0B3568A0
:10961000030296A274C0F5CD90B64EE0F5CFE5CD2D
:1096200030E7FBE5CF90B64FF00296B374C07E34BE
:10963000F8017E24007E7A1BB090B64EE07E34F8AE
:10964000027E24007E7A1BB07E34F8017E24007EE8
:109650007E1BB030E7F27E34F8027E24007E7E1B53
:10966000B090B64FF0804C74C07E34F8217E240058
:109670007E7A1BB090B64EE07E34F8227E24007EC7
:109680007A1BB07E34F8217E24007E7E1BB030E74A
:10969000F27E34F8227E24007E7E1BB090B64FF01E
:1096A0008011E47E14B5CC7E0400FF7E3403F09A72
:1096B000FF691190B64FE0AA90B79EF090B79C1B3F
:1096C000EA3090B79C0BEA3090B79EE09AFC955830
:1096D000AA90AF0B1BEA00791E000290AF091BEAAB
:1096E00030802090AF090BEA3090AF0B691E00026A
:1096F0000BEA007E0BB00B14791E00021BEA009AE5
:10970000FC955890AF0F693E00020BEA207E2800BE
:10971000017F019F02791E00021BEA004D2378C3DE
:10972000AA90B6521BEA2090B6501BEA3090B65071
:109730000BEA3090B6520BEA107E24FF005D217DCB
:10974000520A5A9AFC955890B6500BEA3090B6528D
:109750000BEA207E5400FF5D529AFC9558AA90AF08
:10976000151BEA00791E000290AF131BEA308047F8
:1097700090AF130BEA3090AF15691E00020BEA00A0
:109780000B0A107E24FF005D217D520A5A9AFC9537
:109790005890AF130BEA3090AF15691E00020BEA28
:1097A000000B0A200B15791E00021BEA007E5400F4
:1097B000FF5D529AFC955890AF19693E00020BEA82
:1097C000207E2800017F019F02791E00021BEA0013
:1097D0004D23789CAA90B6577AEB5090B656F090ED
:1097E000B6541BEA3090B6540BEA3090B656E09A65
:1097F000FC955890B6540BEA3090B657E09AFC9519
:1098000058AA90AE641BEA00791E000290AE63F085
:1098100090AE611BEA3090AE610BEA3090AE63E02F
:109820009AFC9558802090AE610BEA3090AE646946
:109830001E00020BEA007E0BB00B14791E00021B07
:10984000EA009AFC955890AE68693E00020BEA2047
:109850007E2800017F019F02791E00021BEA004D55
:109860002378C3AA90B3EF1BEA1090B3ED1BEA2054
:1098700090B3EB1BEA3090B3EB0BEA3090B3ED0BF7
:10988000EA107E24FF005D217D520A5A9AFC955809
:1098900090B3EB0BEA3090B3ED0BEA207E5400FF5F
:1098A0005D529AFC955890B3EB0BEA3090B3EF0BF6
:1098B000EA107E24FF005D217D520A5A9AFC9558D9
:1098C00090B3EB0BEA3090B3EF0BEA207E5400FF2D
:1098D0005D529AFC9558AA90AC211BEA00791E00B3
:1098E0000290AC1F1BEA2090AC1D1BEA3090AC1D0F
:1098F0000BEA3090AC1F0BEA107E24FF005D217D47
:10990000520A5A9AFC955890AC1D0BEA3090AC1F45
:109910000BEA207E5400FF5D529AFC955890AC1DD6
:109920000BEA3090AC21691E00020BEA000B0A1012
:109930007E24FF005D217D520A5A9AFC955890AC16
:109940001D0BEA3090AC21691E00020BEA000B0AE5
:10995000200B15791E00021BEA007E5400FF5D52A9
:109960009AFC9558AA90B7F81BEA3090B7F80BEA22
:1099700030E49AFC95EFAA90AF1F1BEA00791E0015
:109980000290AF1D1BEA30802E90AF1D0BEA30E431
:109990009AFC95EF90AF1F693E00020BEA207A1BFC
:1099A000B090AF1F693E00020BEA200B3490AF1F4E
:1099B000793E00021BEA2090AF23693E00020BEAC9
:1099C000207E2800017F019F02791E00021BEA0011
:1099D0004D2378B5AA90B6581BEA306D3390B65A2D
:1099E0001BEA3090B6580BEA30E49AFC95EF0A3B3C
:1099F00090B65A1BEA3090B6580BEA30E49AFC95C0
:109A0000EF0A2B90B65A0BEA307C676C774D329098
:109A1000B65A1BEA3090B65A0BEA30AA90AF291B0F
:109A2000EA00791E000290AF271BEA30805A90AFFF
:109A3000270BEA30E49AFC95EF0A1B90AF29693EA8
:109A400000020BEA201B1A1090AF270BEA30E49AB1
:109A5000FC95EF0A0B90AF29693E00020BEA200B40
:109A60001A107C236C334D1090AF29693E00020B15
:109A7000EA201B1A1090AF29693E00020BEA200B66
:109A800035793E00021BEA2090AF2D693E00020BA3
:109A9000EA207E2800017F019F02791E00021BEA56
:109AA000004D237889AA90B7A1F090B79F1BEA30A8
:109AB00090B79F0BEA3090B7A1E09AFC955890B709
:109AC0009F0BEA30E49AFC95EFAA90AE6F1BEA0078
:109AD000791E000290AE6EF090AE6C1BEA3090AE34
:109AE0006C0BEA3090AE6EE09AFC9558802E90AEEA
:109AF0006C0BEA30E49AFC95EF90AE6F693E000281
:109B00000BEA207A1BB090AE6F693E00020BEA2090
:109B10000B3490AE6F793E00021BEA2090AE736961
:109B20003E00020BEA207E2800017F019F02791E81
:109B300000021BEA004D2378B5AA90B3F31BEA207C
:109B400090B3F11BEA306D3390B3F51BEA3090B35C
:109B5000F10BEA3090B3F30BEA107E24FF005D2195
:109B60007D520A5A9AFC955890B3F10BEA3090B3A3
:109B7000F30BEA207E5400FF5D529AFC955890B397
:109B8000F10BEA30E49AFC95EF0A3B90B3F51BEA3F
:109B90003090B3F10BEA30E49AFC95EF0A2B90B3C6
:109BA000F50BEA307C676C774D3290B3F51BEA30E9
:109BB00090B3F50BEA30AA90AC2D1BEA00791E0099
:109BC0000290AC2B1BEA2090AC291BEA3090AC2908
:109BD0000BEA3090AC2B0BEA107E24FF005D217D58
:109BE000520A5A9AFC955890AC290BEA3090AC2B4B
:109BF0000BEA207E5400FF5D529AFC9558805A90E3
:109C0000AC290BEA30E49AFC95EF0A1B90AC2D6965
:109C10003E00020BEA201B1A1090AC290BEA30E43C
:109C20009AFC95EF0A0B90AC2D693E00020BEA20DE
:109C30000B1A107C236C334D1090AC2D693E000242
:109C40000BEA201B1A1090AC2D693E00020BEA2093
:109C50000B35793E00021BEA2090AC31693E0002D0
:109C60000BEA207E2800017F019F02791E00021B63
:109C7000EA004D237889AA90AA2F1BEA00791E00DA
:109C80000290AA2D1BEA30807390AA33693E00022D
:109C90000BEA204D23684590AA2D0BEA3090AA2F9D
:109CA000691E00020BEA007E0BB00B14791E000245
:109CB0001BEA009AFC95EF90AA33693E00020BEA7A
:109CC000207A1BB090AA33693E00020BEA200B34C5
:109CD00090AA33793E00021BEA20802090AA2D0B27
:109CE000EA3090AA2F691E00020BEA007E0BB00B2F
:109CF00014791E00021BEA009AFC955890AA376955
:109D00003E00020BEA207E2800017F019F02791E9F
:109D100000021BEA004D236803029C89AA90AA3D19
:109D20001BEA00791E000290AA3B1BEA30029E103B
:109D300090AA41693E00020BEA204D237803029D60
:109D4000BF90AA3B0BEA3090AA3D691E00020BEAC5
:109D5000000B0A107E24FF005D217D520A5A9AFCF6
:109D600095EF0A1B90AA41693E00020BEA201B1ADC
:109D70001090AA3B0BEA3090AA3D691E00020BEA44
:109D8000000B0A509AFC95EF0A0B90AA41693E001D
:109D9000020BEA200B1A107C236C334D1090AA4161
:109DA000693E00020BEA201B1A1090AA41693E008E
:109DB000020BEA200B35793E00021BEA20803E9020
:109DC000AA3B0BEA3090AA3D691E00020BEA000B89
:109DD0000A107E24FF005D217D520A5A9AFC955894
:109DE00090AA3B0BEA3090AA3D691E00020BEA00E4
:109DF0000B0A207E5400FF5D529AFC955890AA3DB4
:109E0000693E00020BEA200B35793E00021BEA2076
:109E100090AA45693E00020BEA207E2800017F01DE
:109E20009F02791E00021BEA004D236803029D3049
:109E3000AA90A5111BEA00791E000290A50F1BEA4B
:109E40002090A50D1BEA309F1190A51D793E0002C0
:109E50001BEA2090A5170BEA307E24FF005D2390BB
:109E6000A5150BEA107E34FF005D31BD326811E4A8
:109E70007E14B5CC7E0400FF7E3405459AFF69113F
:109E800090A5150BEA207E3400FF5D327E24000190
:109E900074017E1400109AFDC56490A5170BEA208A
:109EA0007E3400FF5D327E24000174017E140010B8
:109EB0009AFDC56490A5190BEA207E34FFFFBD23EF
:109EC000681690A5190BEA207E3400FF5D326D22E2
:109ED00074016D119AFDC56490A51B0BEA207E34B8
:109EE000FFFFBD23681990A51B0BEA207E3400FFFD
:109EF0005D327E240001E47E1400109AFDC564905A
:109F0000A511693E00020BEA20BE189680406490BD
:109F1000A5150BEA207E3400FF5D326D229AFDBE4E
:109F20006A90A5170BEA207E3400FF5D326D229AFD
:109F3000FDBE6A90A5190BEA207E34FFFFBD2368A1
:109F40001290A5190BEA207E3400FF5D326D229A33
:109F5000FDBE6A90A51B0BEA207E34FFFFBD23687F
:109F60001290A51B0BEA207E3400FF5D326D229A11
:109F7000FDBE6A90A50D0BEA301B34780302A037B2
:109F80001B34780302A17A0B35680302A2BA53A2EC
:109F9000F390A5150BEA307D231A247E3400035D6F
:109FA000321B3468141B3468151B3468162E3400B9
:109FB000037813E5A2F5A2800D43A204800843A212
:109FC00008800343A20CE4F5CE43CE9090A511691E
:109FD0001E00020BEA0090B5CC693E00020BEA209D
:109FE0009AFCFFE790A51D793E00021BEA2090A590
:109FF0001D693E00020BEA201E341E2450034E60F1
:10A00000807E0800012F017E34FE907E24007E7A3F
:10A010001B3090A50F0BEA301B35680D1B34680E02
:10A020000B35780D43CE04800843CE08800343CE21
:10A030000C43CE4002A2BA74FC7E14FD6C7E040078
:10A040007E7E0B705C7B7A0B7090A5150BEA307DE1
:10A05000231A247E3400035D321B34681E1B3468CF
:10A060002E1B34683E2E340003784A7E14FD6C7E2D
:10A0700004007E7E0B707A0B70803A74017E14FDB2
:10A080006C7E04007E7E0B704C7B7A0B7080267495
:10A09000027E14FD6C7E04007E7E0B704C7B7A0B7E
:10A0A00070801274037E14FD6C7E04007E7E0B7043
:10A0B0004C7B7A0B70E47E34F8007E24007E7A1BA1
:10A0C000B074907E14F8007E04007E7E0B704C7B92
:10A0D0007A0B7090A511691E00020BEA0090B5CCB6
:10A0E000693E00020BEA209AFCFFE790A51D793E2D
:10A0F00000021BEA2090A51D693E00020BEA201E0B
:10A10000341E2450034E60807E0800012F017E34EF
:10A11000F8087E24007E7A1B3090A50F0BEA301BD6
:10A1200035681C1B34682C0B35783A74047E14F89F
:10A13000007E04007E7E0B704C7B7A0B7080267450
:10A14000087E14F8007E04007E7E0B704C7B7A0B38
:10A15000708012740C7E14F8007E04007E7E0B70FA
:10A160004C7B7A0B7074407E14F8007E04007E7E77
:10A170000B704C7B7A0B7002A2BA74F37E14FD6CE8
:10A180007E04007E7E0B705C7B7A0B7090A5150BB5
:10A19000EA307D231A247E3400035D321B34681EAE
:10A1A0001B34682E1B34683E2E340003784A7E141C
:10A1B000FD6C7E04007E7E0B707A0B70803A740416
:10A1C0007E14FD6C7E04007E7E0B704C7B7A0B70DF
:10A1D000802674087E14FD6C7E04007E7E0B704C1D
:10A1E0007B7A0B708012740C7E14FD6C7E04007EF2
:10A1F0007E0B704C7B7A0B70E47E34F8207E24005A
:10A200007E7A1BB074907E14F8207E04007E7E0B54
:10A21000704C7B7A0B7090A511691E00020BEA004E
:10A2200090B5CC693E00020BEA209AFCFFE790A5AE
:10A230001D793E00021BEA2090A51D693E00020B1D
:10A24000EA201E341E2450034E60807E0800012F39
:10A25000017E34F8287E24007E7A1B3090A50F0BF7
:10A26000EA301B35681C1B34682C0B35783A7404B3
:10A270007E14F8207E04007E7E0B704C7B7A0B707F
:10A28000802674087E14F8207E04007E7E0B704CBD
:10A290007B7A0B708012740C7E14F8207E04007E92
:10A2A0007E0B704C7B7A0B7074407E14F8207E0419
:10A2B000007E7E0B704C7B7A0B70AA90B1331BEA48
:10A2C00000791E000290B12F1BEA20793E00028027
:10A2D0006A90B133691E00020BEA0090B12F693E0B
:10A2E00000020BEA20BF10281D90B133691E000246
:10A2F0000BEA0090B12F693E00020BEA209F107913
:10A300003E00021BEA2090B133691E00020BEA00F6
:10A3100090B12F693E00020BEA20BF10501D90B192
:10A320002F691E00020BEA0090B133693E00020B58
:10A33000EA209F10793E00021BEA2090B133691E8B
:10A3400000020BEA0090B12F693E00020BEA20BF29
:10A3500010680302A2D190B12F693E00020BEA20DF
:10A36000AA90B5D41BEA20793E000290B5D4693E8C
:10A3700000020BEA207E2800017F019F02791E0067
:10A38000021BEA004D2378E3AA90AF951BEA0079FF
:10A390001E0002E490AF99F09F1190AF9A793E00B1
:10A3A000021BEA2090AF95693E00020BEA204D2384
:10A3B000680474018001E47E14BE1D7E0400FF7EEB
:10A3C0003400589AFF691190AF95693E00020BEA7C
:10A3D000204D23780302A4C190AF95693E00020B83
:10A3E000EA207E1BB0BEB02D781B740190AF99F0AF
:10A3F00090AF95693E00020BEA200B34793E0002D3
:10A400001BEA20802590AF95693E00020BEA207E72
:10A410001BB0BEB02B781390AF95693E00020BEADB
:10A42000200B34793E00021BEA2080487E14000A8B
:10A4300090AF9A693E00020BEA209AFEBEC790AF29
:10A4400095691E00020BEA007E0B300A136D007E38
:10A450002800309F022F1090AF9A793E00021BEA2D
:10A460002090AF95693E00020BEA200B34793E0044
:10A47000021BEA2090AF95693E00020BEA207E1B8A
:10A48000A07430BCAB481390AF95693E00020BEA54
:10A49000207E1BA07439BCAB089290AF99E0BEB08F
:10A4A00000681E90AF9A693E00020BEA206E34FFEE
:10A4B000FF6E24FFFF0B1C90AF9A793E00021BEA4F
:10A4C0002090AF9A693E00020BEA20AA90A1BB1B24
:10A4D000EA20793E000290A1B71BEA00791E000233
:10A4E000E490A1CFF09F1190A1D0793E00021BEA29
:10A4F0002090A1B7693E00020BEA204D2368047446
:10A50000018001E47E14BE1D7E0400FF7E340085C0
:10A510009AFF691190A1B7693E00020BEA204D2312
:10A52000780302A68490A1BB693E00020BEA20BE1C
:10A530001800005845742D90A1B7693E00020BEA3F
:10A54000207A1BB090A1B7693E00020BEA200B34C1
:10A5500090A1B7793E00021BEA2090A1BB693E00A2
:10A56000020BEA206E34FFFF6E24FFFF0B1C90A14C
:10A57000BB793E00021BEA20802090A1BB693E000F
:10A58000020BEA204D237812743090A1B7693E0087
:10A59000020BEA207A1BB002A68402A61C7E0800E9
:10A5A0000A90A1BB693E00020BEA209AFCFFF190E1
:10A5B000A1D0791E00021BEA0090A1D0693E0002E2
:10A5C0000BEA20BE180000480E90A1D0695E000280
:10A5D0000BEA407CAB801090A1D0693E00020BEAF0
:10A5E000209F229F217CAB90A1CF7EEB7074012C29
:10A5F000B7F00A277E34A1BF2D327A71827A618347
:10A600007AEBA07E08000A90A1BB693E00020BEA2B
:10A61000209AFCFFF1793E00021BEA2090A1BB6961
:10A620003E00020BEA204D23680302A59D804C905A
:10A63000A1CFE00A2B7E34A1BE2D327A71827A61DD
:10A6400083E00A0B7E1400302D1090A1B7693E0004
:10A65000020BEA207A1B3090A1B7693E00020BEA98
:10A66000200B3490A1B7793E00021BEA2090A1CFC5
:10A670007EEBA07E70017CBA9CB7F090A1CFE0BECB
:10A68000B00078ABAA90B1371BEA00791E00029F98
:10A690001190B13B793E00021BEA2090B137693E30
:10A6A00000020BEA204D23680474018001E47E144B
:10A6B000BE1D7E0400FF7E3400B09AFF691190B188
:10A6C00037693E00020BEA204D23687080487E14F3
:10A6D000000A90B13B693E00020BEA209AFEBEC719
:10A6E00090B137691E00020BEA007E0B300A136D31
:10A6F000007E2800309F022F1090B13B793E00026F
:10A700001BEA2090B137693E00020BEA200B347936
:10A710003E00021BEA2090B137693E00020BEA209E
:10A720007E1BA07430BCAB481390B137693E000269
:10A730000BEA207E1BA07439BCAB089290B13B6938
:10A740003E00020BEA20AA90A2B41BEA20793E0048
:10A750000290A2B01BEA00791E0002E490A2C8F0A9
:10A7600090A2B0693E00020BEA204D2368047401F8
:10A770008001E47E14BE1D7E0400FF7E3400D09A6A
:10A78000FF691190A2B0693E00020BEA204D2378C8
:10A790000302A86490A2B4693E00020BEA204D2394
:10A7A0007812743090A2B0693E00020BEA207A1B46
:10A7B000B002A86480497E14000A90A2B4693E00E9
:10A7C000020BEA209AFCFFEB7CA390A2C87EEB7000
:10A7D00074012CB7F00A277E34A2B82D327A718228
:10A7E0007A61837AEBA07E14000A90A2B4693E00DD
:10A7F000020BEA209AFCFFEB793E00021BEA209054
:10A80000A2B4693E00020BEA204D2378A9804C9047
:10A81000A2C8E00A2B7E34A2B72D327A71827A6107
:10A8200083E01A0B7E1400302D1090A2B0693E0018
:10A83000020BEA207A1B3090A2B0693E00020BEABC
:10A84000200B3490A2B0793E00021BEA2090A2C8EF
:10A850007EEBA07E70017CBA9CB7F090A2C8E0BEEF
:10A86000B00078ABAA90A75A1BEA00791E0002E458
:10A8700090A75EF09F1190A75F793E00021BEA202F
:10A880009F1190A763793E00021BEA206D337E245E
:10A890003F8090A767793E00021BEA2090A75A6983
:10A8A0003E00020BEA204D23680474018001E47E1F
:10A8B00014BE1D7E0400FF7E3400FA9AFF691190D9
:10A8C000A75A693E00020BEA204D23780302AADB57
:10A8D00090A75A693E00020BEA207E1BB0BEB02D45
:10A8E000781B740190A75EF090A75A693E00020B96
:10A8F000EA200B34793E00021BEA20802590A75AFB
:10A90000693E00020BEA207E1BB0BEB02B7813908C
:10A91000A75A693E00020BEA200B34793E00021B65
:10A92000EA2080566D117E04412090A75F693E00A9
:10A93000020BEA209AFEB67A7F7190A75A693E0010
:10A94000020BEA207E1B700A277E3400309D237C98
:10A95000B49AFEB7F47F017F179AFEB5C290A75F45
:10A96000793E00021BEA2090A75A693E00020BEADA
:10A97000200B34793E00021BEA2090A75A693E0062
:10A98000020BEA207E1BA07430BCAB481390A75A80
:10A99000693E00020BEA207E1BA07439BCAB088420
:10A9A00090A75A693E00020BEA207E1BB0BEB02E73
:10A9B000680302AA9B90A75A693E00020BEA200B8B
:10A9C00034793E00021BEA2080716D117E04412023
:10A9D00090A763693E00020BEA209AFEB67A7F7167
:10A9E00090A75A693E00020BEA207E1B700A277E60
:10A9F0003400309D237CB49AFEB7F47F017F179A10
:10AA0000FEB5C290A763793E00021BEA206D117E5D
:10AA100004412090A767693E00020BEA209AFEB627
:10AA20007A793E00021BEA2090A75A693E00020B89
:10AA3000EA200B34793E00021BEA2090A75A693EB7
:10AA400000020BEA207E1BA07430BCAB482E90A7FE
:10AA50005A693E00020BEA207E1BA07439BCAB1879
:10AA60001B7E1424007E04497490A767693E00028F
:10AA70000BEA209AFEB79B500302A9CA90A7676908
:10AA80001E00020BEA0090A763693E00020BEA2059
:10AA90009AFEB71A793E00021BEA2090A763691E4E
:10AAA00000020BEA0090A75F693E00020BEA209AC1
:10AAB000FEB5C2793E00021BEA2090A75EE0BEB060
:10AAC00000681890A75F693E00020BEA209AFEB763
:10AAD000E190A75F793E00021BEA2090A75F693EE4
:10AAE00000020BEA20AA909C6FF0909C6B1BEA205E
:10AAF000793E0002909C671BEA00791E00026D33CC
:10AB0000909C701BEA306D33909C721BEA30909CD5
:10AB10006FE0909C90F0909C67693E00020BEA20E9
:10AB20004D23680474018001E47E14BE1D7E040080
:10AB3000FF7E3401399AFF6911909C67693E0002DB
:10AB40000BEA204D23780302AEA0909C6B693E0077
:10AB5000020BEA209AFEB82C909C701BEA30909C65
:10AB60006B691E00020BEA009F119AFEB79B282713
:10AB7000742D909C67693E00020BEA207A1BB0900E
:10AB80009C67693E00020BEA200B34909C67793E7B
:10AB900000021BEA20806A909C6B693E00020BEA6F
:10ABA000204D23785C7430909C67693E00020BEA6C
:10ABB000207A1BB0909C67693E00020BEA200B34A0
:10ABC000909C67793E00021BEA20742E909C676976
:10ABD0003E00020BEA207A1BB0909C67693E00029F
:10ABE0000BEA200B34909C67793E00021BEA20742C
:10ABF00030909C67693E00020BEA207A1BB002AEDF
:10AC0000A0909C700BEA207CB49AFEB7F47F019070
:10AC10009C6B693E00020BEA209AFEB5BF909C6BCC
:10AC2000793E00021BEA20801E6D117E04412090B7
:10AC30009C6B693E00020BEA209AFEB67A909C6BF0
:10AC4000793E00021BEA20909C907EEBA07E700172
:10AC50007CBA9CB7F0BEA00078CF909C6B693E0098
:10AC6000020BEA209AFEB82C909C721BEA30E4900A
:10AC70009C90F0909C700BEA307E24000A9AFCFFB6
:10AC8000F5909C907EEB7074012CB7F07402ACB719
:10AC90007E349C742D357A71827A61831BEA207E22
:10ACA00024000A909C700BEA309AFCFFF51BEA30F6
:10ACB0006D22909C700BEA30BD3278B702AD4D6DBD
:10ACC00022909C907EEB707402ACB77E349C722D07
:10ACD000357A71827A61830BEA30BD32481B909CD1
:10ACE000907EEB707402ACB77E349C722D357A7115
:10ACF000827A61830BEA00801D909C907EEB7074D9
:10AD000002ACB77E349C722D357A71827A61830BE6
:10AD1000EA306D009D037E1400302D10909C676911
:10AD20003E00020BEA207A1B30909C67693E0002CD
:10AD30000BEA200B34909C67793E00021BEA2090BE
:10AD40009C907EEBA07E70017CBA9CB7F0909C90AA
:10AD5000E0BEB000680302ACBF909C6FE0BEB000E4
:10AD6000780302AEA0E4909C90F0742E909C6769EA
:10AD70003E00020BEA207A1BB0909C67693E0002FD
:10AD80000BEA200B34909C67793E00021BEA206D91
:10AD900022909C720BEA30BD3278127430909C671E
:10ADA000693E00020BEA207A1BB002AEA0804B90F5
:10ADB0009C720BEA307E24000A9AFCFFF5909C906E
:10ADC0007EEB7074012CB7F07402ACB77E349C84B7
:10ADD0002D357A71827A61831BEA207E24000A90E5
:10ADE0009C720BEA309AFCFFF51BEA30909C6F7E58
:10ADF000EBA07E70017CBA9CB7F0909C6FE0BEB077
:10AE00000078AC02AE946D22909C907EEB70740240
:10AE1000ACB77E349C822D357A71827A61830BEADD
:10AE200030BD32481B909C907EEB707402ACB77EB4
:10AE3000349C822D357A71827A61830BEA00801D01
:10AE4000909C907EEB707402ACB77E349C822D3562
:10AE50007A71827A61830BEA306D009D037E140063
:10AE6000302D10909C67693E00020BEA207A1B305F
:10AE7000909C67693E00020BEA200B34909C677936
:10AE80003E00021BEA20909C907EEBA07E70017C2D
:10AE9000BA9CB7F0909C90E0BEB000680302AE068A
:10AEA000AA90A76B1BEA00791E0002E490A76FF03E
:10AEB0009F1190A770793E00021BEA209F1190A776
:10AEC00074793E00021BEA206D337E243F8090A7F8
:10AED00078793E00021BEA2090A76B693E00020BC6
:10AEE000EA204D23680474018001E47E14BE1D7EB7
:10AEF0000400FF7E34018E9AFF691190A76B693EB2
:10AF000000020BEA204D23780302B11790A76B696A
:10AF10003E00020BEA207E1BB0BEB02D781B7401F0
:10AF200090A76FF090A76B693E00020BEA200B34EC
:10AF3000793E00021BEA20802590A76B693E000243
:10AF40000BEA207E1BB0BEB02B781390A76B693E36
:10AF500000020BEA200B34793E00021BEA208056E7
:10AF60006D117E04412090A770693E00020BEA201B
:10AF70009AFEB67A7F7190A76B693E00020BEA20B9
:10AF80007E1B700A277E3400309D237CB49AFEB766
:10AF9000F47F017F179AFEB5C290A770793E000238
:10AFA0001BEA2090A76B693E00020BEA200B347964
:10AFB0003E00021BEA2090A76B693E00020BEA20CC
:10AFC0007E1BA07430BCAB481390A76B693E000297
:10AFD0000BEA207E1BA07439BCAB088490A76B6978
:10AFE0003E00020BEA207E1BB0BEB02E680302B00A
:10AFF000D790A76B693E00020BEA200B34793E0024
:10B00000021BEA2080716D117E04412090A77469B3
:10B010003E00020BEA209AFEB67A7F7190A76B6918
:10B020003E00020BEA207E1B700A277E3400309D12
:10B03000237CB49AFEB7F47F017F179AFEB5C290C5
:10B04000A774793E00021BEA206D117E0441209016
:10B05000A778693E00020BEA209AFEB67A793E0094
:10B06000021BEA2090A76B693E00020BEA200B341A
:10B07000793E00021BEA2090A76B693E00020BEAB2
:10B08000207E1BA07430BCAB482E90A76B693E009D
:10B09000020BEA207E1BA07439BCAB181B7E146B1C
:10B0A000287E044E6E90A778693E00020BEA209A33
:10B0B000FEB79B500302B00690A778691E00020BF2
:10B0C000EA0090A774693E00020BEA209AFEB71AC4
:10B0D000793E00021BEA2090A774691E00020BEA69
:10B0E0000090A770693E00020BEA209AFEB5C27973
:10B0F0003E00021BEA2090A76FE0BEB000681890E7
:10B10000A770693E00020BEA209AFEB7E190A77093
:10B11000793E00021BEA2090A770693E00020BEA0C
:10B1200020AA90983CF09098381BEA20793E0002C3
:10B130009098341BEA00791E00026D3390983D1BF5
:10B14000EA306D3390983F1BEA3090983CE090983D
:10B150006BF0909834693E00020BEA204D2368049E
:10B1600074018001E47E14BE1D7E0400FF7E340164
:10B17000CE9AFF6911909834693E00020BEA204D87
:10B1800023780302B4DC909838693E00020BEA2071
:10B190009AFEB82C90983D1BEA30909838691E00B2
:10B1A000020BEA009F119AFEB79B2827742D9098F6
:10B1B00034693E00020BEA207A1BB0909834693E55
:10B1C00000020BEA200B34909834793E00021BEA0F
:10B1D00020806A909838693E00020BEA204D23785F
:10B1E0005C7430909834693E00020BEA207A1BB000
:10B1F000909834693E00020BEA200B349098347921
:10B200003E00021BEA20742E909834693E00020B27
:10B21000EA207A1BB0909834693E00020BEA200BBA
:10B2200034909834793E00021BEA207430909834B0
:10B23000693E00020BEA207A1BB002B4DC90983D14
:10B240000BEA207CB49AFEB7F47F01909838693EEF
:10B2500000020BEA209AFEB5BF909838793E0002B2
:10B260001BEA20801E6D117E044120909838693EB3
:10B2700000020BEA209AFEB67A909838793E0002D6
:10B280001BEA2090986B7EEBA07E70017CBA9CB785
:10B29000F0BEA00078CF909838693E00020BEA20FB
:10B2A0009AFEB82C90983F1BEA30E490986BF0908F
:10B2B000983D0BEA307E24000A9AFCFFF590986BCB
:10B2C0007EEB7074012CB7F07402ACB77E349841F9
:10B2D0002D357A71827A61831BEA207E24000A90E0
:10B2E000983D0BEA309AFCFFF51BEA306D229098EE
:10B2F0003D0BEA30BD3278B702B3896D2290986B6E
:10B300007EEB707402ACB77E34983F2D357A718233
:10B310007A61830BEA30BD32481B90986B7EEB70EC
:10B320007402ACB77E34983F2D357A71827A61838E
:10B330000BEA00801D90986B7EEB707402ACB77EB8
:10B3400034983F2D357A71827A61830BEA306D0033
:10B350009D037E1400302D10909834693E00020B3E
:10B36000EA207A1B30909834693E00020BEA200BE9
:10B3700034909834793E00021BEA2090986B7EEB63
:10B38000A07E70017CBA9CB7F090986BE0BEB000D4
:10B39000680302B2FB90983CE0BEB000780302B4B0
:10B3A000DCE490986BF0742E909834693E00020BA8
:10B3B000EA207A1BB0909834693E00020BEA200B19
:10B3C00034909834793E00021BEA206D2290983F19
:10B3D0000BEA30BD3278127430909834693E000226
:10B3E0000BEA207A1BB002B4DC804B90983F0BEA4A
:10B3F000307E24000A9AFCFFF590986B7EEB707407
:10B40000012CB7F07402ACB77E3498592D357A719F
:10B41000827A61831BEA207E24000A90983F0BEA1F
:10B42000309AFCFFF51BEA3090983C7EEBA07E70D2
:10B43000017CBA9CB7F090983CE0BEB00078AC02BA
:10B44000B4D06D2290986B7EEB707402ACB77E34F2
:10B4500098572D357A71827A61830BEA30BD324874
:10B460001B90986B7EEB707402ACB77E3498572DAE
:10B47000357A71827A61830BEA00801D90986B7E29
:10B48000EB707402ACB77E3498572D357A71827A9E
:10B4900061830BEA306D009D037E1400302D109007
:10B4A0009834693E00020BEA207A1B309098346988
:10B4B0003E00020BEA200B34909834793E00021BC8
:10B4C000EA2090986B7EEBA07E70017CBA9CB7F06E
:10B4D00090986BE0BEB000680302B442AA90A9CB7A
:10B4E0001BEA00791E000290A9CB691E00020BEA3C
:10B4F000009AFDFFEF6D2290A9CF793E00021BEA72
:10B50000209F1190A9D3793E00021BEA20E490A964
:10B51000D7F0E490A9D8F090A9CB693E00020BEADD
:10B52000204D23680474018001E47E14BE1D7E0456
:10B5300000FF7E3402219AFF691190A9CB693E0079
:10B54000020BEA204D23780302B6C090A9D8E0BED2
:10B55000B000780302B64E90A9CB693E00020BEA18
:10B56000207E1BA07461BCAB482F90A9CB693E0024
:10B57000020BEA207E1BA07466BCAB181C90A9CB02
:10B58000693E00020BEA207E1B701A577E4400576A
:10B590009D5490A9D7F002B61F90A9CB693E000236
:10B5A0000BEA207E1BA07441BCAB482E90A9CB694E
:10B5B0003E00020BEA207E1BA07446BCAB181B9019
:10B5C000A9CB693E00020BEA207E1B701A577E440D
:10B5D00000379D5490A9D7F0804590A9CB693E00D3
:10B5E000020BEA207E1BA07430BCAB580302B6C02D
:10B5F00090A9CB693E00020BEA207E1BA07439BCE7
:10B60000AB080302B6C090A9CB693E00020BEA204A
:10B610007E1B701A577E4400309D5490A9D7F0903D
:10B62000A9D3691E00020BEA0074042F001478FBF2
:10B6300090A9D77EEB70740F5C7B0A376D224D3179
:10B640004D2090A9D3793E00021BEA20803F90A9AB
:10B65000CB693E00020BEA207E1BB0BEB030782DD5
:10B6600090A9CB693E00020BEA200B347E1BB0BED2
:10B67000B078781990A9CB693E00020BEA200B3410
:10B68000793E00021BEA20740190A9D8F090A9CB62
:10B69000693E00020BEA200B34793E00021BEA20CF
:10B6A00090A9CF693E00020BEA207E2800017F01AD
:10B6B0009F02791E00021BEA004D23680302B53A7F
:10B6C00090A9D3693E00020BEA20AA909E751BEA5E
:10B6D00020793E0002909E711BEA00791E00027ED6
:10B6E00034BE4C7E2400FF7E149E797E04000174DB
:10B6F000109AFEBED0E4909E95F0909E71693E0037
:10B70000020BEA204D23680474018001E47E14BE1C
:10B710001D7E0400FF7E34025F9AFF691174309031
:10B720009E71693E00020BEA207A1BB0909E7169FF
:10B730003E00020BEA200B34909E71793E00021B02
:10B74000EA207478909E71693E00020BEA207A1B11
:10B75000B0909E71693E00020BEA200B34909E71FE
:10B76000793E00021BEA20909E71693E00020BEABE
:10B77000204D23780302B850909E75693E00020B5D
:10B78000EA204D2378127430909E71693E00020BBE
:10B79000EA207A1BB002B850804A909E75695E001C
:10B7A000020BEA407EA00F5CAB909E957EEB70741E
:10B7B000012CB7F00A277E349E892D327A71827A65
:10B7C00061837AEBA07404909E75693E00020BEAD7
:10B7D000201E341E2450034E60801478F4793E00FD
:10B7E000021BEA20909E75693E00020BEA204D2361
:10B7F00078A88053909E95E00A2B7E349E882D3247
:10B800007A71827A6183E01A2B7E349E792D327AA6
:10B8100071827A6183E0909E71693E00020BEA209A
:10B820007A1BB0909E71693E00020BEA200B3490A7
:10B830009E71793E00021BEA20909E957EEBA07ED1
:10B8400070017CBA9CB7F0909E95E0BEB00078A4E1
:10B85000AA90A49DF090A4991BEA00791E00029082
:10B86000A4951BEA20793E0002E490A4A7F0E4909E
:10B87000A4A8F090A49DE0BEB000780302B938906F
:10B88000A495693E00020BEA2090A49F793E000235
:10B890001BEA2090A49F693E00020BEA20BE18001C
:10B8A00000581E90A49F693E00020BEA206E34FFF0
:10B8B000FF6E24FFFF0B1C90A49F793E00021BEA41
:10B8C0002090A49EE00A1B6D0090A49F693E000298
:10B8D0000BEA209AFCFFF17E1800302F0190A4990A
:10B8E000693E00020BEA207A1B3090A49EE00A1BFE
:10B8F0006D0090A49F693E00020BEA209AFCFFF1C4
:10B90000793E00021BEA2090A4A87EEBA074012CD3
:10B91000BAF090A49F693E00020BEA204D236815FF
:10B9200090A499693E00020BEA200B34793E000294
:10B930001BEA20808C02B9E790A495693E00020BB7
:10B94000EA2090A4A3793E00021BEA2090A49EE086
:10B950000A1B6D0090A4A3693E00020BEA209AFC2A
:10B96000FFE77CB390A4A7F090A4A77EEBA0740A95
:10B97000BCAB400C7EA03790A4A7E02CBAF0800AA4
:10B980007EA03090A4A7E02CBAF090A4A7E090A4E9
:10B9900099693E00020BEA207A1BB090A49EE00A4F
:10B9A0001B6D0090A4A3693E00020BEA209AFCFFE5
:10B9B000E7793E00021BEA2090A4A87EEBA0740168
:10B9C0002CBAF090A4A3693E00020BEA204D236834
:10B9D0001690A499693E00020BEA200B34793E00D0
:10B9E000021BEA2002B94C90A4A8E02290AAD91B1D
:10B9F000EA20793E000290AAD51BEA00791E0002D7
:10BA00009F1190AADD793E00021BEA2002BABE7E99
:10BA100008000190AAD9693E00020BEA209F10900D
:10BA2000AADD691E00020BEA009F107D1390AAD5C3
:10BA3000693E00020BEA202D317E1BB090AAE1F096
:10BA400090AADD693E00020BEA207D1390AAD56919
:10BA50003E00020BEA202D317E1B307E2800019033
:10BA6000AAD9693E00020BEA209F1290AADD695E06
:10BA700000020BEA409F127D0390AAD5693E0002A6
:10BA80000BEA202D307A1B3090AAE1E090AADD6904
:10BA90003E00020BEA207D1390AAD5693E00020BFE
:10BAA000EA202D317A1BB090AADD691E00020BEA54
:10BAB000007E1800012F10793E00021BEA2090AA98
:10BAC000D9693E00020BEA207F011E141E045003B8
:10BAD0004E208090AADD693E00020BEA20BF0128BB
:10BAE0000302BA0F229093B01BEA20793E00029025
:10BAF00093AC1BEA00791E00027E34BE5C7E2400FB
:10BB0000FF7E1493ED7E04000174119AFEBED09F57
:10BB1000119093BC793E00021BEA209093AC693EE1
:10BB200000020BEA209093C0793E00021BEA2090AD
:10BB300093AC693E00020BEA204D23681C9093B43D
:10BB4000693E00020BEA204D23680E9093B0693ED7
:10BB500000020BEA204D2378059F1102C1CD02C1DE
:10BB6000829093B4693E00020BEA207E1BB0BEB007
:10BB70002568539093B4693E00020BEA207E1B3087
:10BB80000B34793E00021BEA209093C0693E00020C
:10BB90000BEA207A1B309093C0693E00020BEA202A
:10BBA0000B349093C0793E00021BEA209093BC694D
:10BBB0001E00020BEA007E1800012F10793E0002E1
:10BBC0001BEA2002C1829093B4693E00020BEA2076
:10BBD0000B34793E00021BEA209093B4693E0002C8
:10BBE0000BEA207E1BB0249D780302BEEC24F07883
:10BBF0000302BE1924FB780302BF49241468030220
:10BC0000C1289093B8693E00020BEA201B35793EAB
:10BC100000021BEA209093B8693E00020BEA200B59
:10BC20001A309093C61BEA306D339093D81BEA30DC
:10BC30006D339093DA1BEA306D229093C60BEA3095
:10BC4000BD32581C7E3400019093DA1BEA30909389
:10BC5000C60BEA306E34FFFF0B349093C61BEA30FC
:10BC60009093C60BEA307E24000A9AFCFFF57E54BE
:10BC700000302D529093D80BEA207E3400012D32F3
:10BC80001BEA307E3493C82D327A71827A6183F058
:10BC90007E24000A9093C60BEA309AFCFFF51BEA5B
:10BCA000306D229093C60BEA30BD32080E9093D8C7
:10BCB0000BEA207E34000FBD2348A59093DA0BEAEF
:10BCC000206D33BD23681E742D9093D80BEA207E1F
:10BCD0003400012D321BEA307E3493C82D327A7144
:10BCE000827A6183F06D339093C41BEA3080739045
:10BCF00093C40BEA207E3493C82D327A71827A6124
:10BD000083E09093FEF09093C40BEA309093D80BAD
:10BD1000EA209D237E3493C72D327A71827A618323
:10BD2000E09093C40BEA207E3493C82D327A71825E
:10BD30007A6183F09093FEE09093C40BEA30909385
:10BD4000D80BEA209D237E3493C72D327A71827AF4
:10BD50006183F09093C40BEA207E3400012D321BE6
:10BD6000EA309093D80BEA307E2400029AFCFFF56B
:10BD70007D239093C40BEA30BD32580302BCEF6DB3
:10BD8000339093C41BEA30805C9093C40BEA207E0E
:10BD90003493C82D327A71827A6183E09093C069BE
:10BDA0003E00020BEA207A1BB09093C0693E00026D
:10BDB0000BEA200B349093C0793E00021BEA2090DE
:10BDC00093BC691E00020BEA007E1800012F107957
:10BDD0003E00021BEA209093C40BEA207E3400014F
:10BDE0002D321BEA309093D80BEA209093C40BEAD3
:10BDF00030BD3258217E1800019093B0691E0002B8
:10BE00000BEA009F019093BC693E00020BEA20BF41
:10BE100010500302BD8902C16F9093B8693E0002C1
:10BE20000BEA201B36793E00021BEA209093B8698A
:10BE30001E00020BEA00693000020B0A209093DC1E
:10BE4000793E00021BEA209093DC693E00020BEA77
:10BE5000204D2378127E34BE167E2400FF9093DCA2
:10BE6000793E00021BEA2080509093DC693E00027C
:10BE70000BEA207E1B300B34793E00021BEA209037
:10BE800093C0693E00020BEA207A1B309093C06990
:10BE90003E00020BEA200B349093C0793E00021B57
:10BEA000EA209093BC691E00020BEA007E18000194
:10BEB0002F10793E00021BEA209093DC693E0002BD
:10BEC0000BEA207E1BB0BEB000681E7E18000190F9
:10BED00093B0691E00020BEA009F019093BC693E7B
:10BEE00000020BEA20BF10408002C16F9093B86936
:10BEF0003E00020BEA201B35793E00021BEA20902F
:10BF000093B8693E00020BEA200B1A109093C069A7
:10BF10003E00020BEA207A1B309093C0693E00027B
:10BF20000BEA200B349093C0793E00021BEA20906C
:10BF300093BC691E00020BEA007E1800012F1079E5
:10BF40003E00021BEA2002C16F9093B8693E0002D6
:10BF50000BEA201B36793E00021BEA209093B86959
:10BF60001E00020BEA00693000020B0A209093E0E9
:10BF7000793E00021BEA206D339093D81BEA309083
:10BF800093E0693E00020BEA207E24000F5D237ED1
:10BF90003493ED2D327A71827A6183E09093D80BDD
:10BFA000EA207E3400012D321BEA307E3493E42DEA
:10BFB000327A71827A6183F074049093E0693E0072
:10BFC000020BEA201E341E2450034E60801478F4C5
:10BFD000793E00021BEA209093E0693E00020BEAE2
:10BFE00020BE180000280E9093D80BEA207E340063
:10BFF00008BD23488A6D339093C41BEA3080739048
:10C0000093C40BEA207E3493E42D327A71827A61F4
:10C0100083E09093FEF09093C40BEA309093D80B9A
:10C02000EA209D237E3493E32D327A71827A6183F4
:10C03000E09093C40BEA207E3493E42D327A71822F
:10C040007A6183F09093FEE09093C40BEA30909372
:10C05000D80BEA209D237E3493E32D327A71827AC5
:10C060006183F09093C40BEA207E3400012D321BD3
:10C07000EA309093D80BEA307E2400029AFCFFF558
:10C080007D239093C40BEA30BD32580302BFFF6D8D
:10C09000339093C41BEA30805C9093C40BEA207EFB
:10C0A0003493E42D327A71827A6183E09093C0698F
:10C0B0003E00020BEA207A1BB09093C0693E00025A
:10C0C0000BEA200B349093C0793E00021BEA2090CB
:10C0D00093BC691E00020BEA007E1800012F107944
:10C0E0003E00021BEA209093C40BEA207E3400013C
:10C0F0002D321BEA309093D80BEA209093C40BEAC0
:10C1000030BD3258217E1800019093B0691E0002A4
:10C110000BEA009F019093BC693E00020BEA20BF2E
:10C1200010500302C09980479093B4693E00020BFF
:10C13000EA207E1B309093C0693E00020BEA207A11
:10C140001B309093C0693E00020BEA200B349093A1
:10C15000C0793E00021BEA209093BC691E00020BCE
:10C16000EA007E1800012F10793E00021BEA2090A1
:10C1700093B4693E00020BEA200B34793E00021BA7
:10C18000EA209093B4693E00020BEA207E1BB0BE09
:10C19000B00068217E1800019093B0691E00020B68
:10C1A000EA009F019093BC693E00020BEA20BF1099
:10C1B000500302BB61E49093C0693E00020BEA2089
:10C1C0007A1BB09093BC693E00020BEA20AA9092C1
:10C1D0006F1BEA20793E000290926B1BEA00791EE9
:10C1E00000029F11909273793E00021BEA207E3478
:10C1F000926B7E240001909277793E00021BEA2028
:10C2000002CADB90926F693E00020BEA207E1BB0EF
:10C2100090927BF090927BE0BEB025680302CA84C6
:10C2200090926F693E00020BEA200B34793E0002C7
:10C230001BEA207E1BB024DBBEB054400302CAC8F8
:10C240007EA003A490C2487302CA4902CAC802CAA7
:10C25000C802CAC802CAC802CAC802CAC802CAC832
:10C2600002CAC802CAC802CAC802CAC802CAC802E8
:10C27000CAC802CAC802CAC802CAC802CAC802CA10
:10C28000C802CAC802CAC802CAC802CAC802CAC802
:10C2900002CAC802CAC802CAC802CAC802CAC802B8
:10C2A000CAC802CAC802CAC802CAC802C49902CA15
:10C2B000C802CAC802CAC802CAC802CAC802CAC8D2
:10C2C00002CAC802CAC802CAC802CAC802CAC80288
:10C2D000CAC802CAC802CAC802CAC802CAC802CAB0
:10C2E000C802C84F02CAC802CAC802CAC802CAC81D
:10C2F00002CAC802CAC802CAC802CAC802CAC80258
:10C30000CAC802C34702C3AD02CAC802C49902CA5E
:10C31000C802CAC802C3AD02CAC802CAC802CAC893
:10C3200002CAC802CAC802C79702C9A302CAC80281
:10C33000CAC802C90702CAC802C6DF02CAC802CAFE
:10C34000C802C84F02CAC8909277693E00020BEA41
:10C35000201B36793E00021BEA20909277693E004E
:10C36000020BEA20695100020B1A4090927CF09077
:10C37000927CE090926B693E00020BEA207A1BB03F
:10C3800090926B693E00020BEA200B34793E00026A
:10C390001BEA20909273691E00020BEA007E1800CF
:10C3A000012F10793E00021BEA2002CAC890927742
:10C3B000693E00020BEA201B36793E00021BEA2090
:10C3C000909277691E00020BEA00693000020B0AA6
:10C3D0002090929D793E00021BEA20740A90A49E50
:10C3E000F090929D693E00020BEA207E14927C7EC2
:10C3F000040001740112B8519092A1F090929D69CD
:10C400003E00020BEA20BE18000058237EA02D90AB
:10C4100092A1E00A2B7E34927C2D327A71827A616D
:10C42000837AEBA09092A17EEBA074012CBAF07EEF
:10C4300014927C7E0400019092A1E00A3B6D2212CE
:10C44000B9EC9092A1E00A3BCA397E34927C7E24FA
:10C45000000190926B691E00020BEA009AFF7B3F7D
:10C460001BFD9092A1E00A1B90926B693E00020BAB
:10C47000EA202D31793E00021BEA209092A1E00AC9
:10C480001B6D00909273693E00020BEA202F107919
:10C490003E00021BEA2002CAC8909277693E000261
:10C4A0000BEA201B36793E00021BEA209092776946
:10C4B0001E00020BEA00693000020B0A2090929DD8
:10C4C000793E00021BEA20740A90A49EF090929D8F
:10C4D000693E00020BEA209AFEB82C7E14927C7E04
:10C4E000040001740112B8519092A1F090929D69DC
:10C4F0001E00020BEA009F119AFEB79B28237EA024
:10C500002D9092A1E00A2B7E34927C2D327A71829A
:10C510007A61837AEBA09092A17EEBA074012CBA91
:10C52000F07E14927C7E0400019092A1E00A3B6DA3
:10C530002212B9EC9092A1E00A3BCA397E34927C77
:10C540007E24000190926B691E00020BEA009AFFA4
:10C550007B3F1BFD9092A1E00A1B90926B693E000D
:10C56000020BEA202D31793E00021BEA209092A1B5
:10C57000E00A1B6D00909273693E00020BEA202FC7
:10C5800010793E00021BEA2090929D693E00020B4A
:10C59000EA209AFEB82C7CB49AFEB7EF7F01909205
:10C5A0009D693E00020BEA209AFEB5BF7E1424006E
:10C5B0007E0449749AFEB67A90929D793E00021BE1
:10C5C000EA2090929D693E00020BEA204D236827E5
:10C5D000740A90A49EF090929D693E00020BEA209E
:10C5E0009AFEB82C7E14927C7E040001740112B86D
:10C5F000519092A1F0802A7430909281F074309022
:10C600009280F0743090927FF0743090927EF0744B
:10C610003090927DF0743090927CF074069092A1EC
:10C62000F080237EA0309092A1E00A2B7E34927C91
:10C630002D327A71827A61837AEBA09092A17EEB9F
:10C64000A074012CBAF09092A17EEBA07406BCAB52
:10C6500040D17EA02E9092A1E00A2B7E34927C2DB8
:10C66000327A71827A61837AEBA09092A17EEBA0FC
:10C6700074012CBAF07E14927C7E0400019092A189
:10C68000E00A3B6D2212B9EC9092A1E00A3BCA3954
:10C690007E34927C7E24000190926B691E00020B16
:10C6A000EA009AFF7B3F1BFD9092A1E00A1B90924B
:10C6B0006B693E00020BEA202D31793E00021BEA35
:10C6C000209092A1E00A1B6D00909273693E0002D7
:10C6D0000BEA202F10793E00021BEA2002CAC89004
:10C6E0009277693E00020BEA201B36793E00021B5E
:10C6F000EA20909277691E00020BEA00693000027E
:10C700000B0A2090929D793E00021BEA20740A9049
:10C71000A49EF090929D693E00020BEA207E149246
:10C720007C7E040001E412B8519092A1F07E149234
:10C730007C7E0400019092A1E00A3B6D2212B9ECCC
:10C740009092A1E00A3BCA397E34927C7E2400019B
:10C7500090926B691E00020BEA009AFF7B3F1BFD63
:10C760009092A1E00A1B90926B693E00020BEA20B6
:10C770002D31793E00021BEA209092A1E00A1B6D48
:10C7800000909273693E00020BEA202F10793E0060
:10C79000021BEA2002CAC8909277693E00020BEAA7
:10C7A000201B36793E00021BEA20909277691E001A
:10C7B000020BEA00693000020B0A2090929D793E3C
:10C7C00000021BEA20740890A49EF090929D693E9E
:10C7D00000020BEA207E14927C7E040001E412B871
:10C7E000519092A1F07E14927C7E0400019092A15F
:10C7F000E00A3B6D2212B9EC9092A1E00A3BCA39E3
:10C800007E34927C7E24000190926B691E00020BA4
:10C81000EA009AFF7B3F1BFD9092A1E00A1B9092D9
:10C820006B693E00020BEA202D31793E00021BEAC3
:10C83000209092A1E00A1B6D00909273693E000265
:10C840000BEA202F10793E00021BEA2002CAC89092
:10C850009277693E00020BEA201B36793E00021BEC
:10C86000EA20909277691E00020BEA00693000020C
:10C870000B0A2090929D793E00021BEA20741090D2
:10C88000A49EF090929D693E00020BEA207E1492D5
:10C890007C7E040001E412B8519092A1F07E1492C3
:10C8A0007C7E0400019092A1E00A3B6D2212B9EC5B
:10C8B0009092A1E00A3BCA397E34927C7E2400012A
:10C8C00090926B691E00020BEA009AFF7B3F1BFDF2
:10C8D0009092A1E00A1B90926B693E00020BEA2045
:10C8E0002D31793E00021BEA209092A1E00A1B6DD7
:10C8F00000909273693E00020BEA202F10793E00EF
:10C90000021BEA2002CAC8909277693E00020BEA35
:10C91000201B36793E00021BEA20909277691E00A8
:10C92000020BEA00693000020B0A2090927C793EEB
:10C9300000021BEA20805790927C693E00020BEABD
:10C94000207E1B3090926B693E00020BEA207A1B1E
:10C950003090926B693E00020BEA200B34793E0066
:10C96000021BEA20909273691E00020BEA007E18F7
:10C9700000012F10793E00021BEA2090927C693E54
:10C9800000020BEA200B34793E00021BEA20909251
:10C990007C693E00020BEA207E1BB0BEB000789797
:10C9A00002CAC8909277693E00020BEA201B3679D2
:10C9B0003E00021BEA20909277691E00020BEA00FB
:10C9C000693000020B0A2090929D793E00021BEA1A
:10C9D00020741090A49EF090929D693E00020BEA94
:10C9E000207E14927C7E040001E412B8517E1492E1
:10C9F0007C7E0400017E18000812B9EC7E34000829
:10CA0000CA397E34927C7E24000190926B691E00AC
:10CA1000020BEA009AFF7B3F1BFD90926B693E0080
:10CA2000020BEA202E340008793E00021BEA207E29
:10CA3000080008909273693E00020BEA202F1079DB
:10CA40003E00021BEA2002CAC8742590926B693E20
:10CA500000020BEA207A1BB090926B693E00020B39
:10CA6000EA200B34793E00021BEA20909273691E83
:10CA700000020BEA007E1800012F10793E00021B15
:10CA8000EA20804490926F693E00020BEA207E1BF0
:10CA90003090926B693E00020BEA207A1B30909234
:10CAA0006B693E00020BEA200B34793E00021BEA60
:10CAB00020909273691E00020BEA007E1800012F7D
:10CAC00010793E00021BEA2090926F693E00020B33
:10CAD000EA200B34793E00021BEA2090926F693EF7
:10CAE00000020BEA207E1BB0BEB000680302C20346
:10CAF000909273693E00020BEA20AA90B7FA1BEAF3
:10CB00003090B7FA0BEA207E340008BD2358047435
:10CB1000018001E42290B16F1BEA3090B16F0BEA03
:10CB2000007E14020BAD107E3459102D3190B1717E
:10CB30001BEA307E24020A90B1710BEA302D327A62
:10CB400071827A6183E0BEB000680302CFDB7E248D
:10CB5000020290B1710BEA302D327A71827A6183D0
:10CB60000BEA207E14020090B1710BEA302D317A6D
:10CB700071827A61830BEA30BD3278726D227E1445
:10CB8000020490B1710BEA302D317A71827A61839F
:10CB90001BEA206CAA6D2290B16F0BEA30BD3248BF
:10CBA0002B90B16F0BEA207E340003BD23181D903B
:10CBB000B16F0BEA101A021A0074042F001478FBEC
:10CBC0007E34FA317E24007E2F10801C90B16F0BD2
:10CBD000EA301A261A247E1400309AFEBEC77E144C
:10CBE000F6917E04007E2F107A1BA002CFDB7E24FC
:10CBF000020290B1710BEA302D327A71827A618330
:10CC00000BEA307E14020090B1710BEA202D217ADC
:10CC100051827A41830BEA209D237E3401FF5D32ED
:10CC200090B1731BEA307E24020290B1710BEA309E
:10CC30002D327A71827A61830BEA207E1402009091
:10CC4000B1710BEA302D317A71827A61830BEA304F
:10CC5000BD32280890B1730BEA30801B7E2402029B
:10CC600090B1710BEA302D327A71827A61830BEACE
:10CC7000207E3402009D3290B1751BEA306D229007
:10CC8000B1750BEA30BD32780302CFDB6CAA6D229E
:10CC900090B16F0BEA30BD32482B90B16F0BEA2098
:10CCA0007E340003BD23181D90B16F0BEA101A02E9
:10CCB0001A0074042F001478FB7E34FA317E2400AD
:10CCC0007E2F10801C90B16F0BEA301A261A247E3A
:10CCD0001400309AFEBEC77E14F6917E04007E2FAB
:10CCE000107A1BA06CAA6D2290B16F0BEA30BD3296
:10CCF000482B90B16F0BEA207E340003BD23181D32
:10CD000090B16F0BEA101A021A0074042F00147805
:10CD1000FB7E34FA327E24007E2F10801C90B16F8F
:10CD20000BEA301A261A247E1400309AFEBEC77E03
:10CD300014F6927E04007E2F107A1BA090B1750B22
:10CD4000EA407E5400019D457E5400FF5D547CAB5B
:10CD50006D2290B16F0BEA30BD32482B90B16F0B52
:10CD6000EA207E340003BD23181D90B16F0BEA103A
:10CD70001A021A0074042F001478FB7E34FA337EF2
:10CD800024007E2F10801C90B16F0BEA301A261AF7
:10CD9000247E1400309AFEBEC77E14F6957E0400F1
:10CDA0007E2F107A1BA090B1750BEA307E24000113
:10CDB0009D327D530A5A6D2290B16F0BEA30BD321D
:10CDC000482A90B16F0BEA207E340003BD23181C63
:10CDD00090B16F0BEA301A261A247F012F002F0022
:10CDE0007E34FA887E24007E2F10801C90B16F0B59
:10CDF000EA301A261A247E1400309AFEBEC77E142A
:10CE0000F6947E04007E2F107A1BB07E24020290DE
:10CE1000B1710BEA302D327A71827A61830BEA208C
:10CE200090B1710BEA302D327D530A5A7CAB6D22E2
:10CE300090B16F0BEA30BD32482B90B16F0BEA20F6
:10CE40007E340003BD23181D90B16F0BEA101A0247
:10CE50001A0074042F001478FB7E34FA357E240007
:10CE60007E2F10801C90B16F0BEA301A261A247E98
:10CE70001400309AFEBEC77E14F6987E04007E2F02
:10CE8000107A1BA07E24020290B1710BEA302D3281
:10CE90007A71827A61830BEA4090B1710BEA502D6E
:10CEA000547CAB6D2290B16F0BEA30BD32482B90B1
:10CEB000B16F0BEA207E340003BD23181D90B16FC3
:10CEC0000BEA101A021A0074042F001478FB7E3447
:10CED000FA367E24007E2F10801C90B16F0BEA3052
:10CEE0001A261A247E1400309AFEBEC77E14F699C4
:10CEF0007E04007E2F107A1BA07EA0806D2290B150
:10CF00006F0BEA30BD32482B90B16F0BEA207E34B4
:10CF10000003BD23181D90B16F0BEA101A021A000E
:10CF200074042F001478FB7E34FA307E24007E2FA8
:10CF300010801C90B16F0BEA301A261A247E140060
:10CF4000309AFEBEC77E14F6907E04007E2F107AC3
:10CF50001BA090B1750BEA207E14020490B1710BF6
:10CF6000EA302D317A71827A61831BEA2074017E66
:10CF700024020A90B1710BEA302D327A71827A6103
:10CF800083F07EA0C16D2290B16F0BEA30BD3248B4
:10CF90002B90B16F0BEA207E340003BD23181D9047
:10CFA000B16F0BEA101A021A0074042F001478FBF8
:10CFB0007E34FA317E24007E2F10801C90B16F0BDE
:10CFC000EA301A261A247E1400309AFEBEC77E1458
:10CFD000F6917E04007E2F107A1BA02290A4331BB2
:10CFE000EA2090A42F1BEA00791E000290A42D1BBA
:10CFF000EA306D3390A4371BEA3090A42D0BEA3051
:10D0000012CAFBBEB000681A90A42F693E00020B42
:10D01000EA204D23680C6D2290A4330BEA30BD3218
:10D0200078056D3302D1B9A2AFE43390A441F0C3C7
:10D03000C2AF90A42D0BEA007E14020BAD107E341B
:10D0400059102D3190A4351BEA307E24020090A4A3
:10D05000350BEA302D327A71827A61830BEA309097
:10D06000A4391BEA3090A4390BEA3090A43B1BEAA8
:10D07000307E24020290A4350BEA302D327A718280
:10D080007A61830BEA3090A43D1BEA3090A441E022
:10D0900024FF92AF806D90A43B0BEA307E24000108
:10D0A0002D237E3401FF5D3290A43F1BEA3090A413
:10D0B0003D0BEA2090A43F0BEA30BD32685590A4A6
:10D0C000370BEA1090A42F693E00020BEA202D31A5
:10D0D0007E1BB090A43B0BEA2090A4350BEA302DC8
:10D0E000327A71827A6183F090A43F0BEA3090A487
:10D0F0003B1BEA3090A4370BEA207E3400012D322E
:10D100001BEA3090A4330BEA2090A4370BEA30BD21
:10D11000324083C3C2AF7E24020090A4350BEA30B4
:10D120002D327A71827A61830BEA2090A4390BEA5E
:10D1300030BD23781D90A43B0BEA207E14020090A2
:10D14000A4350BEA302D317A71827A61831BEA2093
:10D1500080086D3390A4371BEA3090A4330BEA208B
:10D1600090A4370BEA30BD32503890A4370BEA4018
:10D1700090A4330BEA509D546D447E04020690A4A3
:10D18000350BEA102D107A31827A2183693E000234
:10D190000BEA202F127A31827A2183793E00021B1A
:10D1A000EA2090A42D0BEA3012CB1590A441E02484
:10D1B000FF92AF90A4370BEA30AA90B17D1BEA2012
:10D1C00090B1791BEA00791E000290B1771BEA301A
:10D1D00090B1770BEA3090B179691E00020BEA003A
:10D1E00090B17D0BEA209AFCCFDCAA90B65C1BEADA
:10D1F0003090B65C0BEA3012CAFBBEB0007803E494
:10D200008078A2AFE43390B65FF0C3C2AF90B65C53
:10D210000BEA007E14020BAD107E345B1A2D317ABE
:10D2200071827A6183E0BEB000783A90B65C0BEA16
:10D23000007E14020BAD107E345B122D317A7182A8
:10D240007A61830BEA2090B65C0BEA007E14020B35
:10D25000AD107E345B102D317A71827A61830BEAD6
:10D2600030BD32680474018001E490B65EF090B67F
:10D270005FE024FF92AF90B65EE0AA90B32B1BEA6A
:10D280003090B32B0BEA3012CAFBBEB00078049F7B
:10D29000118046A2AFE43390B331F0C3C2AF90B374
:10D2A0002B0BEA207E34020BAD327E145B162D135D
:10D2B0007A31827A2183693E00020BEA2090B32DF5
:10D2C000793E00021BEA2090B331E024FF92AF9038
:10D2D000B32D693E00020BEA20AA90B6601BEA302B
:10D2E00090B6600BEA3012CAFBBEB000780302D5DC
:10D2F000B290B6600BEA007E14020BAD107E34597A
:10D30000102D3190B6621BEA306D2290B6600BEAA8
:10D3100030BD32482B90B6600BEA207E340003BD4E
:10D3200023181D90B6600BEA101A021A0074042F1D
:10D33000001478FB7E34FA327E24007E2F10801C8D
:10D3400090B6600BEA301A261A247E1400309AFE3A
:10D35000BEC77E14F6927E04007E2F107E1BB02086
:10D36000E00302D43E7EA0FE6D2290B6600BEA3050
:10D37000BD32482B90B6600BEA207E340003BD23FB
:10D38000181D90B6600BEA301A261A2474042F1167
:10D390001478FB7E14FA327E04007E2F01801C90EC
:10D3A000B6600BEA301A261A247E1400309AFEBEAC
:10D3B000C77E14F6927E04007E2F017E0B705C7A8D
:10D3C0007A0B707E24020490B6620BEA302D327A1A
:10D3D00071827A61830BEA207E14020290B6620B9E
:10D3E000EA302D317A71827A61830BEA302D327EF8
:10D3F0002401FF5D237E14020290B6620BEA302DF9
:10D40000317A71827A61831BEA206D227E140204D4
:10D4100090B6620BEA302D317A71827A61831BEA11
:10D4200020E47E24020A90B6620BEA302D327A7133
:10D43000827A6183F090B6600BEA3012CB156D22D0
:10D4400090B6600BEA30BD32482B90B6600BEA20F4
:10D450007E340003BD23181D90B6600BEA101A023B
:10D460001A0074042F001478FB7E34FA327E2400F4
:10D470007E2F10801C90B6600BEA301A261A247E8C
:10D480001400309AFEBEC77E14F6927E04007E2FF2
:10D49000107E1BB020E10302D5B27EA0FD6D22906C
:10D4A000B6600BEA30BD32482B90B6600BEA207EA6
:10D4B000340003BD23181D90B6600BEA301A261AFB
:10D4C0002474042F111478FB7E14FA327E04007E3B
:10D4D0002F01801C90B6600BEA301A261A247E14A5
:10D4E00000309AFEBEC77E14F6927E04007E2F01A5
:10D4F0007E0B705C7A7A0B707E24020490B6620B0D
:10D50000EA302D327A71827A61830BEA207E14022E
:10D510000290B6620BEA302D317A71827A61830B08
:10D52000EA302D327E2401FF5D237E14020290B684
:10D53000620BEA302D317A71827A61831BEA207E98
:10D5400024020490B6620BEA302D327A71827A613D
:10D55000830BEA506D447E04020690B6620BEA101B
:10D560002D107A31827A2183693E00020BEA202F46
:10D57000127A31827A2183793E00021BEA206D22E1
:10D580007E14020490B6620BEA302D317A71827AF1
:10D5900061831BEA20E47E24020A90B6620BEA3023
:10D5A0002D327A71827A6183F090B6600BEA301284
:10D5B000CB15AA90B1811BEA00791E000290B17FC1
:10D5C0001BEA3090B181691E00020BEA009AFDFF50
:10D5D000EF90B1851BEA3090B17F0BEA3090B181BA
:10D5E000691E00020BEA0090B1850BEA209AFCD17B
:10D5F000BAAA90B7A4F090B7A21BEA3090B7A20BDA
:10D60000EA307E14B7A47E0400017E2400019AFC57
:10D61000D1BAAA90B7FC1BEA306CAA6D2290B7FC75
:10D620000BEA30BD32482B90B7FC0BEA207E340069
:10D6300003BD23181D90B7FC0BEA101A021A0074E0
:10D64000042F001478FB7E34FA3B7E24007E2F10DA
:10D65000801C90B7FC0BEA301A261A247E14003086
:10D660009AFEBEC77E14F6A57E04007E2F107A1B9C
:10D67000A0E46D2290B7FC0BEA30BD32482A90B787
:10D68000FC0BEA207E340003BD23181C90B7FC0B72
:10D69000EA301A261A247F012F002F007E34FA8ADE
:10D6A0007E24007E2F10801C90B7FC0BEA301A26D7
:10D6B0001A247E1400309AFEBEC77E14F6A47E049F
:10D6C000007E2F107A1BB090B7FC0BEA407E5459B5
:10D6D000082D547CAB6D2290B7FC0BEA30BD32486C
:10D6E0002B90B7FC0BEA207E340003BD23181D905D
:10D6F000B7FC0BEA101A021A0074042F001478FB0E
:10D700007E34FA3E7E24007E2F10801C90B7FC0BE6
:10D71000EA301A261A247E1400309AFEBEC77E1400
:10D72000F6A97E04007E2F107A1BA090B7FC0BEAAE
:10D73000207E3459082D327D530A5A7CAB6D2290DD
:10D74000B7FC0BEA30BD32482B90B7FC0BEA207EC9
:10D75000340003BD23181D90B7FC0BEA101A021AFF
:10D760000074042F001478FB7E34FA3D7E24007E82
:10D770002F10801C90B7FC0BEA301A261A247E1456
:10D7800000309AFEBEC77E14F6A87E04007E2F10DD
:10D790007A1BA07EA0A16D2290B7FC0BEA30BD32AF
:10D7A000482B90B7FC0BEA207E340003BD23181DE4
:10D7B00090B7FC0BEA101A021A0074042F001478B8
:10D7C000FB7E34FA397E24007E2F10801C90B7FC3B
:10D7D0000BEA301A261A247E1400309AFEBEC77E49
:10D7E00014F6A17E04007E2F107A1BA0AA90B335F8
:10D7F0001BEA00791E000290B334F090B3321BEAAA
:10D800003090B334E0BEB00068607EA0806D22909E
:10D81000B3320BEA30BD32482B90B3320BEA207E94
:10D82000340003BD23181D90B3320BEA301A261AB8
:10D830002474042F111478FB7E14FA387E04007EC1
:10D840002F01801C90B3320BEA301A261A247E1462
:10D8500000309AFEBEC77E14F6A07E04007E2F0123
:10D860007E0B704C7A7A0B70805E7EA07F6D22906A
:10D87000B3320BEA30BD32482B90B3320BEA207E34
:10D88000340003BD23181D90B3320BEA301A261A58
:10D890002474042F111478FB7E14FA387E04007E61
:10D8A0002F01801C90B3320BEA301A261A247E1402
:10D8B00000309AFEBEC77E14F6A07E04007E2F01C3
:10D8C0007E0B705C7A7A0B7090B335691E00020B88
:10D8D000EA0090B3320BEA203E243E247E3469688D
:10D8E0002D327A71827A6183791E00021BEA00AAC6
:10D8F00090B7A51BEA306D2290B7A50BEA30BD3278
:10D90000482B90B7A50BEA207E340003BD23181DD9
:10D9100090B7A50BEA101A021A0074042F001478AD
:10D92000FB7E34FA3A7E24007E2F10801C90B7A52F
:10D930000BEA301A261A247E1400309AFEBEC77EE7
:10D9400014F6A27E04007E2F107E1BA074035CBA26
:10D95000BEB00068A190B7A50BEA207E3459082D0F
:10D96000327A71827A6183E090B7A7F06CAA6D2257
:10D9700090B7A50BEA30BD32482B90B7A50BEA2033
:10D980007E340003BD23181D90B7A50BEA101A02C0
:10D990001A0074042F001478FB7E34FA3A7E2400B7
:10D9A0007E2F10801C90B7A50BEA301A261A247E11
:10D9B0001400309AFEBEC77E14F6A27E04007E2FAD
:10D9C000107A1BA090B7A50BEA309AFCD61390B73B
:10D9D000A7E0AA90B7A81BEA3090B7A80BEA3012CC
:10D9E000CAFBBEB0007804E402DA6E90B7A80BEA76
:10D9F000207E3459082D327A71827A6183E090B7A3
:10DA0000AAF07EA0FC6D2290B7A80BEA30BD324888
:10DA10002B90B7A80BEA207E340003BD23181D907D
:10DA2000B7A80BEA301A261A2474042F111478FBB5
:10DA30007E14FA3A7E04007E2F01801C90B7A80B5A
:10DA4000EA301A261A247E1400309AFEBEC77E14CD
:10DA5000F6A27E04007E2F017E0B705C7A7A0B703A
:10DA600090B7A80BEA309AFCD61390B7AAE0AA9018
:10DA7000B33B1BEA00791E000290B3391BEA30E485
:10DA800090B33FF090B3390BEA207E3459082D3221
:10DA90007A71827A6183E090B33B693E00020BEABF
:10DAA000207A1BB06D2290B3390BEA30BD32482B7F
:10DAB00090B3390BEA207E340003BD23181D90B3C8
:10DAC000390BEA101A021A0074042F001478FB7E36
:10DAD00034FA3A7E24007E2F10801C90B3390BEA72
:10DAE000301A261A247E1400309AFEBEC77E14F621
:10DAF000A27E04007E2F107E1BA074035CBABEB011
:10DB0000006866740190B33FF07EA0FC6D2290B374
:10DB1000390BEA30BD32482B90B3390BEA207E3402
:10DB20000003BD23181D90B3390BEA301A261A24BE
:10DB300074042F111478FB7E14FA3A7E04007E2FB1
:10DB400001801C90B3390BEA301A261A247E140087
:10DB5000309AFEBEC77E14F6A27E04007E2F017EA0
:10DB60000B705C7A7A0B708005E490B33FF090B351
:10DB7000390BEA309AFCD61390B33FE0AA90B7ABCA
:10DB80001BEA3090B7AB0BEA3012CAFBBEB000788C
:10DB90000302E074A2AFE43390B7ADF0C3C2AF6D3F
:10DBA0002290B7AB0BEA007E14020BAD107E345B03
:10DBB000102D317A71827A61831BEA206D2290B731
:10DBC000AB0BEA007E14020BAD107E345B122D31DC
:10DBD0007A71827A61831BEA206D2290B7AB0BEADF
:10DBE000007E14020BAD107E345B142D317A7182ED
:10DBF0007A61831BEA209F0090B7AB0BEA407E540A
:10DC0000020BAD547E345B162D357A71827A6183B6
:10DC1000791E00021BEA00E490B7AB0BEA007E1409
:10DC2000020BAD107E345B1A2D317A71827A6183DA
:10DC3000F090B7ADE024FF92AF6CAA6D2290B7AB25
:10DC40000BEA30BD32482B90B7AB0BEA207E340094
:10DC500003BD23181D90B7AB0BEA101A021A00740B
:10DC6000042F001478FB7E34FA307E24007E2F10BF
:10DC7000801C90B7AB0BEA301A261A247E140030B1
:10DC80009AFEBEC77E14F6907E04007E2F107A1B8B
:10DC9000A06CAA6D2290B7AB0BEA30BD32482B9036
:10DCA000B7AB0BEA207E340003BD23181D90B7AB41
:10DCB0000BEA101A021A0074042F001478FB7E3449
:10DCC000FA327E24007E2F10801C90B7AB0BEA3016
:10DCD0001A261A247E1400309AFEBEC77E14F692CD
:10DCE0007E04007E2F107A1BA06CAA6D2290B7AB29
:10DCF0000BEA30BD32482B90B7AB0BEA207E3400E4
:10DD000003BD23181D90B7AB0BEA101A021A00745A
:10DD1000042F001478FB7E34FA317E24007E2F100D
:10DD2000801C90B7AB0BEA301A261A247E14003000
:10DD30009AFEBEC77E14F6917E04007E2F107A1BD9
:10DD4000A06CAA6D2290B7AB0BEA30BD32482B9085
:10DD5000B7AB0BEA207E340003BD23181D90B7AB90
:10DD60000BEA101A021A0074042F001478FB7E3498
:10DD7000FA387E24007E2F10801C90B7AB0BEA305F
:10DD80001A261A247E1400309AFEBEC77E14F6A00E
:10DD90007E04007E2F107A1BA06CAA6D2290B7AB78
:10DDA0000BEA30BD32482B90B7AB0BEA207E340033
:10DDB00003BD23181D90B7AB0BEA101A021A0074AA
:10DDC000042F001478FB7E34FA3A7E24007E2F1054
:10DDD000801C90B7AB0BEA301A261A247E14003050
:10DDE0009AFEBEC77E14F6A27E04007E2F107A1B18
:10DDF000A06CAA6D2290B7AB0BEA30BD32482B90D5
:10DE0000B7AB0BEA207E340003BD23181D90B7ABDF
:10DE10000BEA101A021A0074042F001478FB7E34E7
:10DE2000FA397E24007E2F10801C90B7AB0BEA30AD
:10DE30001A261A247E1400309AFEBEC77E14F6A15C
:10DE40007E04007E2F107A1BA06CAA6D2290B7ABC7
:10DE50000BEA30BD32482B90B7AB0BEA207E340082
:10DE600003BD23181D90B7AB0BEA101A021A0074F9
:10DE7000042F001478FB7E34FA3B7E24007E2F10A2
:10DE8000801C90B7AB0BEA301A261A247E1400309F
:10DE90009AFEBEC77E14F6A57E04007E2F107A1B64
:10DEA000A0E46D2290B7AB0BEA30BD32482A90B7A0
:10DEB000AB0BEA207E340003BD23181C90B7AB0BDC
:10DEC000EA301A261A247F012F002F007E34FA8AA6
:10DED0007E24007E2F10801C90B7AB0BEA301A26F0
:10DEE0001A247E1400309AFEBEC77E14F6A47E0467
:10DEF000007E2F107A1BB090B7AB0BEA407E5459CE
:10DF0000082D547CAB6D2290B7AB0BEA30BD324884
:10DF10002B90B7AB0BEA207E340003BD23181D9075
:10DF2000B7AB0BEA101A021A0074042F001478FB26
:10DF30007E34FA3E7E24007E2F10801C90B7AB0BFF
:10DF4000EA301A261A247E1400309AFEBEC77E14C8
:10DF5000F6A97E04007E2F107A1BA090B7AB0BEAC7
:10DF6000207E3459082D327D530A5A7CAB6D2290A5
:10DF7000B7AB0BEA30BD32482B90B7AB0BEA207E33
:10DF8000340003BD23181D90B7AB0BEA101A021A18
:10DF90000074042F001478FB7E34FA3D7E24007E4A
:10DFA0002F10801C90B7AB0BEA301A261A247E146F
:10DFB00000309AFEBEC77E14F6A87E04007E2F10A5
:10DFC0007A1BA06CAA6D2290B7AB0BEA30BD324829
:10DFD0002B90B7AB0BEA207E340003BD23181D90B5
:10DFE000B7AB0BEA101A021A0074042F001478FB66
:10DFF0007E34FA387E24007E2F10801C90B7AB0B45
:10E00000EA301A261A247E1400309AFEBEC77E1407
:10E01000F6A07E04007E2F107A1BA07EA0A16D22A8
:10E0200090B7AB0BEA30BD32482B90B7AB0BEA2070
:10E030007E340003BD23181D90B7AB0BEA101A0203
:10E040001A0074042F001478FB7E34FA397E240001
:10E050007E2F10801C90B7AB0BEA301A261A247E54
:10E060001400309AFEBEC77E14F6A17E04007E2FF7
:10E07000107A1BA0AA90AA4F1BEA2090AA4B1BEA79
:10E0800000791E000290AA491BEA3090AA530BEABD
:10E09000307E2400049AFF7A5D7E14C04A7E04001C
:10E0A000FF7E34023C9AFF691190AA510BEA301AA4
:10E0B000367E24000F5D2390AA4F0BEA307D131AA1
:10E0C000127E34000F5D31BD32780474018001E4AA
:10E0D0007E14C04A7E0400FF7E3402419AFF69111B
:10E0E00090AA4F0BEA307D231A240E240E240E240E
:10E0F0000E2490AA490BEA30BD3278057EA001803B
:10E10000026CAA740F5CBA7E14C04A7E0400FF7EC3
:10E110003402469AFF691190AA4F0BEA307D231A08
:10E12000240E240E240E240E2490AA490BEA30BD9E
:10E130003278057EA00180026CAA740F5CBA7E144E
:10E14000C04A7E0400FF7E3402479AFF691190AAFC
:10E150004F0BEA207E3400FF5D327E240001740103
:10E160007E1400109AFDC56490AA510BEA207E34FB
:10E1700000FF5D326D2274017E1400039AFDC564B8
:10E1800090AA4B691E00020BEA0090B5CC693E00D4
:10E19000020BEA209AFCFFE774027F011E141E04A2
:10E1A00050034E20801478F46D337E2400019F10BC
:10E1B00090AA551BEA3090AA490BEA50BE540008B9
:10E1C000400302EC497EA003A490E1CD7302E1E597
:10E1D00002E2CF02E3DC02E51002E66802E7E302B6
:10E1E000E95E02EAD990AA530BEA207E340001BD11
:10E1F0002378224398505389F090AA550BEA50F5A2
:10E200008B90AA550BEA307D530A5AF58D438E4008
:10E21000D3D28E802890AA530BEA207E340002BD10
:10E2200023781A43985090AA550BEA50F5D790AA34
:10E23000550BEA307D530A5AF5D6438E1553A23F4B
:10E2400090AA510BEA207E340040BD23781590AA95
:10E250004F0BEA207E340041BD237807E5A2F5A2EA
:10E2600002EC4990AA510BEA207E340146BD237886
:10E270001490AA4F0BEA207E340147BD2378064351
:10E28000A24002EC4990AA510BEA207E340226BD3E
:10E2900023781490AA4F0BEA207E340227BD2378FE
:10E2A0000643A28002EC4990AA510BEA207E340377
:10E2B00053BD23680302EC4990AA4F0BEA207E3439
:10E2C0000354BD23680302EC4943A2C002EC499009
:10E2D000AA530BEA207E340002BD23781A439A50D9
:10E2E00090AA550BEA50F5D790AA550BEA307D530A
:10E2F0000A5AF5D6438E1453BAFE74DF7E14FD69B4
:10E300007E04007E7E0B705C7B7A0B7090AA510BB2
:10E31000EA207E341020BD23782390AA4F0BEA20F8
:10E320007E341021BD237815E5BAF5BA7E14FD6957
:10E330007E04007E7E0B707A0B7002EC4990AA512D
:10E340000BEA207E341156BD23782290AA4F0BEAA7
:10E35000207E341157BD23781443BA017E14FD6921
:10E360007E04007E7E0B707A0B7002EC4990AA51FD
:10E370000BEA207E341156BD23782790AA4F0BEA72
:10E38000207E341157BD237819E5BAF5BA74207E82
:10E3900014FD697E04007E7E0B704C7B7A0B70024C
:10E3A000EC4990AA510BEA207E341156BD23680334
:10E3B00002EC4990AA4F0BEA207E341157BD236826
:10E3C0000302EC4943BA0174207E14FD697E040007
:10E3D0007E7E0B704C7B7A0B7002EC4990AA530B3B
:10E3E000EA207E340002BD23781990AA550BEA502A
:10E3F000F5D790AA550BEA307D530A5AF5D6438ECD
:10E4000014802590AA530BEA207E340003BD2378A4
:10E410001790AA550BEA50F5D590AA550BEA307D16
:10E42000530A5AF5D443DD0A43AC5053BAFD74BFC6
:10E430007E14FD697E04007E7E0B705C7B7A0B701F
:10E4400090AA510BEA207E342010BD23782390AA95
:10E450004F0BEA207E342011BD237815E5BAF5BABA
:10E460007E14FD697E04007E7E0B707A0B7002ECD8
:10E470004990AA510BEA207E342160BD2378229076
:10E48000AA4F0BEA207E342161BD23781443BA02DF
:10E490007E14FD697E04007E7E0B707A0B7002ECA8
:10E4A0004990AA510BEA207E342296BD237827900A
:10E4B000AA4F0BEA207E342297BD237819E5BAF5DE
:10E4C000BA74407E14FD697E04007E7E0B704C7B26
:10E4D0007A0B7002EC4990AA510BEA207E3423603B
:10E4E000BD23680302EC4990AA4F0BEA207E342337
:10E4F000C7BD23680302EC4943BA0274407E14FD91
:10E50000697E04007E7E0B704C7B7A0B7002EC49B6
:10E5100090AA530BEA207E340002BD23782B90AAE8
:10E52000550BEA50F5D790AA550BEA307D530A5A9D
:10E53000F5D6438E1474FE7E14FDBC7E04007E7EF0
:10E540000B705C7B7A0B70803790AA530BEA207EAD
:10E55000340004BD23782990AA550BEA50F5D390D6
:10E56000AA550BEA307D530A5AF5D243DDA0740157
:10E570007E14FDBC7E04007E7E0B704C7B7A0B709B
:10E5800043FD5053BAFB747F7E14FD697E04007E08
:10E590007E0B705C7B7A0B7090AA510BEA207E3464
:10E5A0003012BD23782390AA4F0BEA207E3430131B
:10E5B000BD237815E5BAF5BA7E14FD697E04007EA8
:10E5C0007E0B707A0B7002EC4990AA510BEA207E08
:10E5D000343162BD23782290AA4F0BEA207E343179
:10E5E00063BD23781443BA047E14FD697E04007E63
:10E5F0007E0B707A0B7002EC4990AA510BEA207ED8
:10E600003432B2BD23782790AA4F0BEA207E3432F1
:10E61000B3BD237819E5BAF5BA74807E14FD697E1E
:10E6200004007E7E0B704C7B7A0B7002EC4990AA42
:10E63000510BEA207E343362BD23680302EC49901B
:10E64000AA4F0BEA207E3433D1BD23680302EC4984
:10E6500043BA0474807E14FD697E04007E7E0B70D4
:10E660004C7B7A0B7002EC4990AA530BEA207E3463
:10E670000002BD23782B90AA550BEA50F5D790AA3B
:10E68000550BEA307D530A5AF5D6438E1474FE7E3C
:10E6900014F76D7E04007E7E0B705C7B7A0B7080BD
:10E6A0005890AA530BEA207E340005BD23784A9087
:10E6B000AA550BEA107E34FBB77E24007E7A1B300D
:10E6C00090AA550BEA307D130A127E34FBB67E24E5
:10E6D000007E7A1B30740A7E14FBB37E04007E7EBB
:10E6E0000B704C7B7A0B7074017E14F76D7E040006
:10E6F0007E7E0B704C7B7A0B7074507E14F7407EDC
:10E7000004007E7E0B704C7B7A0B7074FC7E14FDD3
:10E710006A7E04007E7E0B705C7B7A0B7090AA513F
:10E720000BEA207E344014BD23781F90AA4F0BEAD9
:10E73000207E344015BD2378117E14FD6A7E0400CE
:10E740007E7E0B707A0B7002EC4990AA510BEA2086
:10E750007E344150BD23782390AA4F0BEA207E34AB
:10E760004151BD23781574017E14FD6A7E04007E3C
:10E770007E0B704C7B7A0B7002EC4990AA510BEA2D
:10E78000207E344224BD23782390AA4F0BEA207EBA
:10E79000344225BD23781574027E14FD6A7E040080
:10E7A0007E7E0B704C7B7A0B7002EC4990AA510B69
:10E7B000EA207E344330BD23680302EC4990AA4F1F
:10E7C0000BEA207E344331BD23680302EC49740315
:10E7D0007E14FD6A7E04007E7E0B704C7B7A0B708B
:10E7E00002EC4990AA530BEA207E340002BD237844
:10E7F0002B90AA550BEA50F5D790AA550BEA307D1D
:10E80000530A5AF5D6438E1474FE7E14F79D7E0487
:10E81000007E7E0B705C7B7A0B70805890AA530B45
:10E82000EA207E340006BD23784A90AA550BEA10F0
:10E830007E34FBB57E24007E7A1B3090AA550BEA0D
:10E84000307D130A127E34FBB47E24007E7A1B30A6
:10E8500074A07E14FBB37E04007E7E0B704C7B7A2A
:10E860000B7074017E14F79D7E04007E7E0B704C4D
:10E870007B7A0B7074507E14F7707E04007E7E0BE2
:10E88000704C7B7A0B7074F37E14FD6A7E04007EFC
:10E890007E0B705C7B7A0B7090AA510BEA207E3461
:10E8A0005016BD23781F90AA4F0BEA207E345017D4
:10E8B000BD2378117E14FD6A7E04007E7E0B707A83
:10E8C0000B7002EC4990AA510BEA207E345172BDC4
:10E8D00023782390AA4F0BEA207E345173BD23780E
:10E8E0001574047E14FD6A7E04007E7E0B704C7BE2
:10E8F0007A0B7002EC4990AA510BEA207E34524206
:10E90000BD23782390AA4F0BEA207E345243BD23C7
:10E91000781574087E14FD6A7E04007E7E0B704CB0
:10E920007B7A0B7002EC4990AA510BEA207E34539B
:10E9300036BD23680302EC4990AA4F0BEA207E34CF
:10E940005337BD23680302EC49740C7E14FD6A7EC4
:10E9500004007E7E0B704C7B7A0B7002EC4990AA0F
:10E96000530BEA207E340002BD23782B90AA550B6E
:10E97000EA50F5D790AA550BEA307D530A5AF5D6DE
:10E98000438E1474FE7E14F7CD7E04007E7E0B70E1
:10E990005C7B7A0B70805890AA530BEA207E34007F
:10E9A00007BD23784A90AA550BEA107E34FBBF7E40
:10E9B00024007E7A1B3090AA550BEA307D130A1290
:10E9C0007E34FBBE7E24007E7A1B30740A7E14FBEC
:10E9D000BB7E04007E7E0B704C7B7A0B7074017ED4
:10E9E00014F7CD7E04007E7E0B704C7B7A0B707426
:10E9F000507E14F7A07E04007E7E0B704C7B7A0B59
:10EA00007074CF7E14FD6D7E04007E7E0B705C7B87
:10EA10007A0B7090AA510BEA207E346060BD237897
:10EA20001F90AA4F0BEA207E346061BD2378117ECF
:10EA300014FD6D7E04007E7E0B707A0B7002EC4933
:10EA400090AA510BEA207E3461B4BD23782390AAAA
:10EA50004F0BEA207E3461B5BD23781574107E1407
:10EA6000FD6D7E04007E7E0B704C7B7A0B7002EC99
:10EA70004990AA510BEA207E3462A0BD23782390EE
:10EA8000AA4F0BEA207E3462A1BD23781574207E44
:10EA900014FD6D7E04007E7E0B704C7B7A0B700241
:10EAA000EC4990AA510BEA207E346322BD2368030F
:10EAB00002EC4990AA4F0BEA207E346323BD236801
:10EAC0000302EC4974307E14FD6D7E04007E7E0BE3
:10EAD000704C7B7A0B7002EC4990AA530BEA207EB3
:10EAE000340002BD23782B90AA550BEA50F5D7903D
:10EAF000AA550BEA307D530A5AF5D6438E1474FE9C
:10EB00007E14F7CD7E04007E7E0B705C7B7A0B70EA
:10EB1000805890AA530BEA207E340008BD23784A1F
:10EB200090AA550BEA107E34FBBD7E24007E7A1B32
:10EB30003090AA550BEA307D130A127E34FBBC7E5E
:10EB400024007E7A1B3074A07E14FBBB7E04007E02
:10EB50007E0B704C7B7A0B7074017E14F7FD7E0483
:10EB6000007E7E0B704C7B7A0B7074507E14F7D055
:10EB70007E04007E7E0B704C7B7A0B70743F7E149B
:10EB8000FD6D7E04007E7E0B705C7B7A0B7090AA1C
:10EB9000510BEA207E347062BD23781F90AA4F0B80
:10EBA000EA207E347063BD2378117E14FD6D7E04EF
:10EBB000007E7E0B707A0B7002EC4990AA510BEA32
:10EBC000207E3471B6BD23782290AA4F0BEA207EB6
:10EBD0003471B7BD23781474407E14FD6D7E04003B
:10EBE0007E7E0B704C7B7A0B70805E90AA510BEA94
:10EBF000207E3472A2BD23782290AA4F0BEA207E99
:10EC00003472A3BD23781474807E14FD6D7E0400DD
:10EC10007E7E0B704C7B7A0B70802E90AA510BEA93
:10EC2000207E347370BD23782090AA4F0BEA207E9B
:10EC3000347371BD23781274C07E14FD6D7E0400A0
:10EC40007E7E0B704C7B7A0B7090AA490BEA309A4F
:10EC5000FCDB7DAA90A6141BEA2090A6101BEA00FC
:10EC6000791E000290A60E1BEA307E34C0757E2409
:10EC700000FF7E14A6197E04000174089AFEBED01F
:10EC80006D2290A60E0BEA30BD32485790A60E0BAF
:10EC9000EA207E340007BD23184990A60E0BEA2017
:10ECA0007E34A6192D327A71827A6183E090A6189B
:10ECB000F090A6160BEA3090AA511BEA3090A618E5
:10ECC000E00A3B90AA531BEA3090A60E0BEA309064
:10ECD000A610691E00020BEA0090A6140BEA209A07
:10ECE000FCE075AA90ACE11BEA20793E000290ACF2
:10ECF000DD1BEA00791E0002E490ACE5F0E490AC84
:10ED0000E6F06D3390ACE71BEA306D3374297E502A
:10ED1000807E40019AFC6E816D3374297E50FF7EA7
:10ED200040019AFC6E816D3374296C556C449AFCD9
:10ED30006E816D3374297E50FF7E40069AFC6E8191
:10ED40007E18000190ABD1793E00021BEA206D33A2
:10ED500074297E50837E14ACE57E0400019AFC7217
:10ED60006B6D3374297E508390ACE57EEB407EA0C2
:10ED7000044C4A9AFC6E816D3374297E50FF7E40AC
:10ED8000079AFC6E816D3374297E50817E40019A12
:10ED9000FC6E816D3374297E50807E40019AFC6E3A
:10EDA000816D3374297E50947E406B9AFC6E816D28
:10EDB0003374297E50836C449AFC6E81E490ACE5F8
:10EDC000F080567E1403E890B5CC693E00020BEA51
:10EDD000209AFCFFEB9AFF73B77E18000190ABD12D
:10EDE000793E00021BEA206D3374297E50837E1425
:10EDF000ACE57E0400019AFC726B90ACE70BEA2054
:10EE00007E3400012D321BEA307E3400FFBD3250CB
:10EE100008740190ACE6F0801290ACE5E0BEB00062
:10EE200068A190ACE5E0BEB0FF689890ACE6E0BEAB
:10EE3000B000680302EF1B6D3374297E50837E405F
:10EE4000019AFC6E817E18000190ABD1793E0002E0
:10EE50001BEA206D3374297E50927E14ACE57E044B
:10EE600000019AFC726B90ACE57EEB30747F5C3BEA
:10EE700090ACDD693E00020BEA207A1B3090ACE5D5
:10EE80007EEB307CB3237C3B74015C3B90ACE1694E
:10EE90003E00020BEA207A1B306D3374297E5081CC
:10EEA0006C449AFC6E816D3374297E50FF7E40065F
:10EEB0009AFC6E817E18000190ABD1793E00021B56
:10EEC000EA206D3374297E50837E14ACE57E040005
:10EED000019AFC726B6D3374297E508390ACE57E91
:10EEE000EB409AFC6E816D3374297E50FF7E4001A9
:10EEF0009AFC6E816D3374296C557E40019AFC6ECC
:10EF0000816D3374297E50FF6C449AFC6E816D33A1
:10EF100074297E50806C449AFC6E8190ACE6E022AD
:10EF200090B350F090B34E1BEA3090B350E00A3BE0
:10EF30006D227E1409009AFEBEC77E1406779AFEE3
:10EF4000BEC77E0801F42F107E1403E89AFCFFEB85
:10EF500090B351793E00021BEA2090B34E0BEA3089
:10EF60006D2290B351691E00020BEA009AFEBEB6F4
:10EF700090B351691E00020BEA001E141E045003D8
:10EF80004E20802F107E1403E89AFCFFEB2290B0F5
:10EF90007AF090B0761BEA20793E000290B07AE0D9
:10EFA0000A3B6D227E1409009AFEBEC77E140677C6
:10EFB0009AFEBEC77E0801F42F107E1403E89AFC67
:10EFC000FFEB90B07B793E00021BEA207E1403E841
:10EFD00090B076693E00020BEA209AFEBEC790B060
:10EFE0007B691E00020BEA001E141E0450034E2013
:10EFF000802F1090B07B691E00020BEA009AFCFF84
:10F00000E72290B8081BEA3090B8080BEA207E345B
:10F01000FF005D327D530A5A90B8080BEA307E2417
:10F0200000FF5D2360053E241478FB7E3400012D33
:10F03000322290B80A1BEA309F117A1F00086D3304
:10F040007A37000C6D337A37000E6D2290B80A0BB8
:10F05000EA30BD32285C90B80A0BEA307E24000109
:10F060009D326D227A1F0008801F7E1F00081E340B
:10F070001E2450034E60807A1F00087E27000C7EFD
:10F080003400012D327A37000C7E0CFF007E1F0009
:10F09000085E7000BE18000038D07E27000C7C454A
:10F0A0006C557E0F00087E3400FF5D314D327A379B
:10F0B000000E7E37000E2290B54A1BEA00791E0032
:10F0C00002E490B54EF07E18000190ABD1793E007D
:10F0D000021BEA206D3374297E50017E14B54E7EEA
:10F0E0000400019AFC726B90B54E7EEB307CB3C489
:10F0F0007C3B74015C3B90B54A693E00020BEA2000
:10F100007A1B3090B54E7EEB307CB3C4237C3B74CD
:10F11000015C3B90B54A693E00020BEA200B357A50
:10F120001B3090B54E7EEB201E201E207E30015CF1
:10F130003290B54A693E00020BEA200B347A1B304C
:10F1400090B54E7EEB307CB323237C3B74015C3B5B
:10F1500090B54A693E00020BEA202E3400037A1B68
:10F160003090B54E7EEB307CB3237C3B74015C3B2E
:10F1700090B54A693E00020BEA200B367A1B30221A
:10F1800090B7BD1BEA30E490B7BFF06D2290B7BDD9
:10F190000BEA30BD3278357E18000190ABD1793E54
:10F1A00000021BEA206D3374297E50507E14B7BFD5
:10F1B0007E0400019AFC726B90B7BFE00A4B7E544C
:10F1C00000012D543E5490B7BFF0804990B7BD0B5D
:10F1D000EA207E340001BD2378357E18000190AB13
:10F1E000D1793E00021BEA206D3374297E50707E77
:10F1F00014B7BF7E0400019AFC726B90B7BFE00A9F
:10F200004B7E5400012D543E5490B7BFF0800674DD
:10F21000FF90B7BFF090B7BFE02290ACED1BEA20A3
:10F22000793E000290ACE91BEA00791E00026D33C2
:10F2300090ACF31BEA306D3312F1800A1B90ACEDF9
:10F24000693E00020BEA201B1A107E18000190ABE9
:10F25000D1793E00021BEA206D3374297E50467E30
:10F2600014ACF17E0400019AFC726B90ACF1E00AE0
:10F270000B7E1400012D1090ACED693E00020BEAEC
:10F28000200B361B1A1090ACED693E00020BEA20F1
:10F290000B360B1A3090ACED691E00020BEA000B26
:10F2A0000A5012EF207F0190ACED693E00020BEA9C
:10F2B000202E34000A791100021B1A007E18000269
:10F2C00090ABD1793E00021BEA206D3374297E5049
:10F2D000517E14ACF17E0400019AFC726B90ACF18B
:10F2E000E00A2B7C456C5590ACF2E00A3B4D329025
:10F2F000ACF31BEA3090ACF30BEA3012F0027D1352
:10F3000090ACED693E00020BEA202E3400061B1A79
:10F310001090ACED693E00020BEA202E3400060B83
:10F320001A3090ACED691E00020BEA000B0A501275
:10F33000EF207F0190ACED693E00020BEA202E34F5
:10F34000000E791100021B1A007E34000112F180B8
:10F350000A1B90ACED693E00020BEA200B351B1A2C
:10F36000107E18000290ABD1793E00021BEA206D9E
:10F370003374297E50717E14ACF17E0400019AFC36
:10F38000726B90ACF1E00A2B7C456C5590ACF2E0CE
:10F390000A3B4D3290ACF31BEA3090ACF30BEA30F1
:10F3A00012F0027D1390ACED693E00020BEA202EB4
:10F3B0003400081B1A1090ACE9693E00020BEA20E9
:10F3C0002E3400037E1BB0BEB000682790ACED6900
:10F3D0003E00020BEA202E3400060B1A2090ACED02
:10F3E000691E00020BEA002E1400080B0A309D3241
:10F3F0001B0A3090ACED693E00020BEA202E34006F
:10F40000080B1A3090ACED691E00020BEA000B15D8
:10F410000B0A5012EF207F0190ACED693E00020B09
:10F42000EA202E340012791100021B1A002290B536
:10F430004FF0E490B550F0E490B551F06D3390B5D5
:10F44000521BEA306D3374296C5590B54F7EEB40FA
:10F450007EA0014C4A9AFC6E817E18000190ABD1CF
:10F46000793E00021BEA206D3374297E50467E14DB
:10F47000B5517E0400019AFC726B80567E1403E83D
:10F4800090B5CC693E00020BEA209AFCFFEB9AFF94
:10F4900073B77E18000190ABD1793E00021BEA20C1
:10F4A0006D3374297E50467E14B5517E0400019A56
:10F4B000FC726B90B5520BEA207E3400012D321B9A
:10F4C000EA307E3400FFBD325008740190B550F030
:10F4D000800F90B5517EEBA074075CBABEB0006897
:10F4E0009B90B550E0BEB000781A6D3374297E5001
:10F4F0000B7E40019AFC6E816D3374296C556C440F
:10F500009AFC6E8190B550E022909AA11BEA207976
:10F510003E0002E4909AA5F06D33909AA91BEA3060
:10F520009F11909AAB793E00021BEA206D33909AAE
:10F53000AF1BEA307E1808E8909ACC793E00021B97
:10F54000EA20909AA1693E00020BEA20BE184E20E4
:10F5500050097401909AA5F002F7117E149AB17EB9
:10F5600004000112F0B77E149AB17E0400017E34CB
:10F570009AB67E24000112F21A909AB1E0BEB00051
:10F5800068237E18024E909AC0691E00020BEA00A2
:10F590002F01909ACC693E00020BEA202F10793E91
:10F5A00000021BEA20909AB3E0BEB00068297E08F2
:10F5B00002B2909AC0693E00020BEA202F107F0130
:10F5C0002F00909ACC693E00020BEA202F10793E62
:10F5D00000021BEA20802C909AB2E0BEB0006823A3
:10F5E0007E180294909AC0691E00020BEA002F0157
:10F5F000909ACC693E00020BEA202F10793E00025F
:10F600001BEA20909AB4E0BEB00068237E180294F2
:10F61000909AC4691E00020BEA002F01909ACC69EF
:10F620003E00020BEA202F10793E00021BEA2090D8
:10F630009AB5E0BEB000780302F7117E080226906A
:10F640009ACC693E00020BEA202F10793E00021B83
:10F65000EA20909AA1691E00020BEA00909ACC69F8
:10F660003E00020BEA20BF1028097401909AA5F011
:10F6700002F711909ACC691E00020BEA00909AA141
:10F68000693E00020BEA209F10909AAB793E00027F
:10F690001BEA20909AAB693E00020BEA20909AB8D0
:10F6A0000BEA5012EF8E909AAF1BEA30909AB4E0BA
:10F6B000BEB0006811909ABC0BEA20909AAF0BEA9A
:10F6C000302D321BEA30909AAF0BEA3012F03290B4
:10F6D0009AA91BEA307471909AA6F0909AA90BEA45
:10F6E000307D530A5A909AA7F0909AA90BEA50904D
:10F6F0009AA8F07E18000390AE26793E00021BEA1D
:10F70000206D3374297E149AA67E0400019AFC6D44
:10F7100066909AA5E0227E180B3690A11C793E00D7
:10F72000021BEA207E14A1017E04000112F0B77EC4
:10F7300014A1017E0400017E34A1067E2400011282
:10F74000F21A90A101E0BEB00068237E18024E902C
:10F75000A110691E00020BEA002F0190A11C693E56
:10F7600000020BEA202F10793E00021BEA2090A134
:10F7700003E0BEB00068297E0802B290A110693E85
:10F7800000020BEA202F107F012F0090A11C693E80
:10F7900000020BEA202F10793E00021BEA20802C89
:10F7A00090A102E0BEB00068237E18029490A110E0
:10F7B000691E00020BEA002F0190A11C693E0002A5
:10F7C0000BEA202F10793E00021BEA2090A104E0F2
:10F7D000BEB00068237E18029490A114691E000236
:10F7E0000BEA002F0190A11C693E00020BEA202FBA
:10F7F00010793E00021BEA2090A105E0BEB000682F
:10F80000237E18022690A118691E00020BEA002F21
:10F810000190A11C693E00020BEA202F10793E00E6
:10F82000021BEA2090A11C693E00020BEA202290F4
:10F83000B07F1BEA20793E00026D117E04430090E8
:10F84000B07F693E00020BEA209AFEB67A9AFEB8B3
:10F850002C90B0861BEA3090B07F691E00020BEA44
:10F86000009F119AFEB79B281890B07F691E000276
:10F870000BEA007E34FEB87E2443FF9AFEB79B401D
:10F880000474018001E47E14BCB97E0400FF7E3460
:10F89000020B9AFF6911744490B083F090B0860B0C
:10F8A000EA307D530A5A90B084F090B0860BEA504B
:10F8B00090B085F07E18000390AE26793E00021BC2
:10F8C000EA206D3374297E14B0837E0400019AFC13
:10F8D0006D662290B80CF090B80C7EEBA074785C4A
:10F8E000BAC423541F0A5B90B80DF090B80DE0BE67
:10F8F000B000681E90B80DE0BEB005681590B80D58
:10F90000E0BEB007680C90B80D7EEBA0740CBCABE9
:10F91000400474FF804A90B80D7EEBA07403BCAB2A
:10F9200038047405803A90B80DE0BEB006680990BE
:10F93000B80DE0BEB00978047404802490B80DE0DE
:10F94000BEB008680990B80DE0BEB00A7804740330
:10F95000800E90B80DE0BEB004780474028001E41B
:10F96000AA90B549E0BEB000780302FA287E1800DC
:10F970000190ABD1793E00021BEA206D3374297EE1
:10F9800050137E14AB4A7E0400019AFC726B90AB5C
:10F990004AE090AB56F090AB567EEBA074075CBA91
:10F9A000BEB000780302FA287E18000C90ABD17923
:10F9B0003E00021BEA206D3374297E50147E14AB86
:10F9C0004A7E0400019AFC726B90AB4AE09AFCF804
:10F9D000D390B548F090AB54E00A3B7C676C7790CD
:10F9E000B5451BEA3090AB55E00A2B90B5450BEAC4
:10F9F000304D321BEA3090B5450BEA207E341FFFB4
:10FA0000BD2328107E34200090B5451BEA3074FFDA
:10FA100090B548F06D3374297E500B7E40019AFCFE
:10FA20006E81740190B547F0AAAAE490A3F0F0E4C7
:10FA300090A3F1F0E490A3F2F06D3390A4001BEAE0
:10FA400030E490B547F07E34200090B5451BEA3095
:10FA500074FF90B548F07E14A3F37E0400017E3459
:10FA60000006E49AFF00677E14A3F97E0400017E7D
:10FA7000340007E49AFF00677E34028690A9F01BE9
:10FA8000EA306D3374297E141A807E0400067E24C9
:10FA900002879AFC66BA6D3374297E50899AFC718C
:10FAA000F490A3F2F06D3374297E508990A3F27E16
:10FAB000EB407EA0014C4A9AFC6E816D3390A4000D
:10FAC0001BEA3080416D33742990A4000BEA203E7C
:10FAD000247E14090F2D127E0400FF7E0B5090A48B
:10FAE000000BEA003E047E1409102D107E0400FF76
:10FAF0007E0B409AFC6E8190A4000BEA207E3400BD
:10FB0000012D321BEA3090A4000BEA207E34000461
:10FB1000BD2340B17E18000190ABD1793E00021B9D
:10FB2000EA206D3374297E50917E14A3F07E040088
:10FB3000019AFC726B6D3390A4001BEA3080416D1A
:10FB400033742990A4000BEA203E247E1409172D5B
:10FB5000127E0400FF7E0B5090A4000BEA003E04CE
:10FB60007E1409182D107E0400FF7E0B409AFC6E57
:10FB70008190A4000BEA207E3400012D321BEA3074
:10FB800090A4000BEA207E340003BD2340B16D3306
:10FB900074297E50609AFC71F490A3F2F06D337476
:10FBA000297E506090A3F27EEB407EA0124C4A9AD0
:10FBB000FC6E816D337E243E8012F82F6D337429E4
:10FBC0007E50017E40FF9AFC6E817E14A3F97E0474
:10FBD00000017E34A3FA7E24000112ECE4BEB000E2
:10FBE0006815740190A3F1F07E14BCA07E0400FFA0
:10FBF0009AFEB86902FF837E18000690ABD1793E69
:10FC000000021BEA206D3374297E50B07E14A3F3EA
:10FC10007E0400019AFC726B6D3390A4001BEA30E5
:10FC200080416D33742990A4000BEA203E247E1499
:10FC3000091D2D127E0400FF7E0B5090A4000BEADC
:10FC4000003E047E14091E2D107E0400FF7E0B4032
:10FC50009AFC6E8190A4000BEA207E3400012D32C4
:10FC60001BEA3090A4000BEA207E340005BD23403F
:10FC7000B190A3FAE0BEB0006804740C8001E49077
:10FC8000A3FBF06D3390A4001BEA3002FD3D90A36E
:10FC9000FBE00A2B90A4000BEA30BD32400E90A38B
:10FCA000F97EEBA090A3FCE0BCBA784290A4000BD4
:10FCB000EA507CAB74075CBA7E34000160053E34C8
:10FCC0001478FB7CB77CAB6EA0FF90A4000BEA20FD
:10FCD0001E241E241E247E34A3F32D327A71827AD0
:10FCE0006183E05CBA7A71827A6183F0804090A48B
:10FCF000000BEA201E241E241E247E34A3F32D3282
:10FD00007A71827A61837EEBA090A4000BEA207E58
:10FD10003400075D327CB760051EA01478FB7CBA06
:10FD200030E00B90A3FC7EEBA074012CBAF090A401
:10FD3000000BEA207E3400012D321BEA3090A40033
:10FD40000BEA207E340030BD32280302FC8E74B0F2
:10FD500090A3F9F07E34000190A4001BEA30802CBF
:10FD600090A4000BEA207E3400019D237E34A3F38F
:10FD70002D327A71827A6183E090A3FAF090A40028
:10FD80000BEA207E3400012D321BEA3090A4000BD8
:10FD9000EA207E340007BD3238C67E18000790AED8
:10FDA00026793E00021BEA206D3374297E14A3F9E4
:10FDB0007E0400019AFC6D666D3390A4001BEA304E
:10FDC00080416D33742990A4000BEA203E247E14F8
:10FDD00009272D127E0400FF7E0B5090A4000BEA31
:10FDE000003E047E1409282D107E0400FF7E0B4087
:10FDF0009AFC6E8190A4000BEA207E3400012D3223
:10FE00001BEA3090A4000BEA207E340050BD234052
:10FE1000B16D3374297E500A7E40049AFC6E816D68
:10FE20003374297E50849AFC71F490A3F2F06D3300
:10FE300074297E508490A3F27EEB407EA0EF5C4A52
:10FE40009AFC6E816D3374297E500B7E40019AFCC2
:10FE50006E817E18821490A3EC793E00021BEA208A
:10FE60006D3374297E50017E40E89AFC6E8190A328
:10FE7000EC693E00020BEA2012F5096D3374297E0D
:10FE800050017E40019AFC6E81744012F42EBEB087
:10FE9000006815740190A3F1F07E14BC6D7E04001F
:10FEA000FF9AFEB86902FF836D3374297E50017E8C
:10FEB00040029AFC6E81E412F42EBEB00068157404
:10FEC0000190A3F1F07E14BC6D7E0400FF9AFEB891
:10FED0006902FF836D3374297E50017E40E89AFCED
:10FEE0006E817E1403E890B5CC693E00020BEA20D7
:10FEF0009AFCFFEB7E1400649AFEBEC79AFF73B7AC
:10FF00006D3374297E50807E40019AFC6E816D3382
:10FF100074297E50FF7E40019AFC6E816D337429F6
:10FF20006C556C449AFC6E816D3374297E509190AF
:10FF3000A3F07EEB409AFC6E816D3374296C557E84
:10FF400040019AFC6E816D3374297E50FF6C449A97
:10FF5000FC6E816D3374297E50806C449AFC6E81F6
:10FF60006D3374296C557E40029AFC6E8174019049
:10FF7000B549F07E3400017E14FA297E0400FC9A13
:10FF8000FF71DA90A3F1E0AA90B82A1BEA3090B88A
:10FF90002A0BEA301B36682A0B36784A7E3468080A
:10FFA0007E2400FF90B20B793E00021BEA207E34D3
:10FFB00068717E2400FF90B207793E00021BEA20A0
:10FFC00080247E342E7F7E2400FE90B20B793E008A
:10FFD000021BEA207E3430427E2400FE90B2077974
:10FFE0003E00021BEA20AA75D89FAA6D0075D89F13
:10FFF000AA75D8A0AA75D8A4AA9AFF12B0AA3000F0
:0200000400FDFD
:1000000090B6801BEA20793E00027E14006490B610
:1000100080693E00020BEA209AFEBEC7793E0002CC
:100020001BEA20801F7E1803E89AFCA36190B6802B
:10003000693E00020BEA207E0800019F10793E0015
:10004000021BEA20A2F9E433BEB000780E90B6801D
:10005000693E00020BEA204D2378CA90B680693EC3
:1000600000020BEA204D23780474018001E4229001
:10007000AA71F090AA691BEA20793E000290AA6555
:100080001BEA00791E0002740190AA72F090AA6D1A
:10009000693E00020BEA204D23681290AA6D693E6A
:1000A00000020BEA20120000BEB000785890AA6946
:1000B000693E00020BEA20BE181000384890AA657D
:1000C000693E00020BEA204D23683AC3C2B590AAEC
:1000D00069693E00020BEA2090AEE7793E00021B00
:1000E000EA207E34000190AA65691E00020BEA0036
:1000F0009AFC8A6990AA71E0BEB0017803D3D2B5A8
:10010000E490AA72F090AA72E0AA90AB0D1BEA20CC
:10011000793E000290AB091BEA00791E00027401CF
:1001200090AB15F090AB11693E00020BEA204D2315
:10013000681290AB11693E00020BEA20120000BE6B
:10014000B000786390AB0D693E00020BEA20BE1848
:100150001000385390AB09693E00020BEA204D2392
:100160006845C3C2B590AB09693E00020BEA209016
:10017000AA17793E00021BEA2090AB0D693E0002EF
:100180000BEA2090AA1B793E00021BEA207E340075
:100190000190AB09691E00020BEA009AFC8EA0D305
:1001A000D2B5E490AB15F090AB15E0AA90A0C81BB7
:1001B000EA00791E000290A0C7F090A0C51BEA20BB
:1001C00090A0C31BEA30740190A0D8F090A0C86939
:1001D0003E00020BEA2090A0D9793E00021BEA20E3
:1001E000E490A0DDF06D3390A0DE1BEA307E340099
:1001F0000890A0E01BEA3090A0C30BEA1090A0C8C2
:10020000693E00020BEA207A1B3090A0C50BEA1071
:1002100090A0C8693E00020BEA200B347A1B309094
:10022000A0C7E090A0C8693E00020BEA202E34006F
:10023000037A1BB090A0D4693E00020BEA2090A084
:10024000CC691E00020BEA002F0190A0C8693E0095
:10025000020BEA200B36791100021B1A0090A0C88D
:10026000691E00020BEA000B16693000020B0A201F
:100270007D237E34FF005D326D227C457C567C6799
:100280006C7790A0C8695E00020BEA400B566912B9
:1002900000020B2A007D017E1400FF5D106D007CC2
:1002A000036C116D114D134D0290A0C8693E000200
:1002B0000BEA200B36695100020B1A406D337E2485
:1002C00000FF5D355D247C767C650A244D314D2030
:1002D00090A0C8691E00020BEA000B1669500002CC
:1002E0000B0A406D117E04FF005D155D040A100AC3
:1002F000024D134D0290A0C8693E00020BEA200B8C
:1003000036791100021B1A0090A0E00BEA3090A091
:10031000DE1BEA30806F90A0DE0BEA1090A0D96956
:100320003E00020BEA202D317E1BB090A0DDF09044
:10033000A0DE0BEA1090A0D9693E00020BEA202D46
:10034000310B347E1B3090A0DE0BEA0090A0D969FF
:100350003E00020BEA202D307A1B3090A0DDE090A9
:10036000A0DE0BEA1090A0D9693E00020BEA202D16
:10037000310B347A1BB07E24000290A0DE0BEA30F1
:100380002D321BEA3090A0DE0BEA106D0090A0CC5D
:10039000693E00020BEA20BF0150030203167E18DB
:1003A000038490AA6D793E00021BEA2090A0C869E0
:1003B0001E00020BEA0090A0CC693E00020BEA206E
:1003C00090A0D0695E00020BEA404D4578047401AC
:1003D0008001E49AFD006F90A0D8F090A0D8E0BE14
:1003E000B000784890A0D0693E00020BEA204D236F
:1003F000683A90A0D4693E00020BEA204D23682C95
:100400009F1190AA6D793E00021BEA2090A0D0694E
:100410001E00020BEA0090A0D4693E00020BEA2005
:1004200074019AFD006F90A0D8F08003D3D2B590EC
:10043000A0D8E0AA90B1D5F090B1D11BEA00791E06
:10044000000290B1CF1BEA30740290B1D1693E0036
:10045000020BEA207A1BB090B1CF0BEA1090B1D119
:10046000693E00020BEA200B347A1B3090B1D5E0D4
:100470000A1B6D0090B1D1693E00020BEA200B36D9
:10048000791100021B1A007E18038490AA6D793E30
:1004900000021BEA2090B1D1691E00020BEA009015
:1004A000B1D5E00A3B6D2274019AFD006F90B1D680
:1004B000F0E490B1D1693E00020BEA207A1BB07ED5
:1004C00018038490AB11793E00021BEA2090B1D151
:1004D000691E00020BEA0090B1D5E00A3B6D229A3A
:1004E000FD010A90B1D6F090B1D6E0AA90A7A17A0A
:1004F000EB5090A7A0F090A79E1BEA3090A79E0B10
:10050000EA3090A7AB1BEA3090A7A1E00A2B7C450C
:100510006C5590A7A0E00A3B4D3290A7AD1BEA3086
:100520007E18000C90A0CC793E00021BEA209F119F
:1005300090A0D0793E00021BEA209F1190A0D479B0
:100540003E00021BEA207E3400017E240001E47E8E
:1005500014A7A37E0400019AFD01AC90A7A2F0901D
:10056000A7A2E0AA90A85B7AEB6090A85A7AEB70F9
:1005700090A859F090A85AE00A2B7C456C5590A899
:1005800059E00A3B4D3290A8651BEA3090A85BE029
:100590000A3B90A8671BEA307E18000C90A0CC792B
:1005A0003E00021BEA209F1190A0D0793E00021B62
:1005B000EA209F1190A0D4793E00021BEA207E34ED
:1005C00000017E240002E47E14A85D7E0400019AEE
:1005D000FD01AC90A85CF090A85CE0AA90A7B11BCC
:1005E000EA2090A7AF1BEA3090A7AF0BEA3090A7A4
:1005F000BC1BEA3090A7B10BEA3090A7BE1BEA30D3
:100600007E18000C90A0CC793E00021BEA209F11BE
:1006100090A0D0793E00021BEA209F1190A0D479CF
:100620003E00021BEA207E3400017E240003E47EAB
:1006300014A7B47E0400019AFD01AC90A7B3F0901A
:10064000A7B3E0AA90AB161BEA3090AB160BEA30CA
:1006500090AB211BEA307E18000A90A0CC793E00B6
:10066000021BEA209F1190A0D0793E00021BEA20D5
:100670009F1190A0D4793E00021BEA207E34000135
:100680007E240004E47E14AB197E0400019AFD016F
:10069000AC90AB18F090AB18E0AA90AC89F090AC9D
:1006A00089E00A3B90AC931BEA307E18000A90A0C8
:1006B000CC793E00021BEA209F1190A0D0793E0029
:1006C000021BEA209F1190A0D4793E00021BEA2071
:1006D0007E3400017E240005E47E14AC8B7E040091
:1006E000019AFD01AC90AC8AF090AC8AE0AA90AB84
:1006F000231BEA3090AB230BEA3090AB2E1BEA3081
:100700007E18000A90A0CC793E00021BEA209F11BF
:1007100090A0D0793E00021BEA209F1190A0D479CE
:100720003E00021BEA207E3400017E240006E47EA7
:1007300014AB267E0400019AFD01AC90AB25F0902D
:10074000AB25E0AA90AC95F090AC95E00A3B90AC5C
:100750009F1BEA307E18000A90A0CC793E00021B55
:10076000EA209F1190A0D0793E00021BEA209F1141
:1007700090A0D4793E00021BEA207E3400017E2442
:100780000007E47E14AC977E0400019AFD01AC9052
:10079000AC96F090AC96E0AA90AB301BEA3090ABF0
:1007A000300BEA3090AB3B1BEA307E18000A90A079
:1007B000CC793E00021BEA209F1190A0D0793E0028
:1007C000021BEA209F1190A0D4793E00021BEA2070
:1007D0007E3400017E240008E47E14AB337E0400E6
:1007E000019AFD01AC90AB32F090AB32E0AA90AC34
:1007F000A1F090ACA1E00A3B90ACAB1BEA307E18B4
:10080000000A90A0CC793E00021BEA209F1190A024
:10081000D0793E00021BEA209F1190A0D4793E00BF
:10082000021BEA207E3400017E240009E47E14AC21
:10083000A37E0400019AFD01AC90ACA2F090ACA2A2
:10084000E0AA90A7C01BEA00791E00027E340001D6
:100850007E14A7C57E040001740C9AFD043490A791
:10086000C4F090A7C4E0BEB000781E7E340004CA75
:10087000397E34A7CD7E24000190A7C0691E0002F6
:100880000BEA009AFF7B3F1BFD90A7C4E0AA90A74C
:10089000D11BEA00791E00027E3400027E14A7D626
:1008A0007E040001740C9AFD043490A7D5F090A743
:1008B000D5E0BEB00078207E340004CA397E34A76B
:1008C000DE7E24000190A7D1691E00020BEA000B16
:1008D000169AFF7B3F1BFD90A7D5E0AA90A4421B70
:1008E000EA00791E00027E3400107E14A4477E04C4
:1008F000000174109AFD043490A446F090A446E0E0
:10090000BEB000783390A44AE090A442693E000251
:100910000BEA202E3400067A1BB07E340008CA3958
:100920007E34A44F7E24000190A442691E00020B75
:10093000EA009AFF7B3F1BFD90A446E0AA90A7E245
:100940001BEA00791E00027E3400117E14A7E77EA8
:10095000040001740C9AFD043490A7E6F090A7E619
:10096000E0BEB00078207E34A7EF7E24000169113C
:1009700000020B1A0090A7E2693E00020BEA207900
:100980001100021B1A0090A7E6E0AA90A2661BEADB
:100990000090A2641BEA1090A2621BEA2090A26061
:1009A0001BEA30740190A26AF090A2620BEA3090C8
:1009B000A2731BEA3090A2640BEA3090A2751BEA86
:1009C0003090A2660BEA3090A2771BEA3090A268C2
:1009D0000BEA3090A2791BEA30909495E0BEB0000B
:1009E000781290A2600BEA307D230A247E34001036
:1009F000BD2378487E18001090A0CC793E00021BE1
:100A0000EA209F1190A0D0793E00021BEA209F119E
:100A100090A0D4793E00021BEA2090A2600BEA303D
:100A20000A367E24000190A2600BEA507E14A26B6D
:100A30007E0400019AFD01AC90A26AF090A26AE0E7
:100A4000AA90AE821BEA307E18000890A0CC793EB6
:100A500000021BEA209F1190A0D0793E00021BEA01
:100A6000209F1190A0D4793E00021BEA2090AE8214
:100A70000BEA300A367E24000290AE820BEA507EEA
:100A800014AE857E0400019AFD01AC90AE84F09016
:100A9000AE84E0AA90A9381BEA2090A9361BEA3060
:100AA00090A9380BEA3090A9431BEA307E18000A5F
:100AB00090A0CC793E00021BEA209F1190A0D07933
:100AC0003E00021BEA209F1190A0D4793E00021B39
:100AD000EA2090A9360BEA300A367E24000390A95A
:100AE000360BEA507E14A93B7E0400019AFD01AC4E
:100AF00090A93AF090A93AE0AA90A6251BEA109096
:100B0000A6231BEA2090A6211BEA3090A6230BEA1D
:100B10003090A6301BEA3090A6250BEA3090A63222
:100B20001BEA307E18000C90A0CC793E00021BEA34
:100B3000209F1190A0D0793E00021BEA209F1190C7
:100B4000A0D4793E00021BEA2090A6210BEA300ACD
:100B5000367E24000490A6210BEA507E14A6287E3F
:100B60000400019AFD01AC90A627F090A627E0AA08
:100B700090A6381BEA1090A6361BEA2090A6341BDC
:100B8000EA3090A6360BEA3090A6431BEA3090A6D6
:100B9000380BEA3090A6451BEA307E18000C90A076
:100BA000CC793E00021BEA209F1190A0D0793E0034
:100BB000021BEA209F1190A0D4793E00021BEA207C
:100BC00090A6340BEA300A367E24000690A6340B39
:100BD000EA507E14A63B7E0400019AFD01AC90A66B
:100BE0003AF090A63AE0AA90AA75F090AA731BEA90
:100BF0003090AA75E00A3B90AA7F1BEA307E18006D
:100C00000A90A0CC793E00021BEA209F1190A0D050
:100C1000793E00021BEA209F1190A0D4793E000289
:100C20001BEA2090AA730BEA300A367E2400079054
:100C3000AA730BEA507E14AA777E0400019AFD0184
:100C4000AC90AA76F090AA76E0AA90B53B1BEA0099
:100C5000791E0002740190B53FF09094957EEBA050
:100C6000740ABCAB506A6D3390A2681BEA30909452
:100C7000957EEB7074012C7B7AEB700A277E341022
:100C8000004D326D226D116D009AFD098B90B53FBC
:100C9000F090B53FE0BEB00178109094957EEBA047
:100CA0007E70017CBA9CB7F0802690B53B693E000F
:100CB000020BEA204D236818909495E00A3B90B50A
:100CC0003B691E00020BEA009AFD0D8290B53FF0D1
:100CD00090B53FE0BEB00178046D33800C909495E0
:100CE000E00A2B7E3410004D32AA90A9471BEA205F
:100CF00090A9451BEA3090A9470BEA3090A9521BF6
:100D0000EA307E18000A90A0CC793E00021BEA204F
:100D10009F1190A0D0793E00021BEA209F1190A065
:100D2000D4793E00021BEA207E3400107E2400109D
:100D300090A9450BEA507E14A94A7E0400019AFD51
:100D400001AC90A949F090A949E0AA90B686F0902C
:100D5000B6841BEA306D2290B6840BEA30BD32783F
:100D60000A7E34100090B6841BEA3090B6840BEAF9
:100D70003090B686E09AFD0BE790B687F090B68784
:100D8000E0AA90A9561BEA00791E000290A9541B04
:100D9000EA3090A956691E00020BEA009AFDFFEFA7
:100DA0007DF36DEE7E18000890A0CC793E00021B0A
:100DB000EA2090A956693E00020BEA2090A0D07963
:100DC0003E00021BEA207E3400107E24000590A91C
:100DD000540BEA507E14A95B7E04000190A0D479E4
:100DE000FE00021BEAE09AFD01AC90A95AF090A91E
:100DF0005AE0AA90A86BF090A8691BEA3090A86905
:100E00000BEA3090A8751BEA3090A86BE00A3B9083
:100E1000A8771BEA307E18000C90A0CC793E000227
:100E20001BEA209F1190A0D0793E00021BEA209F70
:100E30001190A0D4793E00021BEA207E3400107E7F
:100E400024001174017E14A86D7E0400019AFD0136
:100E5000AC90A86CF090A86CE0AA90B0191BEA00C6
:100E600090B0171BEA1090B0151BEA2090B0131B2E
:100E7000EA30740190B01BF09094967EEBA074322F
:100E8000BCAB505290B0190BEA3090A2681BEA300C
:100E90009094967EEB7074012C7B7AEB700A277E1F
:100EA0003411004D3290B0130BEA2090B0150BEACC
:100EB0001090B0170BEA009AFD098B90B01BF090D0
:100EC000B01BE0BEB001780E9094967EEBA07E70D1
:100ED000017CBA9CB7F090B01BE0BEB00178046D05
:100EE00033800C909496E00A2B7E3411004D32AA88
:100EF00090972D1BEA00791E000290972B1BEA3079
:100F00007401909735F07E34972B7E2400019097E2
:100F10003E793E00021BEA2090972D693E00020BAD
:100F2000EA209093B4793E00021BEA2090973E6934
:100F30003E00020BEA209093B8793E00021BEA20A3
:100F40007E1494517E0400017E1800329AFCBAE5AA
:100F5000909731793E00021BEA20909731693E005C
:100F6000020BEA20BE1800004866909731693E00E7
:100F7000020BEA2090973A793E00021BEA207E1885
:100F8000000890A0CC793E00021BEA207E349451E8
:100F90007E24000190A0D0793E00021BEA209097A9
:100FA0003A693E00020BEA2090A0D4793E00021B71
:100FB000EA207E3400117E24000590972B0BEA5026
:100FC0007E1497367E0400019AFD01AC909735F0AF
:100FD000909735E0AA90A9651BEA00791E0002905F
:100FE000A9631BEA3090A965691E00020BEA009A0A
:100FF000FDFFEF6D2290A96E793E00021BEA207E74
:1010000018000890A0CC793E00021BEA2090A96548
:10101000693E00020BEA2090A0D0793E00021BEA54
:101020002090A96E693E00020BEA2090A0D4793E80
:1010300000021BEA207E3400117E24000590A96383
:101040000BEA507E14A96A7E0400019AFD01AC905F
:10105000A969F090A969E0AA90A9741BEA2090A957
:10106000721BEA3090A9740BEA3090A97F1BEA301A
:101070007E18000A90A0CC793E00021BEA209F1146
:1010800090A0D0793E00021BEA209F1190A0D47955
:101090003E00021BEA207E3400117E24001090A93D
:1010A000720BEA507E14A9777E0400019AFD01AC10
:1010B00090A976F090A976E0AA90B0221BEA009061
:1010C000B0201BEA1090B01E1BEA2090B01C1BEA57
:1010D00030740190B024F09094977EEBA07414BC0F
:1010E000AB505290B0220BEA3090A2681BEA3090CD
:1010F00094977EEB7074012C7B7AEB700A277E3418
:1011000012004D3290B01C0BEA2090B01E0BEA107A
:1011100090B0200BEA009AFD098B90B024F090B0BB
:1011200024E0BEB001780E9094977EEBA07E700113
:101130007CBA9CB7F090B024E0BEB00178046D3367
:10114000800C909497E00A2B7E3412004D32AA90C6
:1011500095611BEA00791E00029095607AEB509031
:10116000955FF090955D1BEA309F11909565793EF3
:1011700000021BEA207401909569F07E34955D7E33
:1011800024000190956A793E00021BEA2090956147
:10119000693E00020BEA209093B4793E00021BEAFC
:1011A0002090956A693E00020BEA209093B8793E40
:1011B00000021BEA207E1494517E0400017E180078
:1011C000329AFCBAE5909565793E00021BEA2090C0
:1011D0009565693E00020BEA20BE18000058030224
:1011E0001260909565693E00020BEA209095727935
:1011F0003E00021BEA2090955FE00A3B9095761B2B
:10120000EA30909560E00A3B9095781BEA307E18B2
:10121000000C90A0CC793E00021BEA207E34945151
:101220007E24000190A0D0793E00021BEA20909518
:1012300072693E00020BEA2090A0D4793E00021BA6
:10124000EA207E3400127E24000590955D0BEA5062
:101250007E14956E7E0400019AFD01AC909569F0B4
:10126000909569E0AA90A6CD1BEA2090A6CCF090BC
:10127000A6CA1BEA3090A6CD0BEA3090A6D81BEA8E
:101280003090A6CCE00A3B90A6DA1BEA307E18002C
:101290000C90A0CC793E00021BEA209F1190A0D0B8
:1012A000793E00021BEA209F1190A0D4793E0002F3
:1012B0001BEA207E3400127E24001090A6CA0BEA9E
:1012C000507E14A6D07E0400019AFD01AC90A6CFFA
:1012D000F090A6CFE0AA90A7F67AEB5090A7F5F091
:1012E00090A7F31BEA3090A7F5E00A3B90A8001BFB
:1012F000EA3090A7F6E00A3B90A8021BEA307E187D
:10130000000C90A0CC793E00021BEA209F1190A017
:10131000D0793E00021BEA209F1190A0D4793E00B4
:10132000021BEA207E3400127E24001190A7F30BEA
:10133000EA507E14A7F87E0400019AFD01AC90A744
:10134000F7F090A7F7E0AA90B02B1BEA0090B02925
:101350001BEA1090B0271BEA2090B0251BEA3074DE
:101360000190B02DF09094987EEBA07402BCAB502D
:101370005290B02B0BEA3090A2681BEA3090949800
:101380007EEB7074012C7B7AEB700A277E3413009D
:101390004D3290B0250BEA2090B0270BEA1090B0A8
:1013A000290BEA009AFD098B90B02DF090B02DE04A
:1013B000BEB001780E9094987EEBA07E70017CBA4E
:1013C0009CB7F090B02DE0BEB00178046D33800C76
:1013D000909498E00A2B7E3413004D32AA90A98392
:1013E0001BEA2090A9811BEA3090A9830BEA309078
:1013F000A98E1BEA307E18000A90A0CC793E00022C
:101400001BEA209F1190A0D0793E00021BEA209F8A
:101410001190A0D4793E00021BEA207E3400137E96
:1014200024000590A9810BEA507E14A9867E040051
:10143000019AFD01AC90A985F090A985E0AA90B031
:10144000341BEA0090B0321BEA1090B0301BEA2047
:1014500090B02E1BEA30740190B036F09094997ED3
:10146000EBA07401BCAB505290B0340BEA3090A2A8
:10147000681BEA309094997EEB7074012C7B7AEBB8
:10148000700A277E3414004D3290B02E0BEA209063
:10149000B0300BEA1090B0320BEA009AFD098B9045
:1014A000B036F090B036E0BEB001780E9094997EE0
:1014B000EBA07E70017CBA9CB7F090B036E0BEB075
:1014C0000178046D33800C909499E00A2B7E3414DB
:1014D000004D32AA90B03D1BEA0090B03B1BEA10D1
:1014E00090B0391BEA2090B0371BEA30740190B0FD
:1014F0003FF090949A7EEBA0740ABCAB505290B02F
:101500003D0BEA3090A2681BEA3090949A7EEB7013
:1015100074012C7B7AEB700A277E3415004D3290D3
:10152000B0370BEA2090B0390BEA1090B03B0BEAD1
:10153000009AFD098B90B03FF090B03FE0BEB00143
:10154000780E90949A7EEBA07E70017CBA9CB7F0E6
:1015500090B03FE0BEB00178046D33800C90949A57
:10156000E00A2B7E3415004D32AA90A8077AEB5082
:1015700090A806F090A8041BEA3090A806E00A3B69
:1015800090A8111BEA3090A807E00A3B90A8131B13
:10159000EA307E18000C90A0CC793E00021BEA20B5
:1015A0009F1190A0D0793E00021BEA209F1190A0CD
:1015B000D4793E00021BEA207E3400157E2400050B
:1015C00090A8040BEA507E14A8097E0400019AFD3D
:1015D00001AC90A808F090A808E0AA90B0461BEAD9
:1015E0000090B0441BEA1090B0421BEA2090B0403B
:1015F0001BEA3090B0460BEA3090A2681BEA307EBE
:1016000034160190B0400BEA2090B0420BEA1090E3
:10161000B0440BEA009AFD098B90B048F090B048B6
:10162000E0BEB00178046D3380047E341601AA90C8
:10163000A6DF1BEA2090A6DEF090A6DC1BEA309025
:10164000A6DC0BEA3090A6EA1BEA3090A6DF0BEA94
:10165000207C456C5590A6DEE00A3B4D3290A6EC0E
:101660001BEA307E18000C90A0CC793E00021BEAE9
:10167000209F1190A0D0793E00021BEA209F11907C
:10168000A0D4793E00021BEA207E3400167E24009E
:101690000574017E14A6E27E0400019AFD01AC905F
:1016A000A6E1F090A6E1E0AA90B04F1BEA0090B04E
:1016B0004D1BEA1090B04B1BEA2090B0491BEA305A
:1016C000740190B051F090949B7EEBA07405BCAB7C
:1016D000505290B04F0BEA3090A2681BEA309094C1
:1016E0009B7EEB7074012C7B7AEB700A277E34179B
:1016F000004D3290B0490BEA2090B04B0BEA1090AD
:10170000B04D0BEA009AFD098B90B051F090B051AA
:10171000E0BEB001780E90949B7EEBA07E70017CC1
:10172000BA9CB7F090B051E0BEB00178046D338040
:101730000C90949BE00A2B7E3417004D32AA90A2A5
:101740009D1BEA2090A2991BEA00791E000290A23C
:1017500098F090A2961BEA3090A298E00A3B90A2E3
:10176000AC1BEA3090A29F0BEA3090A2AE1BEA308D
:101770006D3390A2A21BEA30806890A2A20BEA10FF
:101780003E1490A299693E00020BEA202D310B1AFB
:10179000107E0400FF5D017C016C1190A2A20BEA97
:1017A000103E1490A299693E00020BEA202D310BE5
:1017B0001A307E14FF005D130A124D1090A2A20B86
:1017C000EA003E0490A299693E00020BEA202D3007
:1017D0001B1A1090A2A20BEA207E3400012D321BAE
:1017E000EA3090A29D0BEA2090A2A20BEA30BD3213
:1017F00040887E18000C90A0CC793E00021BEA20A5
:1018000090A299693E00020BEA2090A0D0793E0098
:10181000021BEA2090A29D0BEA303E346D2290A07C
:10182000D4793E00021BEA207E3400177E24000596
:1018300090A2960BEA507E14A2A47E0400019AFDA9
:1018400001AC90A2A1F090A2A1E0AA90A64B1BEA45
:101850001090A6491BEA2090A6471BEA3090A649A3
:101860000BEA3090A6561BEA3090A64B0BEA30905C
:10187000A6581BEA307E18000C90A0CC793E0002DE
:101880001BEA209F1190A0D0793E00021BEA209F06
:101890001190A0D4793E00021BEA207E3400177E0E
:1018A00024001090A6470BEA507E14A64E7E04003A
:1018B000019AFD01AC90A64DF090A64DE0AA90AA29
:1018C00083F090AA811BEA3090AA83E00A3B90AA99
:1018D0008D1BEA307E18000A90A0CC793E00021BD6
:1018E000EA209F1190A0D0793E00021BEA209F11B0
:1018F00090A0D4793E00021BEA207E3400177E249B
:10190000001190AA810BEA507E14AA857E04000182
:101910009AFD01AC90AA84F090AA84E0AA90AE8DC2
:101920001BEA307E18000890A0CC793E00021BEA2A
:10193000209F1190A0D0793E00021BEA209F1190B9
:10194000A0D4793E00021BEA207E3400177E2400DA
:101950001290AE8D0BEA507E14AE907E0400019A78
:10196000FD01AC90AE8FF090AE8FE0AA90B0581B06
:10197000EA0090B0561BEA1090B0541BEA2090B0D9
:10198000521BEA30740190B05AF090949C7EEBA008
:101990007405BCAB505290B0580BEA3090A2681B53
:1019A000EA3090949C7EEB7074012C7B7AEB700A89
:1019B000277E3418004D3290B0520BEA2090B0547C
:1019C0000BEA1090B0560BEA009AFD098B90B05AC2
:1019D000F090B05AE0BEB001780E90949C7EEBA0DF
:1019E0007E70017CBA9CB7F090B05AE0BEB001782E
:1019F000046D33800C90949CE00A2B7E3418004DCB
:101A000032AA909D19F0909D131BEA20909D0F1B08
:101A1000EA00791E0002909D0D1BEA30E4909D1AA9
:101A2000F0909D0F693E00020BEA20909D21793EC7
:101A300000021BEA20909D150BEA30909D130BEAE3
:101A400020AD32909D170BEA107E240004BD127861
:101A5000067E24000280047E240001AD326D2290B7
:101A60009D1D793E00021BEA20909D0F693E0002F9
:101A70000BEA204D236824909D130BEA206D33BDA3
:101A8000236818909D150BEA206D33BD23680C6DFB
:101A900022909D170BEA30BD32781C6D33909D2D3E
:101AA0001BEA306D33909D2F1BEA307E340001908D
:101AB0009D311BEA30802E909D130BEA30909D2DB6
:101AC0001BEA30909D150BEA30909D2F1BEA309059
:101AD0009D170BEA207C456C557E3400014D3290F9
:101AE0009D311BEA30909D19E00A3B909D331BEA23
:101AF00030909D1D693E00020BEA20BE180FF028B1
:101B0000067E340FF0800A909D1D693E00020BEAAC
:101B100020909D1B1BEA307E18001090A0CC793ECF
:101B200000021BEA20909D21693E00020BEA2090F2
:101B3000A0D0793E00021BEA20909D1B0BEA306D7D
:101B40002290A0D4793E00021BEA207E3400187E49
:101B5000240005909D0D0BEA507E149D257E040007
:101B6000019AFD01AC7CAB909D1AE02CBAF0909DDF
:101B70001B0BEA10909D21693E00020BEA202D31DB
:101B8000793E00021BEA20909D1B0BEA106D00902D
:101B90009D1D693E00020BEA209F10793E00021B4A
:101BA000EA20909D0F693E00020BEA204D23682435
:101BB000909D130BEA206D33BD236818909D150B83
:101BC000EA206D33BD23680C6D22909D170BEA301F
:101BD000BD32781A6D33909D2D1BEA306D33909D88
:101BE0002F1BEA306D33909D311BEA308028909D89
:101BF000130BEA30909D2D1BEA30909D150BEA30B7
:101C0000909D2F1BEA30909D170BEA307C676C7714
:101C1000909D311BEA30909D1D693E00020BEA2029
:101C20004D236803021AF1909D1AE0AA90A0E91BC7
:101C3000EA2090A0E51BEA00791E000290A0E4F0E3
:101C400090A0E21BEA30740190A0EFF0E490A0F0C5
:101C5000F090A0E5693E00020BEA2090A0F1793EE9
:101C600000021BEA2090A0E47EEBA0740ABCAB2823
:101C700003021D1290A0EB0BEA2090A0E90BEA30C2
:101C8000AD327D233E247E34000C2D326D2290A097
:101C9000F9793E00021BEA2090A0E4E00A2B7E3492
:101CA00001004D3290A0FD1BEA3090A0ED0BEA3010
:101CB00090A0FF1BEA307E18000C90A0CC793E006B
:101CC000021BEA2090A0E5693E00020BEA2090A0EA
:101CD000D0793E00021BEA2090A0EB0BEA2090A0F6
:101CE000E90BEA30AD323E346D2290A0D4793E004B
:101CF000021BEA207E3400187E24001090A0E20B24
:101D0000EA507E14A0F57E0400019AFD01AC90A07B
:101D1000EFF090A0EFE0AA909FC31BEA00909FC154
:101D20001BEA10909FBF1BEA20909FBEF0909FBCC3
:101D30001BEA307401909FC9F0909FBE7EEBA074A7
:101D400005BCAB2803021DD4909FBEE00A3B909FC8
:101D5000D21BEA30909FBF0BEA30909FD41BEA3031
:101D6000909FC10BEA30909FD61BEA30909FC30B27
:101D7000EA30909FD81BEA30909FC50BEA30909FC5
:101D8000DA1BEA30909FC70BEA30909FDC1BEA30E9
:101D90007E18001490A0CC793E00021BEA209F110F
:101DA00090A0D0793E00021BEA209F1190A0D47928
:101DB0003E00021BEA207E3400187E240011909F12
:101DC000BC0BEA507E149FCA7E0400019AFD01AC50
:101DD000909FC9F0909FC9E0AA90B0611BEA009063
:101DE000B05F1BEA1090B05D1BEA2090B05B1BEA6D
:101DF00030740190B063F090949D7EEBA07405BCAC
:101E0000AB505290B0610BEA3090A2681BEA309060
:101E1000949D7EEB7074012C7B7AEB700A277E34E4
:101E200019004D3290B05B0BEA2090B05D0BEA10C8
:101E300090B05F0BEA009AFD098B90B063F090B010
:101E400063E0BEB001780E90949D7EEBA07E7001A1
:101E50007CBA9CB7F090B063E0BEB00178046D33FB
:101E6000800C90949DE00A2B7E3419004D32AA908C
:101E7000A65E1BEA1090A65C1BEA2090A65A1BEAFD
:101E80003090A65C0BEA3090A6691BEA3090A65E03
:101E90000BEA3090A66B1BEA307E18000C90A0CCA9
:101EA000793E00021BEA209F1190A0D0793E0002EB
:101EB0001BEA209F1190A0D4793E00021BEA207EED
:101EC0003400197E24000590A65A0BEA507E14A611
:101ED000617E0400019AFD01AC90A660F090A660BE
:101EE000E0AA90B06AF090B0681BEA3090B0641B32
:101EF000EA00791E00026D3390B06B1BEA307E342D
:101F0000139390A5011BEA307E34139190A5031B17
:101F1000EA307E34139290A5051BEA307E34FFFF31
:101F200090A5071BEA307E3400016D227E146C0000
:101F30007E0402DC9AFC8F3C7E3400807E2400010B
:101F400074017E1400109AFDC5647E3400457E2421
:101F5000000174017E1400109AFDC5647E34008176
:101F60006D2274017E1400039AFDC5647E340080E6
:101F7000E49AFDC1BE7E1403E890B5CC693E000230
:101F80000BEA209AFCFFEB7E1400059AFEBEC79A6E
:101F9000FF73B77E34008074019AFDC1BE7E1403C6
:101FA000E890B5CC693E00020BEA209AFCFFEB7E7C
:101FB0001400149AFEBEC79AFF73B790B0680BEA7C
:101FC0003090B06AE09AFD0DF37E3400019AFD0670
:101FD000447E3400029AFD079874019AFD07EE9042
:101FE000B064693E00020BEA204D23681490B0648F
:101FF000691E00020BEA009AFD0C4A90B06B1BEAC6
:102000003090B06B0BEA30AA90B1571BEA20793EB2
:10201000000290B157693E00020BEA2090B15B7953
:102020003E00021BEA2090B15B693E00020BEA20F1
:102030007E2800017F019F02791E00021BEA004DED
:102040002378E3AA90B6301BEA00791E000290B60E
:1020500030693E00020BEA204D23680474018001C0
:10206000E47E14C1497E0400FF7E3400439AFF6978
:102070001190B630693E00020BEA200B1A30740151
:102080009AFDC1BE90B630693E00020BEA200B35C6
:102090000B1A3074019AFDC1BE90B630691E000261
:1020A0000BEA002E140005693000020B0A209AFD8D
:1020B000200890B630693E00020BEA200B350B1A5F
:1020C00030E49AFDC1BE90B630691E00020BEA00F2
:1020D0002E140005693000020B0A209AFD2008909A
:1020E000B630693E00020BEA200B1A30E49AFDC1BB
:1020F000BEAA90B6341BEA00791E000290B634697D
:102100003E00020BEA204D23680474018001E47E46
:1021100014C1497E0400FF7E3400569AFF69119075
:10212000B634693E00020BEA200B350B1A30E49AF4
:10213000FDC1BE90B634693E00020BEA200B1A3096
:10214000E49AFDC1BE90B634691E00020BEA002E6F
:10215000140005693000020B0A209AFD200890B691
:1021600034693E00020BEA200B1A3074019AFDC15B
:10217000BE90B634691E00020BEA002E14000569F9
:102180003000020B0A209AFD200890B634693E0008
:10219000020BEA200B350B1A3074019AFDC1BE9078
:1021A000B634691E00020BEA002E140005693000E7
:1021B000020B0A209AFD2008AA90B521F090B51DC7
:1021C0001BEA00791E000290B51D693E00020BEA71
:1021D000204D23680474018001E47E14C1497E040B
:1021E00000FF7E34006B9AFF691190B51D693E00B7
:1021F000020BEA200B1A30E49AFDC1BE90B521E033
:10220000BEB000681790B51D693E00020BEA200BB6
:10221000350B1A3074019AFDC1BE801490B51D694A
:102220003E00020BEA200B350B1A30E49AFDC1BECA
:1022300090B51D691E00020BEA002E1400056930DE
:1022400000020B0A209AFD200890B51D693E00028D
:102250000BEA200B1A3074019AFDC1BE90B51D69BE
:102260001E00020BEA002E140005693000020B0A62
:10227000209AFD200890B51D693E00020BEA200B54
:102280001A30E49AFDC1BE90B51D693E00020BEA0A
:10229000200B350B1A3074019AFDC1BEAA90B522ED
:1022A0001BEA00791E0002E490B526F090B5226981
:1022B0003E00020BEA204D23680474018001E47E95
:1022C00014C1497E0400FF7E3400889AFF69119092
:1022D000B522693E00020BEA200B1A30E49AFDC1D8
:1022E000BE90B522693E00020BEA200B350B1A3076
:1022F00074019AFDC1BE90B522691E00020BEA006E
:102300002E140005693000020B0A209AFD20089067
:10231000B522693E00020BEA200B1A3074019AFDC7
:10232000C1BE90B522691E00020BEA002E14000502
:10233000693000020B0A209AFD200890B522693E00
:1023400000020BEA200B350B1A309AFDBFC1BEB05C
:10235000006806740190B526F090B522693E00022F
:102360000BEA200B1A30E49AFDC1BE90B522691E1B
:1023700000020BEA002E140005693000020B0A204F
:102380009AFD200890B526E0AA90B3B9F090B3B5B5
:102390001BEA00791E0002748090B3BAF090B3B5C6
:1023A000693E00020BEA204D23680474018001E4B9
:1023B0007E14C1497E0400FF7E3400AC9AFF69118F
:1023C00002246090B3BAE090B3B97EEB705C7B0AF4
:1023D000276D33BD23681790B3B5693E00020BEA41
:1023E000200B350B1A3074019AFDC1BE801490B3D6
:1023F000B5693E00020BEA200B350B1A30E49AFD5A
:10240000C1BE90B3BAE01EB0F090B3B5691E000231
:102410000BEA002E140005693000020B0A209AFD19
:10242000200890B3B5693E00020BEA200B1A307405
:10243000019AFDC1BE90B3B5691E00020BEA002EE1
:10244000140005693000020B0A209AFD200890B3A1
:10245000B5693E00020BEA200B1A30E49AFDC1BEBA
:1024600090B3BAE0BEB00068030223C390B3B5696D
:102470001E00020BEA009AFD229DBEB0017803E423
:1024800080027401AA90B52BF090B5271BEA007961
:102490001E000290B527691E00020BEA0090B52BC2
:1024A000E09AFD2389BEB000780474018001E42223
:1024B00090B321F090B31D1BEA00791E000290B387
:1024C0001D693E00020BEA204D236804740180015F
:1024D000E47E14C1497E0400FF7E3400C69AFF6981
:1024E0001190B31D693E00020BEA200B367E1BB033
:1024F00090B322F090B321E090B31D693E00020B2F
:10250000EA200B367A1BB090B31D691E00020BEA5D
:10251000009AFD204490B31D691E00020BEA009052
:10252000B321E03EB012248590B323F090B31D692F
:102530001E00020BEA009AFD20F290B322E090B355
:102540001D693E00020BEA200B367A1BB090B323C4
:10255000E0AA90B328F090B3241BEA00791E000291
:10256000E490B329F0740890B32AF090B324693E44
:1025700000020BEA204D23680474018001E47E14FC
:10258000C1497E0400FF7E3400DB9AFF691190B3DD
:1025900024693E00020BEA200B1A30E49AFDC1BE0A
:1025A00090B324691E00020BEA002E140005693066
:1025B00000020B0A209AFD200890B324693E000215
:1025C0000BEA200B350B1A3074019AFDC1BE8078DE
:1025D00090B324693E00020BEA200B1A30E49AFD06
:1025E000C1BE90B324691E00020BEA002E14000540
:1025F000693000020B0A209AFD200890B324693E3E
:1026000000020BEA200B1A3074019AFDC1BE90B390
:1026100024691E00020BEA002E1400056930000236
:102620000B0A209AFD200890B324693E00020BEAB1
:10263000200B350B1A309AFDBFC17CAB90B329E05B
:102640003EB04CBA90B329F090B32A7EEBA07E70D6
:10265000017CBA9CB7F0BEA00068030225D090B3FD
:1026600024693E00020BEA200B1A30E49AFDC1BE39
:1026700090B324691E00020BEA002E140005693095
:1026800000020B0A209AFD200890B324691E000264
:102690000BEA0090B328E09AFD21B990B329E0AA93
:1026A00090B530F090B52C1BEA00791E000290B571
:1026B0002C693E00020BEA204D236804740180015E
:1026C000E47E14C1497E0400FF7E3400FE9AFF6957
:1026D0001190B52C691E00020BEA009AFD2044906F
:1026E000B52C691E00020BEA0090B52C693E000271
:1026F0000BEA200B367E1BB03EB09AFD238990B5C5
:102700002C691E00020BEA0090B530E09AFD238987
:1027100090B52C691E00020BEA009AFD20F2AA90E7
:10272000ABD91BEA20793E000290ABD51BEA0079B9
:102730001E000290ABD5693E00020BEA204D2368D3
:102740000474018001E47E14C1497E0400FF7E34DC
:1027500001109AFF691190ABD9693E00020BEA2083
:102760004D23680474018001E47E14C1497E040095
:10277000FF7E3401119AFF691190ABD5691E0002EA
:102780000BEA009AFD204490ABD5691E00020BEACB
:102790000090ABD5693E00020BEA200B367E1BB0E1
:1027A0003EB09AFD2389802490ABD5691E00020BB0
:1027B000EA0090ABD9693E00020BEA207E1BB00B09
:1027C00034793E00021BEA209AFD238990ABDD6933
:1027D0003E00020BEA207E2800017F019F02791E45
:1027E00000021BEA004D2378BF90ABD5691E0002A2
:1027F0000BEA009AFD20F2AA90B3BF1BEA3090B317
:10280000BB1BEA00791E000290B3BB693E00020BBD
:10281000EA204D23680474018001E47E14C1497EDE
:102820000400FF7E3401259AFF691190B3BB691E35
:1028300000020BEA009AFD204490B3BB691E00021F
:102840000BEA0090B3BB693E00020BEA200B367E18
:102850001BB03EB09AFD238990B3BB691E00020BEA
:10286000EA0090B3BF0BEA207E34FF005D327D5357
:102870000A5A9AFD238990B3BB691E00020BEA0035
:1028800090B3BF0BEA407E5400FF5D549AFD23894C
:1028900090B3BB691E00020BEA009AFD20F2AA90D9
:1028A000ABE51BEA20793E000290ABE11BEA007920
:1028B0001E000290ABE1693E00020BEA204D236846
:1028C0000474018001E47E14C1497E0400FF7E345B
:1028D00001389AFF691190ABE5693E00020BEA20CE
:1028E0004D23680474018001E47E14C1497E040014
:1028F000FF7E3401399AFF691190ABE1691E000235
:102900000BEA009AFD204490ABE1691E00020BEA3D
:102910000090ABE1693E00020BEA200B367E1BB053
:102920003EB09AFD2389804F90ABE1691E00020BF7
:10293000EA0090ABE5693E00020BEA200B1A207E0C
:1029400034FF005D327D530A5A9AFD238990ABE132
:10295000691E00020BEA0090ABE5693E00020BEA3B
:10296000200B1A400B35793E00021BEA207E5400F2
:10297000FF5D549AFD238990ABE9693E00020BEAA2
:10298000207E2800017F019F02791E00021BEA00C1
:102990004D23789490ABE1691E00020BEA009AFD8A
:1029A00020F2AA90B3C67AEB7090B3C5F090B3C191
:1029B0001BEA00791E000290B3C1693E00020BEAD7
:1029C000204D23680474018001E47E14C1497E0413
:1029D00000FF7E34014F9AFF691190B3C1691E0058
:1029E000020BEA009AFD204490B3C1691E00020B5D
:1029F000EA0090B3C1693E00020BEA200B367E1B51
:102A0000B03EB09AFD238990B3C1691E00020BEA63
:102A10000090B3C5E09AFD238990B3C1691E0002FE
:102A20000BEA0090B3C6E09AFD238990B3C1691EFA
:102A300000020BEA009AFD20F2AA90AAE71BEA2006
:102A4000793E000290AAE6F090AAE21BEA00791E05
:102A5000000290AAE2693E00020BEA204D236804BE
:102A600074018001E47E14C1497E0400FF7E3401BC
:102A7000639AFF691190AAE7693E00020BEA204DB4
:102A800023680474018001E47E14C1497E0400FFC0
:102A90007E3401649AFF691190AAE2691E00020B5C
:102AA000EA009AFD204490AAE2691E00020BEA00A7
:102AB00090AAE2693E00020BEA200B367E1BB03E74
:102AC000B09AFD238990AAE2691E00020BEA0090E9
:102AD000AAE6E09AFD2389802490AAE2691E0002FA
:102AE0000BEA0090AAE7693E00020BEA207E1BB0C9
:102AF0000B34793E00021BEA209AFD238990AAEB51
:102B0000693E00020BEA207E2800017F019F0279C6
:102B10001E00021BEA004D2378BF90AAE2691E0046
:102B2000020BEA009AFD20F2AA90B1651BEA209000
:102B3000B1631BEA3090B15F1BEA00791E0002907E
:102B4000B15F693E00020BEA204D236804740180E6
:102B500001E47E14C1497E0400FF7E34017A9AFFAD
:102B6000691190B15F691E00020BEA009AFD2044D2
:102B700090B15F691E00020BEA0090B15F693E00F0
:102B8000020BEA200B367E1BB03EB09AFD238990E3
:102B9000B15F691E00020BEA0090B1630BEA207E70
:102BA00034FF005D327D530A5A9AFD238990B15F4C
:102BB000691E00020BEA0090B1630BEA407E5400EC
:102BC000FF5D549AFD238990B15F691E00020BEAF4
:102BD0000090B1650BEA207E34FF005D327D530A20
:102BE0005A9AFD238990B15F691E00020BEA00909A
:102BF000B1650BEA407E5400FF5D549AFD23899035
:102C0000B15F691E00020BEA009AFD20F2AA90A9AA
:102C1000F91BEA3090A9F51BEA00791E000290A981
:102C2000F5693E00020BEA204D236804740180011F
:102C3000E47E14C1497E0400FF7E3401909AFF694E
:102C40001190A9FB693E00020BEA204D2368047431
:102C5000018001E47E14C1497E0400FF7E340191AD
:102C60009AFF691190A9F5691E00020BEA009AFD0E
:102C7000204490A9F5691E00020BEA0090A9F569AD
:102C80003E00020BEA200B367E1BB03EB09AFD23BD
:102C90008990A9F5691E00020BEA0090A9F90BEAD8
:102CA000207E34FF005D327D530A5A9AFD238990BD
:102CB000A9F5691E00020BEA0090A9F90BEA407E13
:102CC0005400FF5D549AFD2389804F90A9F5691E39
:102CD00000020BEA0090A9FB693E00020BEA200B00
:102CE0001A207E34FF005D327D530A5A9AFD2389F3
:102CF00090A9F5691E00020BEA0090A9FB693E004D
:102D0000020BEA200B1A400B35793E00021BEA2029
:102D10007E5400FF5D549AFD238990A9FF693E000F
:102D2000020BEA207E2800017F019F02791E00022B
:102D30001BEA004D23789490A9F5691E00020BEA66
:102D4000009AFD20F2AA90B5311BEA00791E00021C
:102D5000E490B535F090B531693E00020BEA204DA4
:102D600023680474018001E47E14C1497E0400FFDD
:102D70007E3401A89AFF691190B531691E00020BDB
:102D8000EA009AFD204490B531691E00020BEA006A
:102D900090B531693E00020BEA200B367E1BA03E47
:102DA000A074014CBA9AFD238990B531691E0002C6
:102DB0000BEA0074019AFD255290B535F090B531BB
:102DC000691E00020BEA009AFD20F290B535E0AAD8
:102DD00090ABF11BEA20793E000290ABED1BEA00BC
:102DE000791E000290ABED693E00020BEA204D23F4
:102DF000680474018001E47E14C1497E0400FF7EF2
:102E00003401BC9AFF691190ABF1693E00020BEAF4
:102E1000204D23680474018001E47E14C1497E04BE
:102E200000FF7E3401BD9AFF691190ABED691E0071
:102E3000020BEA009AFD204490ABED691E00020BE4
:102E4000EA0090ABED693E00020BEA200B367E1BD8
:102E5000A03EA074014CBA9AFD2389804490ABED4A
:102E6000691E00020BEA0090ABF5693E00020BEA16
:102E7000204D23780474018001E49AFD255290AB23
:102E8000F1693E00020BEA207A1BB090ABF1693E7B
:102E900000020BEA200B3490ABF1793E00021BEAF2
:102EA0002090ABF5693E00020BEA207E2800017FEE
:102EB000019F02791E00021BEA004D23789F90AB10
:102EC000ED691E00020BEA009AFD20F2AA90B3C73A
:102ED0001BEA00791E00026D3390B3CB1BEA3090E1
:102EE000B3C7693E00020BEA204D236804740180D9
:102EF00001E47E14C1497E0400FF7E3401D29AFFB2
:102F0000691190B3C7691E00020BEA009AFD2044C4
:102F100090B3C7691E00020BEA0090B3C7693E0078
:102F2000020BEA200B367E1BA03EA074014CBA9A1D
:102F3000FD238990B3C7691E00020BEA00E49AFDE5
:102F400025520A3B90B3CB1BEA3090B3C7691E00F1
:102F5000020BEA0074019AFD25520A2B90B3CB0BA9
:102F6000EA307C676C774D3290B3CB1BEA3090B37C
:102F7000C7691E00020BEA009AFD20F290B3CB0B4A
:102F8000EA30AA90ABFD1BEA20793E000290ABF933
:102F90001BEA00791E000290ABF9693E00020BEAC1
:102FA000204D23680474018001E47E14C1497E042D
:102FB00000FF7E3401E69AFF691190ABFD693E0087
:102FC000020BEA204D23680474018001E47E14C1E1
:102FD000497E0400FF7E3401E79AFF691190ABF946
:102FE000691E00020BEA009AFD204490ABF9691EAD
:102FF00000020BEA0090ABF9693E00020BEA200BDD
:10300000367E1BA03EA074014CBA9AFD23898074C1
:1030100090ABF9691E00020BEA00E49AFD25520A02
:103020001B90ABFD693E00020BEA201B1A1090AB0F
:10303000F9691E00020BEA0090AC01693E00020B28
:10304000EA204D23780474018001E49AFD25520A98
:103050000B90ABFD693E00020BEA200B1A107C239B
:103060006C334D1090ABFD693E00020BEA201B1A39
:103070001090ABFD693E00020BEA200B35793E0053
:10308000021BEA2090AC01693E00020BEA207E2878
:1030900000017F019F02791E00021BEA004D236898
:1030A0000302301090ABF9691E00020BEA009AFD92
:1030B00020F2AA90B3D1F090B3CD1BEA00791E00A4
:1030C00002E490B3D2F090B3CD693E00020BEA2047
:1030D0004D23680474018001E47E14C1497E04001C
:1030E000FF7E3401FE9AFF691190B3CD691E000284
:1030F0000BEA009AFD204490B3CD691E00020BEA52
:103100000090B3CD693E00020BEA200B367E1BB067
:103110003EB09AFD238990B3CD691E00020BEA00F0
:1031200090B3D1E09AFD238990B3CD691E00020BC4
:10313000EA009AFD204490B3CD691E00020BEA001C
:1031400090B3CD693E00020BEA200B367E1BA03EF9
:10315000A074014CBA9AFD238990B3CD691E000278
:103160000BEA0074019AFD255290B3D2F090B3CDD2
:10317000691E00020BEA009AFD20F290B3D2E0AA89
:1031800090AAF41BEA20793E000290AAF3F090AADC
:10319000EF1BEA00791E000290AAEF693E00020BC5
:1031A000EA204D23680474018001E47E14C1497E45
:1031B0000400FF7E3402159AFF691190AAF4693E5B
:1031C00000020BEA204D23680474018001E47E14A0
:1031D000C1497E0400FF7E3402169AFF691190AA4D
:1031E000EF691E00020BEA009AFD204490AAEF69E5
:1031F0001E00020BEA0090AAEF693E00020BEA20D3
:103200000B367E1BB03EB09AFD238990AAEF691E53
:1032100000020BEA0090AAF3E09AFD238990AAEF3E
:10322000691E00020BEA009AFD204490AAEF691E75
:1032300000020BEA0090AAEF693E00020BEA200BA5
:10324000367E1BA03EA074014CBA9AFD23898044AF
:1032500090AAEF691E00020BEA0090AAF8693E00EE
:10326000020BEA204D23780474018001E49AFD25C5
:103270005290AAF4693E00020BEA207A1BB090AA91
:10328000F4693E00020BEA200B3490AAF4793E0068
:10329000021BEA2090AAF8693E00020BEA207E2871
:1032A00000017F019F02791E00021BEA004D237876
:1032B0009F90AAEF691E00020BEA009AFD20F2AA75
:1032C00090B16B1BEA3090B1671BEA00791E0002D7
:1032D0006D3390B16D1BEA3090B167693E00020B0F
:1032E000EA204D23680474018001E47E14C1497E04
:1032F0000400FF7E34022E9AFF691190B167691EA7
:1033000000020BEA009AFD204490B167691E00029A
:103310000BEA0090B167693E00020BEA200B367E93
:103320001BB03EB09AFD238990B167691E00020B65
:10333000EA0090B16B0BEA207E34FF005D327D53D2
:103340000A5A9AFD238990B167691E00020BEA00B0
:1033500090B16B0BEA407E5400FF5D549AFD2389C7
:1033600090B167691E00020BEA009AFD204490B1FB
:1033700067691E00020BEA0090B167693E00020B0C
:10338000EA200B367E1BA03EA074014CBA9AFD23A6
:103390008990B167691E00020BEA00E49AFD25528C
:1033A0000A3B90B16D1BEA3090B167691E00020BB9
:1033B000EA0074019AFD25520A2B90B16D0BEA3098
:1033C0007C676C774D3290B16D1BEA3090B16769C4
:1033D0001E00020BEA009AFD20F290B16D0BEA305C
:1033E000AA90AA071BEA3090AA031BEA00791E00E4
:1033F0000290AA03693E00020BEA204D2368047480
:10340000018001E47E14C1497E0400FF7E3402473E
:103410009AFF691190AA09693E00020BEA204D2328
:10342000680474018001E47E14C1497E0400FF7EBB
:103430003402489AFF691190AA03691E00020BEA40
:10344000009AFD204490AA03691E00020BEA009036
:10345000AA03693E00020BEA200B367E1BB03EB089
:103460009AFD238990AA03691E00020BEA0090AA24
:10347000070BEA207E34FF005D327D530A5A9AFD25
:10348000238990AA03691E00020BEA0090AA070B89
:10349000EA407E5400FF5D549AFD238990AA036997
:1034A0001E00020BEA009AFD204490AA03691E0048
:1034B000020BEA0090AA03693E00020BEA200B36D9
:1034C0007E1BA03EA074014CBA9AFD2389807490A3
:1034D000AA03691E00020BEA00E49AFD25520A1BAA
:1034E00090AA09693E00020BEA201B1A1090AA0359
:1034F000691E00020BEA0090AA0D693E00020BEA69
:10350000204D23780474018001E49AFD25520A0BB2
:1035100090AA09693E00020BEA200B1A107C236C6A
:10352000334D1090AA09693E00020BEA201B1A10C5
:1035300090AA09693E00020BEA200B35793E000291
:103540001BEA2090AA0D693E00020BEA207E2800AB
:10355000017F019F02791E00021BEA004D236803D0
:103560000234CF90AA03691E00020BEA009AFD20E4
:10357000F2AA90A41C1BEA20793E000290A4181B1A
:10358000EA00791E0002E490A42CF090A418693E91
:1035900000020BEA204D23680474018001E47E14CC
:1035A000C1497E0400FF7E3402679AFF691190A42E
:1035B0001C693E00020BEA204D236804740180015F
:1035C000E47E14C1497E0400FF7E3402689AFF69DC
:1035D0001190A424693E00020BEA204D2368047474
:1035E000018001E47E14C1497E0400FF7E3402693B
:1035F0009AFF691190A418691E00020BEA009AFD57
:10360000204490A418691E00020BEA0090A41869D7
:103610003E00020BEA200B367E1BB03EB012248522
:103620007CAB90A42CE04CBAF0802C90A418691EBE
:1036300000020BEA0090A41C693E00020BEA207E07
:103640001BB00B34793E00021BEA201224857CABB0
:1036500090A42CE04CBAF090A420693E00020BEA42
:10366000207E2800017F019F02791E00021BEA00D4
:103670004D2378B790A428693E00020BEA204D2321
:10368000780302372190A418691E00020BEA009A01
:10369000FD204490A418691E00020BEA0090A418B3
:1036A000693E00020BEA200B367E1BA03EA074018F
:1036B0004CBA1224857CAB90A42CE04CBAF0804428
:1036C00090A418691E00020BEA0090A428693E002D
:1036D000020BEA204D23780474018001E49AFD2551
:1036E0005290A424693E00020BEA207A1BB090A4F9
:1036F00024693E00020BEA200B3490A424793E009A
:10370000021BEA2090A428693E00020BEA207E28D2
:1037100000017F019F02791E00021BEA004D237801
:103720009F90A418691E00020BEA009AFD20F290F7
:10373000A42CE0AA90A4D51BEA20793E000290A414
:10374000D11BEA00791E000290A4D9693E00020B49
:10375000EA2090A420793E00021BEA2090A4DD69B3
:103760003E00020BEA2090A424793E00021BEA20CE
:1037700090A4E1693E00020BEA2090A428793E0063
:10378000021BEA2090A4D1691E00020BEA0090A45B
:10379000D5693E00020BEA209AFD3572AA90A4E991
:1037A0001BEA20793E000290A4E51BEA00791E0086
:1037B0000290A4E5693E00020BEA204D23680474E0
:1037C000018001E47E14C1497E0400FF7E34029032
:1037D0009AFF691190A4E9693E00020BEA204D238B
:1037E000680474018001E47E14C1497E0400FF7EF8
:1037F0003402919AFF691190A4F1693E00020BEA2C
:10380000204D23680474018001E47E14C1497E04C4
:1038100000FF7E3402929AFF691190A4E5691E00B0
:10382000020BEA009AFD204490A4E5691E00020BF9
:10383000EA0090A4E5693E00020BEA200B367E1BED
:10384000B03EB09AFD2389804F90A4E5691E000226
:103850000BEA0090A4E9693E00020BEA200B1A2053
:103860007E34FF005D327D530A5A9AFD238990A46D
:10387000E5691E00020BEA0090A4E9693E00020B14
:10388000EA200B1A400B35793E00021BEA207E54D9
:1038900000FF5D549AFD238990A4ED693E00020B60
:1038A000EA207E2800017F019F02791E00021BEAA8
:1038B000004D23789490A4F5693E00020BEA204D58
:1038C00023780302398D90A4E5691E00020BEA00FB
:1038D0009AFD204490A4E5691E00020BEA0090A422
:1038E000E5693E00020BEA200B367E1BA03EA07469
:1038F000014CBA9AFD2389807490A4E5691E0002E8
:103900000BEA00E49AFD25520A1B90A4F1693E00DF
:10391000020BEA201B1A1090A4E5691E00020BEAB4
:103920000090A4F5693E00020BEA204D2378047450
:10393000018001E49AFD25520A0B90A4F1693E0032
:10394000020BEA200B1A107C236C334D1090A4F16B
:10395000693E00020BEA201B1A1090A4F1693E0098
:10396000020BEA200B35793E00021BEA2090A4F5F9
:10397000693E00020BEA207E2800017F019F027948
:103980001E00021BEA004D2368030238F990A4E5EB
:10399000691E00020BEA009AFD20F2AA90B3D87AC1
:1039A000EB7090B3D7F090B3D31BEA00791E0002FE
:1039B00090B3D3693E00020BEA204D2368047401E2
:1039C0008001E47E14C1497E0400FF7E3402B39A74
:1039D000FF691190B3D3691E00020BEA009AFD2023
:1039E0004490B3D3691E00020BEA0090B3D3693E42
:1039F00000020BEA200B367E1BB03EB09AFD2389F5
:103A000090B3D3691E00020BEA0090B3D7E09AFD91
:103A1000238990B3D3691E00020BEA0090B3D8E06B
:103A20009AFD238990B3D3691E00020BEA009AFD28
:103A300020F2AA90B3DDF090B3D91BEA00791E0002
:103A400002E490B3DEF090B3D9693E00020BEA20A5
:103A50004D23680474018001E47E14C1497E040092
:103A6000FF7E3402C69AFF691190B3D9691E000225
:103A70000BEA009AFD204490B3D9691E00020BEABC
:103A80000090B3D9693E00020BEA200B367E1BB0D2
:103A90003EB09AFD238990B3D9691E00020BEA005B
:103AA00090B3DDE09AFD238990B3D9691E00020B23
:103AB000EA009AFD20F290B3D9691E00020BEA00D9
:103AC0009AFD204490B3D9691E00020BEA0090B31E
:103AD000D9693E00020BEA200B367E1BA03EA07483
:103AE000014CBA9AFD238990B3D9691E00020BEAF2
:103AF0000074019AFD255290B3DEF090B3D9691E8F
:103B000000020BEA009AFD20F290B3DEE0AA90AB2F
:103B1000011BEA20793E000290AB00F090AAFC1B4A
:103B2000EA00791E000290AAFC693E00020BEA201E
:103B30004D23680474018001E47E14C1497E0400B1
:103B4000FF7E3402E09AFF691190AB070BEA2090E8
:103B5000AB050BEA30BD32680474018001E47E14C9
:103B6000C1497E0400FF7E3402E19AFF691190ABE7
:103B7000050BEA1090AAFC693E00020BEA201B1A12
:103B80001090AB070BEA1090AAFC693E00020BEA0A
:103B9000200B351B1A1090AB00E090AAFC693E0088
:103BA000020BEA200B367A1BB090AB01691E0002B3
:103BB0000BEA0090AAFC693E00020BEA202E3400BA
:103BC00005791100021B1A0090AB050BEA307E2428
:103BD000000174017E1400119AFDC56490AB070BBF
:103BE000EA307E24000174017E1400119AFDC56440
:103BF00090AB050BEA309AFDBB2990AB070BEA307E
:103C00009AFDBB29AA90B87DF090B87DE0BEB02C9B
:103C1000682490B87DE0BEB03A681B90B87DE0BEE5
:103C2000B03D681290B87DE0BEB020680990B87DC4
:103C3000E0BEB009780474018001E42290B87EF0FF
:103C400090B87EE0BEB02C682490B87EE0BEB03B59
:103C5000681B90B87EE0BEB07C681290B87EE0BE73
:103C6000B020680990B87EE0BEB009780474018085
:103C700001E42290B6F81BEA00791E00028013903E
:103C8000B6F8693E00020BEA200B34793E00021BB5
:103C9000EA2090B6F8693E00020BEA207E1BB0BE17
:103CA000B000681590B6F8693E00020BEA207E1B52
:103CB000B0123C05BEB00078C690B6F8693E00026E
:103CC0000BEA202290B6FC1BEA00791E000280134A
:103CD00090B6FC693E00020BEA200B34793E0002EC
:103CE0001BEA2090B6FC693E00020BEA207E1BB066
:103CF000BEB000681590B6FC693E00020BEA207E5B
:103D00001BB0123C3CBEB00078C690B6FC693E00C9
:103D1000020BEA202290B87FF090B87F7EEBA0746F
:103D200030BCAB480C90B87F7EEBA07439BCAB08BC
:103D30001B90B87FE0BEB02B681290B87FE0BEB099
:103D40002D680990B87FE0BEB02E78047401800120
:103D5000E42290B5721BEA00791E0002E490B57669
:103D6000F0805190B5767EEB70740DACB77E3474F4
:103D70002D2D357A71827A6183691E00020BEA006B
:103D800090B572693E00020BEA209AFEFFE9BEB0D0
:103D900000781690B5767EEB70740DACB77E3474F7
:103DA0002D7E2400012D35801B90B5767EEBA0740E
:103DB000012CBAF09076A57EEBA090B576E0BCBA67
:103DC00040A19F112290B5771BEA00791E0002E402
:103DD00090B57BF0805190B57B7EEB70740CACB7E6
:103DE0007E3476CC2D357A71827A6183691E000229
:103DF0000BEA0090B577693E00020BEA209AFEFFBD
:103E0000E9BEB000781690B57B7EEB70740CACB751
:103E10007E3476CC7E2400012D35801B90B57B7ED0
:103E2000EBA074012CBAF09077C97EEBA090B57B23
:103E3000E0BCBA40A19F112290B57C1BEA00791E1C
:103E40000002E490B580F090B57C693E00020BEA78
:103E5000204D237807E49076A6F08074803590B5E5
:103E600080E00A1B90B57C693E00020BEA202D31F0
:103E70007E1BA090B580E00A2B7E3476A62D327A88
:103E800071827A61837AEBA090B5807EEBA0740199
:103E90002CBAF090B580E00A1B90B57C693E000218
:103EA0000BEA202D317E1BB0BEB000680C90B580AF
:103EB0007EEBA0741FBCAB40A56CAA90B580E00A55
:103EC0002B7E3476A62D327A71827A61837AEBA0CA
:103ED0002290B0D8F090B0D41BEA20793E00029036
:103EE000B0D01BEA00791E000290B0D4693E0002F7
:103EF0000BEA207E1BA0747FBCAB503790B0D8E09B
:103F000090B0D4693E00020BEA207E1BA00A1A90F2
:103F1000B0D0693E00020BEA202D317A1BB090B080
:103F2000D4691E00020BEA007E0B607E70012C76C5
:103F30007A0B702290AD291BEA20793E000290ADE9
:103F4000251BEA00791E000290AD2D693E00020B90
:103F5000EA204D23684B803790AD25691E00020B87
:103F6000EA0090AD29693E00020BEA2090AD2D6970
:103F70005E00020BEA407E2BB0123ED190AD2D695F
:103F80003E00020BEA200B34793E00021BEA20902F
:103F9000AD2D693E00020BEA207E1BB0BEB000785A
:103FA000B72290A3D91BEA20793E000290A3D51B2B
:103FB000EA00791E0002E490A3EBF090A3DD693ED5
:103FC00000020BEA204D23781C90A3D5691E000245
:103FD0000BEA0090A3D9693E00020BEA207430126C
:103FE0003ED102409780537E14000A90A3DD693EC3
:103FF00000020BEA209AFCFFEB7E2800302F207C89
:10400000AB90A3EBE00A2B7E34A3E12D327A7182D0
:104010007A61837AEBA07E14000A90A3DD693E00EA
:10402000020BEA209AFCFFEB793E00021BEA20908B
:10403000A3EB7EEBA074012CBAF090A3DD693E00E7
:10404000020BEA204D23680C90A3EB7EEBA0740AD0
:10405000BCAB4093803890A3EB7EEBA07E70017CDC
:10406000BA9CB7F090A3D5691E00020BEA0090A39A
:10407000D9693E00020BEA2090A3EBE00A4B7E5484
:10408000A3E12D547AB1827AA183E0123ED190A3AC
:10409000EBE0BEB00078BF2290A2101BEA20793E70
:1040A000000290A20C1BEA00791E000290A2146983
:1040B0001E00020BEA009F119AFEB79B283390A2C4
:1040C0000C691E00020BEA0090A210693E00020B70
:1040D000EA20742D123ED19F1190A214691E000295
:1040E0000BEA009AFF023390A214793E00021BEA09
:1040F0002090A214693E00020BEA206D117E044458
:104100007A9AFF02376D117E043F009AFF022F9AC0
:10411000FF025790A218793E00021BEA2090A218D5
:10412000693E00020BEA2090A21C793E00021BEAC5
:10413000207E1403E890A21C693E00020BEA209A3C
:10414000FCFFEB90A220793E00021BEA207E1403C4
:10415000E890A21C693E00020BEA209AFCFFEB905B
:10416000A224791E00021BEA0090A220693E0002F0
:104170000BEA2090A3DD793E00021BEA2090A20CFE
:10418000691E00020BEA0090A210693E00020BEAD1
:1041900020123FA290A20C691E00020BEA0090A21E
:1041A00010693E00020BEA20742E123ED190A20C40
:1041B000691E00020BEA00CA0B90A210693E0002C1
:1041C0000BEA20CA1B7E14006490A224693E000200
:1041D0000BEA209AFCFFEB7E2800302F21DA1BDA55
:1041E0000B123ED17E14006490A224693E00020BA3
:1041F000EA209AFCFFEB791E00021BEA0090A20C59
:10420000691E00020BEA00CA0B90A210693E000270
:104210000BEA20CA1B7E14000A90A224693E000209
:104220000BEA209AFCFFEB7E2800302F21DA1BDA04
:104230000B123ED190A20C691E00020BEA00CA0BC1
:1042400090A210693E00020BEA20CA1B7E14000AED
:1042500090A224693E00020BEA209AFCFFEB7E2824
:1042600000302F20DA1BDA0B123ED12290A27B1BEA
:10427000EA00791E00029F1190A27F793E00021B86
:10428000EA209F1190A283793E00021BEA206D3341
:104290007E243F8090A287793E00021BEA20E490B2
:1042A000A293F0E490A294F0E490A295F090A27B07
:1042B000693E00020BEA207E1BB0BEB02D781B7455
:1042C0000190A293F090A27B693E00020BEA200BC2
:1042D00034793E00021BEA20802590A27B693E00D3
:1042E000020BEA207E1BB0BEB02B781390A27B6934
:1042F0003E00020BEA200B34793E00021BEA20024A
:10430000440290A27B693E00020BEA207E1BB0BEF5
:10431000B02E781C740190A294F090A27B693E00AC
:10432000020BEA200B34793E00021BEA2002440211
:1043300090A27B693E00020BEA207E1B700A377E4A
:104340002400309D321A261A249AFF025390A28F1D
:10435000793E00021BEA2090A294E0BEB000782EC5
:1043600090A27F693E00020BEA206D117E0441207D
:104370009AFF023790A28F691E00020BEA009AFF93
:10438000022F90A27F793E00021BEA20806190A25A
:10439000957EEBA07406BCAB505590A283693E009D
:1043A000020BEA206D117E0441209AFF023790A291
:1043B0008F691E00020BEA009AFF022F90A28379F8
:1043C0003E00021BEA2090A287693E00020BEA2011
:1043D0006D117E0441209AFF023790A287793E003A
:1043E000021BEA2090A2957EEBA074012CBAF090FB
:1043F000A27B693E00020BEA200B34793E00021BCF
:10440000EA2090A27B693E00020BEA207E1BB0BE30
:10441000B000680302430290A294E0BEB000682A94
:1044200090A283693E00020BEA2090A287691E00D9
:10443000020BEA009AFF023B7F0190A27F693E00D7
:10444000020BEA209AFF022F800A90A27F693E00A9
:10445000020BEA2090A28B793E00021BEA2090A278
:1044600093E0BEB00068129F1190A28B691E0002FB
:104470000BEA009AFF0233800A90A28B693E000289
:104480000BEA202290AB79F090AB751BEA20793EC5
:10449000000290AB711BEA00791E00027E34B98ED7
:1044A0007E2400FF90AB71691E00020BEA009AFEA9
:1044B000FFE9BEB000681F7E34B98A7E2400FF90F9
:1044C000AB71691E00020BEA009AFEFFE9BEB00064
:1044D00068047401807390AB75693E00020BEA209A
:1044E0004D23680990AB79E0BEB0016803E48059C0
:1044F0009F116D117E0441209AFF023390AB7A79AF
:104500003E00021BEA2090AB75691E00020BEA0018
:10451000693000020B0A206D117E0441209AFEB71B
:104520009B382190AB75691E00020BEA00693000D0
:10453000020B0A2090AB7A691E00020BEA009AFE79
:10454000B79B5003E4800274012290A83FF090A82A
:104550003B1BEA20793E000290A8371BEA00791E37
:104560000002E490A840F002474590A837691E0079
:10457000020BEA00123CC490A837793E00021BEA05
:104580002090A837693E00020BEA207E1BB0BEB027
:10459000007804E402478490A837693E00020BEAE1
:1045A0002090A843793E00021BEA20E490A841F045
:1045B000E490A842F090A837693E00020BEA207E02
:1045C0001BB0BEB02B681290A837693E00020BEA00
:1045D000207E1BB0BEB02D781390A837693E000234
:1045E0000BEA200B34793E00021BEA20807890A869
:1045F00037693E00020BEA207E1BB0BEB02E780D5C
:1046000090A842E0BEB0006804E402478490A83756
:10461000693E00020BEA207E1BB0BEB02E78087403
:104620000190A842F0802C90A837693E00020BEA66
:10463000207E1BA07430BCAB481990A837693E009F
:10464000020BEA207E1BA07439BCAB1806740190E3
:10465000A841F090A837693E00020BEA200B34799C
:104660003E00021BEA2090A837693E00020BEA20B8
:104670007E1BB0123D15BEB00068030245EE90A847
:1046800041E0BEB0007804E402478490A837693E58
:1046900000020BEA207E1BB0BEB000681990A8375C
:1046A000693E00020BEA207E1BB0123C3CBEB0000B
:1046B0007804E402478490A837693E00020BEA20A0
:1046C0007E1BB090A847F0E490A837693E00020B2B
:1046D000EA207A1BB090A843691E00020BEA001280
:1046E000426C7F0190A8407EEB707404ACB790A838
:1046F0003B693E00020BEA202D35791100021B1A9E
:104700000090A847E0BEB000781D90A83FE00A2BBB
:104710007E3400019D2390A840E00A3BBD3278041E
:1047200074018001E4805D90A837693E00020BEAC5
:10473000200B34793E00021BEA2090A8407EEBA0BB
:1047400074012CBAF090A83F7EEBA090A840E0BC8A
:10475000BA500302456A90A837691E00020BEA00AE
:10476000123CC490A837793E00021BEA2090A8377B
:10477000693E00020BEA207E1BB0BEB000780474D4
:10478000018001E422909DFD1BEA00791E0002E4F5
:10479000909E02F0A2AFE433909E03F0C3C2AFE458
:1047A000909E01F0804E909E017EEB707404ACB739
:1047B000909DFD691E00020BEA000B166930000295
:1047C0000B0A202D35691100020B1A00909E017E04
:1047D000EB707404ACB77E349E042D357A71827A06
:1047E0006183791E00021BEA00909E017EEBA0749B
:1047F000012CBAF0909DFD693E00020BEA202E3498
:1048000000087E1BA0909E01E0BCBA4099909E03D8
:10481000E024FF92AF909DFD691E00020BEA006943
:104820003000020B0A2090AD2D793E00021BEA20D9
:104830007E1473A57E0400017E349E027E24000156
:10484000123F347E1473A57E0400017E349E027EE6
:10485000240001742C123ED1E4909E01F0806390FC
:104860009E01E0BEB00068157E1473A57E040001B1
:104870007E349E027E240001742C123ED1909E0153
:104880007EEB707404ACB77E149E042D157A3182D1
:104890007A2183693E00020BEA2090A214793E003F
:1048A000021BEA207E1473A57E0400017E349E0262
:1048B0007E240001124098909E017EEBA074012C92
:1048C000BAF0909DFD693E00020BEA202E340008EC
:1048D0007E1BA0909E01E0BCBA40847E34B9877EE6
:1048E0002400FF90AD2D793E00021BEA207E147358
:1048F000A57E0400017E349E027E240001123F3416
:104900007E1473A57E040001909E02E00A3B6D2296
:104910009AFE93972290B24F1BEA00791E000290F4
:1049200073A1691E00020BEA007E1800012F1079A6
:104930003E00021BEA2090B24F691E00020BEA0003
:10494000123D5290B253793E00021BEA2090B253BE
:10495000693E00020BEA204D23782690769D691E61
:1049600000020BEA007E1800012F10793E00021BA6
:10497000EA2090B24F691E00020BEA00123E388016
:104980000D90B253691E00020BEA00124785229077
:104990009B5F1BEA20793E0002909B5B1BEA00793B
:1049A0001E0002907429691E00020BEA007E1800A6
:1049B000012F10793E00021BEA20909B5B691E00CC
:1049C000020BEA00123D52909B85793E00021BEAE1
:1049D00020909B85693E00020BEA204D23680E90D3
:1049E0009B5F693E00020BEA204D2378279076A159
:1049F000691E00020BEA007E1800012F10793E00AC
:104A0000021BEA20909B5B691E00020BEA00123E2B
:104A100038024B73909B5F691E00020BEA007E34E4
:104A20009B657E240001909B85695E00020BEA4035
:104A30002E5400087E2BB012454ABEB000781A9062
:104A40007425691E00020BEA007E1800012F107900
:104A50003E00021BEA20024B73909B5B691E000222
:104A60000BEA007E349B657E240001909B85695E85
:104A700000020BEA402E5400087E2BB0124484BE84
:104A8000B000781A907425691E00020BEA007E18A7
:104A900000012F10793E00021BEA20024B73A2AFE7
:104AA000E433909B64F0C3C2AFE4909B63F0804E0C
:104AB000909B637EEB707404ACB77E349B652D35A0
:104AC0007A71827A6183691E00020BEA00909B630F
:104AD0007EEB707404ACB7909B8569FE00020BEA14
:104AE000E00BF6693700020B7A202D3579110002B0
:104AF0001B1A00909B637EEBA074012CBAF0909B74
:104B000085693E00020BEA202E3400087E1BA0902F
:104B10009B63E0BCBA4099909B64E024FF92AF9005
:104B200076C8691E00020BEA007E1800012F10797A
:104B30003E00021BEA20909B85691E00020BEA00E2
:104B40002E140009693000020B0A204D23681790CB
:104B50009B85691E00020BEA002E140009693000D3
:104B6000020B0A209918909B85691E00020BEA002F
:104B70001247852290B2571BEA00791E000290B2BC
:104B800057691E00020BEA00123DC590B25B793EE8
:104B900000021BEA2090B25B693E00020BEA204D46
:104BA00023685E90B25B691E00020BEA002E1400BF
:104BB00008693000020B0A204D23781790B25B6918
:104BC0001E00020BEA000B16693000020B0A209946
:104BD00018802E90B25B693E00020BEA200B36690A
:104BE0001100020B1A0090B25B695E00020BEA40F2
:104BF0002E540008693200020B2A2074019AFF1615
:104C00007C2290AB7E1BEA00791E000290AB7E698D
:104C10003E00020BEA207E1BB0BEB0007803024DBE
:104C20005590AB7E693E00020BEA207E1BB090AB34
:104C300082F090AB7E691E00020BEA000B14123C5E
:104C40007390AB83793E00021BEA2090AB83693EF0
:104C500000020BEA2090AB87793E00021BEA20801D
:104C60001390AB87693E00020BEA200B34793E00BB
:104C7000021BEA2090AB87693E00020BEA207E1BF4
:104C8000B0BEB000681590AB87693E00020BEA2009
:104C90007E1BB0123C05BEB00068C690AB87693E73
:104CA00000020BEA207E1BB0BEB000683AE490AB75
:104CB00087693E00020BEA207A1BB090AB87693E01
:104CC00000020BEA200B34793E00021BEA2090AB75
:104CD00087691E00020BEA00123C7390AB87793E95
:104CE00000021BEA20800C9F1190AB87793E0002E6
:104CF0001BEA2090AB83693E00020BEA207E1BB0CA
:104D0000BEB000685090AB82E0BEB052780F90AB5E
:104D100083691E00020BEA00124915803890AB82AD
:104D2000E0BEB057781990AB83691E00020BEA0011
:104D300090AB87693E00020BEA2012498F801690E3
:104D4000AB82E0BEB054780D90AB83691E00020BBD
:104D5000EA00124B74226D339076C61BEA30E49061
:104D60007748F02290B880F09077487EEBA0747F6F
:104D7000BCAB502890B8807EEBA0907748E00A2B1F
:104D80007E3477492D327A71827A61837AEBA090F2
:104D900077487EEBA074012CBAF08003124D5622A6
:104DA00090B881F06D229076C60BEA30BD3278194A
:104DB00090B881E0BEB0246803024EC67E34000184
:104DC0009076C61BEA30024EC69076C60BEA207E6D
:104DD000340001BD23782690B881E0BEB02478125B
:104DE000E4907748F07E3400029076C61BEA3002E9
:104DF0004EC66D339076C61BEA30024EC69076C61C
:104E00000BEA207E340002BD23785090B881E0BECA
:104E1000B040783E6CAA907748E00A2B7E34774900
:104E20002D327A71827A61837AEBA09077CA691EFB
:104E300000020BEA007E1800012F10793E00021BD1
:104E4000EA207E1477497E040001124C02124D566E
:104E5000807490B881E0124D64806B9076C60BEA46
:104E6000207E340003BD23785D90B881E0BEB04061
:104E7000783E6CAA907748E00A2B7E3477492D3231
:104E80007A71827A61837AEBA09077CA691E0002F8
:104E90000BEA007E1800012F10793E00021BEA2069
:104EA0007E1477497E040001124C02124D56801682
:104EB0007440124D6490B881E0124D647E3400025B
:104EC0009076C61BEA3022E49076A5F0E49077C98C
:104ED000F09F11907744793E00021BEA209F1190C9
:104EE00077CA793E00021BEA209F119073A1793E98
:104EF00000021BEA209F1190769D793E00021BEA7A
:104F0000209F11907429793E00021BEA209F119086
:104F100076C8793E00021BEA209F119076A1793E67
:104F200000021BEA209F11907425793E00021BEAC3
:104F300020E49076A6F0124D56E490B882F0024F2D
:104F4000C49F0090B8827EEB70740DACB77E347451
:104F50002D2D357A71827A6183791E00021BEA0059
:104F60009F0090B8827EEB70740DACB77E347431C4
:104F70002D357A71827A6183791E00021BEA006CFA
:104F80005590B8827EEB40740DACB47E3474352DF0
:104F9000357A71827A61837AEB509F0090B8827E75
:104FA000EB70740DACB77E3474362D357A71827A1D
:104FB0006183791E00021BEA0090B8827EEBA07428
:104FC000012CBAF090B8827EEBA07430BCAB5003D9
:104FD000024F41E490B882F080689F0090B8827ED2
:104FE000EB70740CACB77E3476CC2D357A71827A46
:104FF0006183791E00021BEA009F0090B8827EEB5D
:1050000070740CACB77E3476D02D357A71827A61AB
:1050100083791E00021BEA009F0090B8827EEB702D
:10502000740CACB77E3476D42D357A71827A618374
:10503000791E00021BEA0090B8827EEBA074012C5E
:10504000BAF090B8827EEBA0740ABCAB408C7E14A0
:10505000B96D7E0400FF9AFEB8697E14B96D7E04B6
:1050600000FF9AFE9469AA907744693E00020BEA19
:1050700020909DD1793E00021BEA209077CA693EBC
:1050800000020BEA20909DCD793E00021BEA207EB3
:1050900014B94F7E0400FF9AFEB8699073A1693E6F
:1050A00000020BEA20909DD1793E00021BEA20907D
:1050B000769D693E00020BEA20909DCD793E00026C
:1050C0001BEA207E14B93A7E0400FF9AFEB869906C
:1050D0007429693E00020BEA20909DD1793E0002BE
:1050E0001BEA209076C8693E00020BEA20909DCD15
:1050F000793E00021BEA207E14B9257E0400FF9A47
:10510000FEB8699076A1693E00020BEA20909DD11D
:10511000793E00021BEA20907425693E00020BEAEA
:1051200020909DCD793E00021BEA207E14B9077EB7
:105130000400FF9AFEB8699076A5E00A3B6D2290C4
:105140009DD1793E00021BEA209076C60BEA301A08
:10515000261A24909DCD793E00021BEA207E14B8C9
:10516000EA7E0400FF9AFEB869907748E00A3B6D3A
:1051700022909DD1793E00021BEA207E3476A67EE5
:10518000240001909DCD793E00021BEA207E14B8D8
:10519000CD7E0400FF9AFEB869AA90B0E1F090B00D
:1051A000DD1BEA20793E000290B0D91BEA00791E8F
:1051B00000029F1190A851793E00021BEA2090B096
:1051C000D9691E00020BEA0090B0DD693E00020BB7
:1051D000EA2090B0E1E09AFD51DBAA90A850F0904F
:1051E000A84C1BEA20793E000290A8481BEA0079EF
:1051F0001E000290A848693E00020BEA204D236879
:105200002390A84C693E00020BEA204D23681590BC
:10521000A850E0BEB000680C90A8507EEBA07408C7
:10522000BCAB2804E402535490A848691E00020B4A
:10523000EA00123D5290A855793E00021BEA2090E8
:10524000A855693E00020BEA204D23685690A84CF1
:10525000691E00020BEA0090A855693E00020BEAA5
:10526000200B36791100021B1A0090A850E090A87C
:1052700055693E00020BEA202E3400087A1BB090DC
:10528000A851691E00020BEA0090A855693E000271
:105290000BEA202E340009791100021B1A00740158
:1052A0000253549076A57EEBA07430BCAB4004E46E
:1052B00002535490A848691E00020BEA009076A59C
:1052C0007EEB70740DACB77E34742D2D357A7182FF
:1052D0007A6183791E00021BEA0090A84C691E00C7
:1052E000020BEA009076A57EEB70740DACB77E34AD
:1052F00074312D357A71827A6183791E00021BEA3E
:105300000090A8507EEB509076A57EEB40740DACDB
:10531000B47E3474352D357A71827A61837AEB509C
:1053200090A851691E00020BEA009076A57EEB70F2
:10533000740DACB77E3474362D357A71827A618300
:10534000791E00021BEA009076A57EEBA074012C6A
:10535000BAF07401AA90A88D1BEA20793E00029051
:10536000A8891BEA00791E000290A889693E000204
:105370000BEA204D23680E90A88D693E00020BEACF
:10538000204D237804E402548190A889691E00020C
:105390000BEA00123DC590A895793E00021BEA2059
:1053A00090A895693E00020BEA204D23684190A821
:1053B0008D691E00020BEA0090A895693E00020B61
:1053C000EA200B36791100021B1A0090A891691E81
:1053D00000020BEA0090A895693E00020BEA202E1D
:1053E000340008791100021B1A00740102548190E4
:1053F00077C97EEBA0740ABCAB4004E402548190F0
:10540000A889691E00020BEA009077C97EEB7074D0
:105410000CACB77E3476CC2D357A71827A61837983
:105420001E00021BEA0090A88D691E00020BEA0014
:105430009077C97EEB70740CACB77E3476D02D3586
:105440007A71827A6183791E00021BEA0090A8912A
:10545000691E00020BEA009077C97EEB70740CACF9
:10546000B77E3476D42D357A71827A6183791E00C5
:10547000021BEA009077C97EEBA074012CBAF0748D
:1054800001AAE4908821F002550C7E1488227E0443
:1054900000017E1801009AFE942A9089221BEA30AE
:1054A0009089220BEA106D00907744693E00020B50
:1054B000EA202F10793E00021BEA20E4908820F0B9
:1054C0008021908820E00A2B7E3488222D327A7148
:1054D000827A6183E0124DA09088207EEBA0740157
:1054E0002CBAF0908820E00A2B9089220BEA30BD7C
:1054F0002340CF9089220BEA207E340100BD23781F
:105500001A9088217EEBA074012CBAF09088217E3D
:10551000EBA07402BCAB500302548AAA90B863F0AB
:10552000D3D2B5C3C2B5C3C2F97E34000190B8630B
:10553000E09AFC8A3ED3D2F9D3D2B5C3C2B5229049
:10554000B19D1BEA0090B19B1BEA1090B1991BEA38
:105550002090B1971BEA3090B195E00A2B90B1975B
:105560000BEA30BD32500474018001E47E14C08324
:105570007E0400FF7E34006A9AFF691190B196E0C4
:105580000A2B90B1990BEA30BD32500474018001AE
:10559000E47E14C0837E0400FF7E34006B9AFF69B2
:1055A0001190B195E00A2B90B19B0BEA30BD3250BF
:1055B0000474018001E47E14C0837E0400FF7E3405
:1055C000006C9AFF691190B196E00A2B90B19D0B87
:1055D000EA30BD32500474018001E47E14C0837E41
:1055E0000400FF7E34006D9AFF69116D2290B19323
:1055F0000BEA30BD327862742A12551C7E340001E9
:1056000090B1970BEA107E2400342D219AFC8AA2D7
:105610007E34000190B19B0BEA107E2400342D21D2
:105620009AFC8AA2742B12551C7E34000190B19909
:105630000BEA107E2400282D219AFC8AA27E3400D9
:105640000190B19D0BEA107E2400282D219AFC8A3E
:10565000A2742C12551C02579790B1930BEA207E2E
:10566000340001BD237862742A12551C7E34000177
:1056700090B1970BEA107E2400352D219AFC8AA266
:105680007E34000190B19B0BEA107E2400352D2161
:105690009AFC8AA2742B12551C7E34000190B19999
:1056A0000BEA107E2400282D219AFC8AA27E340069
:1056B0000190B19D0BEA107E2400282D219AFC8ACE
:1056C000A2742C12551C02579790B1930BEA207EBE
:1056D000340002BD237861742A12551C7E34000107
:1056E00090B1970BEA107E2400282D219AFC8AA203
:1056F0007E34000190B19B0BEA107E2400282D21FE
:105700009AFC8AA2742B12551C7E34000190B19928
:105710000BEA107E2400352D219AFC8AA27E3400EB
:105720000190B19D0BEA107E2400352D219AFC8A50
:10573000A2742C12551C805F742A12551C7E3400F2
:105740000190B1970BEA107E2400282D219AFC8A43
:10575000A27E34000190B19B0BEA107E2400282D1C
:10576000219AFC8AA2742B12551C7E34000190B140
:10577000990BEA107E2400342D219AFC8AA27E34F3
:10578000000190B19D0BEA107E2400342D219AFC7B
:105790008AA2742C12551C22907DDA1BEA306D33DC
:1057A0006D2290B195E00A1B7E0400019D1090B11E
:1057B00096E00A0B7E5400019D0512553F6D339013
:1057C0007DDC1BEA30802C907DDA0BEA20907DDCBA
:1057D0000BEA103E147E347DDE2D317A71827A61BF
:1057E000831BEA20907DDC0BEA207E3400012D3201
:1057F0001BEA30907DDC0BEA207E3400F0BD2340B4
:10580000C66D33907DDC1BEA30802D7E1800F09051
:10581000AEF1793E00021BEA207E3400017E147D49
:10582000DE7E0400019AFC8ACF907DDC0BEA207EAC
:105830003400012D321BEA30907DDC0BEA207E34EF
:105840000087BD2340C5AA90B8001BEA3090B8007D
:105850000BEA3090B1931BEA3090B1930BEA301B06
:1058600034680E1B3468181B3468142E3400037817
:105870001A748790B195F074F090B196F0800C7422
:10588000F090B195F0748790B196F0AA90B6761B1F
:10589000EA2090B6741BEA3090B6740BEA3090B1EF
:1058A0008F1BEA3090B6760BEA3090B1911BEA304C
:1058B000AA90B40D1BEA1090B40B1BEA2090B40917
:1058C0001BEA3090B195E00A2B90B4090BEA30BD89
:1058D00032500474018001E47E14C0837E0400FF12
:1058E0007E3400E19AFF691190B196E00A2B90B4E2
:1058F0000B0BEA30BD32500474018001E47E14C009
:10590000837E0400FF7E3400E29AFF691190B4099F
:105910000BEA3090B40B0BEA2090B4090BEA10901C
:10592000B40B0BEA0012553F7E34000190B40D0B0E
:10593000EA209AFC8AA2AA90B1A3F090B1A11BEA36
:105940002090B19F1BEA3090B195E00A2B90B19F57
:105950000BEA30BD32500474018001E47E14C08330
:105960007E0400FF7E3400F59AFF691190B196E045
:105970000A2B90B1A10BEA30BD32500474018001B2
:10598000E47E14C0837E0400FF7E3400F69AFF6933
:1059900011E490B1A4F0025A4690B19F0BEA309006
:1059A000B1A4E00A1B90B1A10BEA202D2190B19F78
:1059B0000BEA007E1400072D1090B1A4E00A5B9062
:1059C000B1A10BEA002D0512553F90B1A3E01A3B9F
:1059D0003E343E343E343E3490B1A4E00A2B2D23B5
:1059E0007E34011F2D327E2400FF7E1BB090B1A6B5
:1059F000F0E490B1A5F0803790B1A6E030E0107EE1
:105A000034000190B18F0BEA209AFC8AA2800E7EAE
:105A100034000190B1910BEA209AFC8AA290B1A6C1
:105A2000E01EB0F090B1A57EEBA074012CBAF0900E
:105A3000B1A57EEBA07408BCAB40BD90B1A47EEBD9
:105A4000A074012CBAF090B1A47EEBA07410BCAB92
:105A50005003025999AA90AF3F1BEA00791E000239
:105A600090AF3D1BEA2090AF3B1BEA306D3390AF07
:105A7000431BEA3090B195E00A2B90AF3B0BEA3024
:105A8000BD32500474018001E47E14C0837E0400A2
:105A9000FF7E3401139AFF691190B196E00A2B90B2
:105AA000AF3D0BEA30BD32500474018001E47E1436
:105AB000C0837E0400FF7E3401149AFF6911804286
:105AC00090AF430BEA203E243E243E2490AF3B0B94
:105AD000EA302D3290AF3D0BEA2090AF430BEA50F5
:105AE00090AF3F691E00020BEA002D157E0BB09AA5
:105AF000FD593790AF430BEA207E3400012D321B55
:105B0000EA3090AF430BEA1090AF3F693E00020BC2
:105B1000EA202D317E1BB0BEB00078A4AA90AFE180
:105B2000F090AFDF1BEA2090AFDD1BEA3090B1951B
:105B3000E00A2B90AFDD0BEA30BD325004740180D7
:105B400001E47E14C0837E0400FF7E34012A9AFFA4
:105B5000691190B196E00A2B90AFDF0BEA30BD32AD
:105B6000500474018001E47E14C0837E0400FF7E33
:105B700034012B9AFF69116CAA90AFE1E0BCBA58CE
:105B80001F90AFDD0BEA3090AFDF0BEA20742D9A47
:105B9000FD593790AFE1E064FF0490AFE1F080126F
:105BA00090AFDD0BEA3090AFDF0BEA2074209AFD56
:105BB000593790AFE1E01A3B7E2400649AFCFFF570
:105BC0007CB790AFE2F090AFE1E01A3B7E24000A90
:105BD0009AFCFFF57E24000A9AFCFFF57CB590AF95
:105BE000E3F090AFE1E01A3B7E24000A9AFCFFF557
:105BF0007CB590AFE4F0E490AFE5F0804A90AFE57B
:105C0000E00A3B7E2400012D233E243E243E2490C6
:105C1000AFDD0BEA302D3290AFDF0BEA2090AFE51D
:105C2000E00A0B7E14AFE22D107A31827A2183E0F4
:105C30000A4B7E5400302D549AFD593790AFE57EC3
:105C4000EBA074012CBAF090AFE57EEBA07403BC1E
:105C5000AB40AAAA90AFEAF090AFE81BEA2090AF61
:105C6000E61BEA3090B195E00A2B90AFE60BEA30E4
:105C7000BD32500474018001E47E14C0837E0400B0
:105C8000FF7E34014D9AFF691190B196E00A2B9086
:105C9000AFE80BEA30BD32500474018001E47E1499
:105CA000C0837E0400FF7E34014E9AFF691190AFDD
:105CB000EAE00A5B7E4400648D5490AFEBF090AF55
:105CC000EAE00A3B7E24000A8D327E24000A9AFC18
:105CD000FFF57CB590AFECF090AFEAE00A3B7E2494
:105CE000000A9AFCFFF57CB590AFEDF0E490AFEEC2
:105CF000F0804290AFEE7EEB707408ACB790AFE6E8
:105D00000BEA302D3590AFE80BEA2090AFEEE00AB9
:105D10000B7E14AFEB2D107A31827A2183E00A4B8F
:105D20007E5400302D549AFD593790AFEE7EEBA093
:105D300074012CBAF090AFEE7EEBA07403BCAB40C4
:105D4000B2AA90AC451BEA1090AC431BEA2090AC81
:105D5000411BEA3090B195E00A2B90AC410BEA3040
:105D6000BD32500474018001E47E14C0837E0400BF
:105D7000FF7E3401699AFF691190B196E00A2B9079
:105D8000AC430BEA30BD32500474018001E47E1450
:105D9000C0837E0400FF7E34016A9AFF69116D2280
:105DA00090AC450BEA30BD32582690AC410BEA303E
:105DB00090AC430BEA20742D9AFD593790AC450BFB
:105DC000EA306E34FFFF0B3490AC451BEA30801292
:105DD00090AC410BEA3090AC430BEA2074209AFD62
:105DE000593790AC450BEA307E2427109AFCFFF51A
:105DF0007CB790AC47F090AC450BEA307E2403E8CA
:105E00009AFCFFF57E24000A9AFCFFF57CB590AC65
:105E100048F090AC450BEA307E2400649AFCFFF514
:105E20007E24000A9AFCFFF57CB590AC49F090AC5A
:105E3000450BEA307E24000A9AFCFFF57E24000A16
:105E40009AFCFFF57CB590AC4AF090AC450BEA307B
:105E50007E24000A9AFCFFF57CB590AC4BF0E490F0
:105E6000AC4CF0804A90AC4CE00A3B7E2400012D03
:105E7000233E243E243E2490AC410BEA302D329048
:105E8000AC430BEA2090AC4CE00A0B7E14AC472DDF
:105E9000107A31827A2183E00A4B7E5400302D54EF
:105EA0009AFD593790AC4C7EEBA074012CBAF0905F
:105EB000AC4C7EEBA07405BCAB40AAAA90AC511BC5
:105EC000EA1090AC4F1BEA2090AC4D1BEA3090B129
:105ED00095E00A2B90AC4D0BEA30BD3250047401B2
:105EE0008001E47E14C0837E0400FF7E34018E9A1C
:105EF000FF691190B196E00A2B90AC4F0BEA30BDD0
:105F000032500474018001E47E14C0837E0400FFDB
:105F10007E34018F9AFF691190AC510BEA507E4498
:105F200027108D5490AC53F090AC510BEA307E2486
:105F300003E88D327E24000A8D327CB590AC54F09B
:105F400090AC510BEA307E2400648D327E24000A2E
:105F50008D327CB590AC55F090AC510BEA307E247C
:105F6000000A8D327E24000A8D327CB590AC56F04A
:105F700090AC510BEA307E24000A8D327CB590AC97
:105F800057F0E490AC58F0804290AC587EEB7074BF
:105F900008ACB790AC4D0BEA302D3590AC4F0BEA06
:105FA0002090AC58E00A0B7E14AC532D107A31824D
:105FB0007A2183E00A4B7E5400302D549AFD5937E4
:105FC00090AC587EEBA074012CBAF090AC587EEBEC
:105FD000A07405BCAB40B2AA909BBFF0909BBB1BCA
:105FE000EA00791E0002909BB91BEA20909BB71B28
:105FF000EA3090B195E00A2B909BB70BEA30BD32A6
:10600000500474018001E47E14C0837E0400FF7E8E
:106010003401AF9AFF691190B196E00A2B909BB9B9
:106020000BEA30BD32500474018001E47E14C08359
:106030007E0400FF7E3401B09AFF6911909BBF7E01
:10604000EBA0740ABCAB2806740A909BBFF0909B2F
:10605000BF7EEBA074012CBAF0909BBB693E00029E
:106060000BEA20BE1800005830909BBB693E00022E
:106070000BEA20909267793E00021BEA207E149B77
:10608000C07E0400017E34C0807E2400FF9AFCC1E3
:10609000CE7CB7909BE2F0803F7420909BC0F09044
:1060A0009BBB693E00020BEA20909267793E00029A
:1060B0001BEA207E149BC17E0400017E34C0807EDA
:1060C0002400FF9AFCC1CE7CB7909BE2F0909BE24B
:1060D0007EEBA074012CBAF080237EA020909BE27E
:1060E000E00A2B7E349BC02D327A71827A61837AEA
:1060F000EBA0909BE27EEBA074012CBAF0909BBFCA
:106100007EEBA0909BE2E0BCBA40CF6CAA909BBF14
:10611000E00A2B7E349BC02D327A71827A61837AB9
:10612000EBA0909BB70BEA30909BB90BEA207E1452
:106130009BC07E0400019AFD5A56AA9099E9F090FE
:1061400099E51BEA00791E00029099E31BEA209072
:1061500099E11BEA3090B195E00A2B9099E10BEAA6
:1061600030BD32500474018001E47E14C0837E048B
:1061700000FF7E3401DA9AFF691190B196E00A2B94
:106180009099E30BEA30BD32500474018001E47E43
:1061900014C0837E0400FF7E3401DB9AFF691190F6
:1061A00099EA7EEBA07406BCAB280674069099EAC7
:1061B000F09099E97EEBA0740ABCAB2806740A90B3
:1061C00099E9F09099E5691E00020BEA009F119A87
:1061D000FEB79B28309099E5693E00020BEA2090BB
:1061E0009267793E00021BEA207E1499EC7E04003F
:1061F000017E34C07D7E2400FF9AFCC1CE7CB79026
:1062000099EBF080399099E5693E00020BEA209005
:106210009267793E00021BEA207E1499ED7E04000D
:10622000017E34C07D7E2400FF9AFCC1CE7CB790F5
:1062300099EBF09099EB7EEBA074012CBAF0909959
:10624000EBE00A5B7E4400079D54909A10F0909911
:10625000E9E00A4B909A10E01A5B9D547E440001DD
:106260009D54909A0EF09099EAE00A3B909A10E0C3
:106270001A4B2D437E5400012D54909A0FF0802E1E
:106280007EA020909A0FE01A2B7E3499EC2D327A62
:1062900071827A61837AEBA0909A0F7EEBA07401F1
:1062A0002CBAF0909A0E7EEBA074012CBAF0909A62
:1062B0000E7EEBA0E4BCAB48C79099E5691E0002D6
:1062C0000BEA009F119AFEB79B281A7EA02D909A88
:1062D0000EE01A2B7E3499EC2D327A71827A61832A
:1062E0007AEBA080187EA020909A0EE01A2B7E34C4
:1062F00099EC2D327A71827A61837AEBA06CAA9044
:106300009A0FE01A2B7E3499EC2D327A71827A61E1
:10631000837AEBA09099E10BEA309099E30BEA20A5
:106320007E1499EC7E0400019AFD5A56AA90A0476B
:106330001BEA00791E000290A0451BEA2090A043B2
:106340001BEA309F1190A053793E00021BEA209F68
:106350001190A057793E00021BEA2090B195E00A07
:106360002B90A0430BEA30BD32500474018001E44D
:106370007E14C0837E0400FF7E34020A9AFF6911F6
:1063800090B196E00A2B90A0450BEA30BD32500444
:1063900074018001E47E14C0837E0400FF7E340219
:1063A0000B9AFF691190A0430BEA3090A0450BEACD
:1063B0002090A04F0BEA0090A0430BEA102D107E16
:1063C0000400019D1090A0510BEA5090A0450BEAEB
:1063D000002D057E5400019D0512553F9F1190A090
:1063E00053793E00021BEA2080609F1190A05779EC
:1063F0003E00021BEA2080257E34000190B1910B03
:10640000EA209AFC8AA290A057691E00020BEA00BB
:106410007E1800012F10793E00021BEA2090A04F49
:106420000BEA106D0090A057693E00020BEA20BFF6
:106430001040C590A053691E00020BEA007E1800B0
:10644000012F10793E00021BEA2090A0510BEA10A8
:106450006D0090A053693E00020BEA20BF10408AF5
:106460009F1190A053793E00021BEA2002652D90F7
:10647000A04B0BEA1090A053693E00020BEA209A51
:10648000FEBEC790A04F0BEA109AFCFFEB90A05BFA
:10649000793E00021BEA2090A05B693E00020BEAF5
:1064A000207D1390A047693E00020BEA202D317E2B
:1064B0001B700A2790A0510BEA307E1400019D3119
:1064C000AD3290A04D0BEA208D326D2290A05F7905
:1064D0003E00021BEA2090A053693E00020BEA2016
:1064E0007D2390A0430BEA302D3290A0510BEA108F
:1064F0007E2400019D126D0090A05F695E00020B7A
:10650000EA409F0290A0450BEA202D2190B18F0B0D
:10651000EA109AFD58B190A053691E00020BEA00E0
:106520007E1800012F10793E00021BEA2090A04F38
:106530000BEA106D0090A053693E00020BEA20BFE9
:1065400010500302646FAA9079E8F09079DC1BEA9E
:1065500000791E00029079DA1BEA209079D81BEAB4
:10656000309F119079E9793E00021BEA209F11903B
:1065700079ED793E00021BEA2090B195E00A2B905C
:1065800079D80BEA30BD32500474018001E47E14E6
:10659000C0837E0400FF7E3402389AFF691190B1F7
:1065A00096E00A2B9079DA0BEA30BD325004740180
:1065B0008001E47E14C0837E0400FF7E3402399A99
:1065C000FF69119079DC693E00020BEA204D2368D7
:1065D0000474018001E47E14C0837E0400FF7E34D5
:1065E000023A9AFF6911C3C2B59079D80BEA30908C
:1065F00079DA0BEA209079E40BEA009079D80BEA7B
:10660000102D107E0400019D109079E60BEA509049
:1066100079DA0BEA002D057E5400019D0512553FE5
:106620009F119079ED793E00021BEA200267FF90EE
:1066300079E20BEA109079ED693E00020BEA209AAC
:10664000FEBEC79079E60BEA109AFCFFEB9079E06A
:106650000BEA109AFEBEC77D139079DC693E0002FA
:106660000BEA202D31907BD5793E00021BEA209F5A
:10667000119079E9793E00021BEA200267AD90791A
:10668000E00BEA109079E9693E00020BEA209AFEDD
:10669000BEC79079E40BEA109AFCFFEB7D13907B68
:1066A000D5693E00020BEA202D317E1B700A37901F
:1066B00079F31BEA309079E8E0BEB0006803026726
:1066C000489079F30BEA201E241E241E247E3400F9
:1066D0001F5D327C676C773E343E343E349079F1F6
:1066E0001BEA309079F30BEA301E341E347E24000E
:1066F0003F5D233E243E243E243E243E249079F1F7
:106700000BEA304D321BEA309079F30BEA301E343D
:106710001E341E347E24001F5D239079F10BEA3075
:106720004D321BEA309079F10BEA209079E9691E2D
:1067300000020BEA003E147E3479F52D317A718225
:106740007A61831BEA20804E9079E8E00A2B9079E9
:10675000F30BEA30BD32501F6D229079E9691E00BB
:10676000020BEA003E147E3479F52D317A71827A7B
:1067700061831BEA20801F7E24FFFF9079E9691E58
:1067800000020BEA003E147E3479F52D317A7182D5
:106790007A61831BEA209079E9691E00020BEA0006
:1067A0007E1800012F10793E00021BEA209079E448
:1067B0000BEA106D009079E9693E00020BEA20BFF8
:1067C00010500302667E9079E40BEA306D2290AEA1
:1067D000F1793E00021BEA207E3400017E1479F537
:1067E0007E0400019AFC8ACF9079ED691E00020BAD
:1067F000EA007E1800012F10793E00021BEA20906B
:1068000079E60BEA106D009079ED693E00020BEA23
:1068100020BF10500302662FD3D2B5AA90A2CE1B80
:10682000EA00791E000290A2CDF090A2CB1BEA20D4
:1068300090A2C91BEA3090B195E00A2B90A2C90B37
:10684000EA30BD32500474018001E47E14C0837EBE
:106850000400FF7E34026D9AFF691190B196E00A40
:106860002B90A2CB0BEA30BD32500474018001E4BE
:106870007E14C0837E0400FF7E34026E9AFF69118D
:1068800090A2CDE00A5B1E541E541E5490A2DDF06F
:1068900090A2C90BEA3090A2CB0BEA2090A2CDE0E7
:1068A00090A2D27EEB10AC1B7E1400019D0190A241
:1068B000C90BEA102D1090A2CDE00A5B90A2CB0B81
:1068C000EA002D057E5400019D0512553F6D339061
:1068D000A2D51BEA30026A0C90A2D2E090A2DCF0B2
:1068E00090A2DDE00A1B90A2D50BEA00AD1090A2A9
:1068F000CE693E00020BEA202D3190A2DE793E00E7
:10690000021BEA200269E76D3390A2D91BEA30022C
:1069100069AA7E34000890A2D71BEA30805E90A25C
:10692000D70BEA507E4400019D5490A2DE693E00E0
:10693000020BEA207E1BA060051EA01478FB7401E8
:106940005CBA90A2DBF090A2DBE0BEB00068107EE3
:1069500034000190A2D30BEA209AFC8AA2800E7E1A
:1069600034000190B1910BEA209AFC8AA290A2D740
:106970000BEA307E2400019D321BEA306D2290A28A
:10698000D70BEA30BD32189690A2DE693E00020BAA
:10699000EA200B34793E00021BEA2090A2D90BEAD0
:1069A000207E3400012D321BEA3090A2DDE00A2B5C
:1069B00090A2D90BEA30BD32580302691290A2CDE1
:1069C000E090A2DD7EEB30AC3B90A2DE693E00029F
:1069D0000BEA2090A2DDE00A0B9D302D3190A2DE63
:1069E000793E00021BEA2090A2DC7EEBA07E7001C3
:1069F0007CBA9CB7F0BEA000680302690790A2D5DC
:106A00000BEA207E3400012D321BEA3090A2CDE04B
:106A10000A2B90A2D50BEA30BD3258030268D8AADF
:106A20007E34139390A5011BEA307E34139190A518
:106A3000031BEA307E34FFFF90A5051BEA307E344D
:106A4000FFFF90A5071BEA307E3400016D227E1403
:106A50006C007E0402DC9AFC8F3C7E3400817E2434
:106A60000001E47E1400109AFDC5647E3400807E2F
:106A7000240001E47E1400109AFDC5647E340045B4
:106A80007E240001E47E1400109AFDC5647E34006B
:106A9000927E24000174017E1400109AFDC564905A
:106AA000B1930BEA309AFD584790B18F0BEA3090C2
:106AB000B1910BEA209AFD588CC3C2F87E1403E80A
:106AC00090B5CC693E00020BEA209AFCFFEB7E14E5
:106AD00000C89AFEBEC79AFF73B7D3D2F87E1403DC
:106AE000E890B5CC693E00020BEA209AFCFFEB7EF1
:106AF0001400649AFEBEC79AFF73B7743612551C11
:106B00007E1403E890B5CC693E00020BEA209AFCA3
:106B1000FFEB7E1400649AFEBEC79AFF73B76D2226
:106B200090B1930BEA30BD32780B7E340001E49AC9
:106B3000FC8A3E803E90B1930BEA207E340001BD7A
:106B400023780C7E34000174C09AFC8A3E80249025
:106B5000B1930BEA207E340002BD23780C7E340012
:106B60000174709AFC8A3E800A7E34000174A09AF7
:106B7000FC8A3E743A12551C7E34000174059AFC5E
:106B80008A3E74B212551C7E340001740C9AFC8A41
:106B90003E7E340001740C9AFC8A3E7E340001E48F
:106BA0009AFC8A3E7E34000174339AFC8A3E7E341D
:106BB000000174339AFC8A3E74B712551C7E34006F
:106BC0000174359AFC8A3E74BB12551C7E34000158
:106BD00074379AFC8A3E74C012551C7E34000174CE
:106BE0002C9AFC8A3E74C212551C7E34000174013A
:106BF0009AFC8A3E74C312551C7E34000174129AAA
:106C0000FC8A3E74C412551C7E34000174209AFC28
:106C10008A3E74C612551C7E340001740F9AFC8A99
:106C20003E74D012551C7E34000174A49AFC8A3E36
:106C30007E34000174A19AFC8A3E74E012551C7ED9
:106C400034000174D09AFC8A3E7E34000174049AA8
:106C5000FC8A3E7E340001740D9AFC8A3E7E34002C
:106C60000174119AFC8A3E7E34000174139AFC8AE6
:106C70003E7E340001742B9AFC8A3E7E34000174FF
:106C80003F9AFC8A3E7E34000174549AFC8A3E7E10
:106C9000340001744C9AFC8A3E7E34000174189AC8
:106CA000FC8A3E7E340001740D9AFC8A3E7E3400DC
:106CB00001740B9AFC8A3E7E340001741F9AFC8A90
:106CC0003E7E34000174239AFC8A3E74E112551C06
:106CD0007E34000174D09AFC8A3E7E340001740434
:106CE0009AFC8A3E7E340001740C9AFC8A3E7E3403
:106CF000000174119AFC8A3E7E34000174139AFCE0
:106D00008A3E7E340001742C9AFC8A3E7E34000157
:106D1000743F9AFC8A3E7E34000174449AFC8A3E99
:106D20007E34000174519AFC8A3E7E340001742F37
:106D30009AFC8A3E7E340001741F9AFC8A3E7E349F
:106D40000001741F9AFC8A3E7E34000174209AFC74
:106D50008A3E7E34000174239AFC8A3E74211255C7
:106D60001C741112551C7E1403E890B5CC693E00CA
:106D7000020BEA209AFCFFEB7E1400789AFEBEC755
:106D80009AFF73B7742912551C90B1910BEA309A8F
:106D9000FD5798AA90B865F0D3D2B5C3C2B5C3C2A7
:106DA000F97E34000190B865E09AFC8A3ED3D2F9AE
:106DB000D3D2B5C3C2B52290B1C51BEA0090B1C30E
:106DC0001BEA1090B1C11BEA2090B1BF1BEA3090C2
:106DD000AF550BEA2090B1BF0BEA30BD32500474BE
:106DE000018001E47E14C0E97E0400FF7E34006B64
:106DF0009AFF691190AF570BEA2090B1C10BEA30AE
:106E0000BD32500474018001E47E14C0E97E0400A8
:106E1000FF7E34006C9AFF691190AF550BEA209009
:106E2000B1C30BEA30BD32500474018001E47E141A
:106E3000C0E97E0400FF7E34006D9AFF691190AFB7
:106E4000570BEA2090B1C50BEA30BD3250047401F3
:106E50008001E47E14C0E97E0400FF7E34006E9A57
:106E6000FF6911742A126D947E34000190B1BF0B3A
:106E7000EA209AFC8AA27E34000190B1C30BEA207A
:106E80009AFC8AA2742B126D947E34000190B1C1D9
:106E90000BEA209AFC8AA27E34000190B1C50BEA6D
:106EA000209AFC8AA2742C126D9422907FBE1BEA59
:106EB000306D336D2290AF550BEA107E0400019DBA
:106EC0001090AF570BEA007E5400019D05126DB77C
:106ED0006D33907FC01BEA30802C907FBE0BEA2080
:106EE000907FC00BEA103E147E347FC22D317A7140
:106EF000827A61831BEA20907FC00BEA207E3400F7
:106F0000012D321BEA30907FC00BEA207E3400F066
:106F1000BD2340C66D33907FC01BEA30802D7E18A4
:106F200000F090AEF1793E00021BEA207E340001B1
:106F30007E147FC27E0400019AFC8ACF907FC00B32
:106F4000EA207E3400012D321BEA30907FC00BEA2C
:106F5000207E340140BD2340C5AA90B8041BEA300E
:106F600090B8040BEA3090AF531BEA3090AF530B4C
:106F7000EA301B34680E1B3468201B34681C2E3426
:106F80000003782A7E3400F090AF551BEA307E343F
:106F9000014090AF571BEA3080147E34014090AF1F
:106FA000551BEA307E3400F090AF571BEA30AA90B0
:106FB000B67E1BEA2090B67C1BEA3090B67C0BEACA
:106FC0003090AF4F1BEA3090B67E0BEA3090AF5155
:106FD0001BEA30AA90B4191BEA1090B4171BEA20E0
:106FE00090B4151BEA3090AF550BEA2090B4150B06
:106FF000EA30BD32500474018001E47E14C0E97EA1
:107000000400FF7E3400C59AFF691190AF570BEA68
:107010002090B4170BEA30BD32500474018001E4B3
:107020007E14C0E97E0400FF7E3400C69AFF691119
:1070300090B4150BEA3090B4170BEA2090B4150BFE
:10704000EA1090B4170BEA00126DB77E340001907D
:10705000B4190BEA209AFC8AA2AA90B1CBF090B1A5
:10706000C91BEA2090B1C71BEA3090AF550BEA204C
:1070700090B1C70BEA30BD32500474018001E47E48
:1070800014C0E97E0400FF7E3400D99AFF69119094
:10709000AF570BEA2090B1C90BEA30BD32500474EF
:1070A000018001E47E14C0E97E0400FF7E3400DA32
:1070B0009AFF6911E490B1CCF002716990B1C70BED
:1070C000EA3090B1CCE00A1B90B1C90BEA202D2127
:1070D00090B1C70BEA007E1400072D1090B1CCE0F0
:1070E0000A5B90B1C90BEA002D05126DB790B1CBC8
:1070F000E01A3B3E343E343E343E3490B1CCE00A9C
:107100002B2D237E34011F2D327E2400FF7E1BB0E9
:1071100090B1CEF0E490B1CDF0803790B1CEE030B8
:10712000E0107E34000190AF4F0BEA209AFC8AA257
:10713000800E7E34000190AF510BEA209AFC8AA2A7
:1071400090B1CEE01EB0F090B1CD7EEBA074012CDA
:10715000BAF090B1CD7EEBA07408BCAB40BD90B14D
:10716000CC7EEBA074012CBAF090B1CC7EEBA07475
:1071700010BCAB50030270BCAA90AF5D1BEA007953
:107180001E000290AF5B1BEA2090AF591BEA306DE6
:107190003390AF611BEA3090AF550BEA2090AF59A6
:1071A0000BEA30BD32500474018001E47E14C0E962
:1071B0007E0400FF7E3400F79AFF691190AF570BF1
:1071C000EA2090AF5B0BEA30BD32500474018001BD
:1071D000E47E14C0E97E0400FF7E3400F89AFF6963
:1071E00011804290AF610BEA203E243E243E249061
:1071F000AF590BEA302D3290AF5B0BEA2090AF61B4
:107200000BEA5090AF5D691E00020BEA002D157E5F
:107210000BB09AFD705A90AF610BEA207E340001EA
:107220002D321BEA3090AF610BEA1090AF5D693EE2
:1072300000020BEA202D317E1BB0BEB00078A4AA5C
:1072400090B005F090B0031BEA2090B0011BEA302B
:1072500090AF550BEA2090B0010BEA30BD325004DC
:1072600074018001E47E14C0E97E0400FF7E3401D5
:107270000E9AFF691190AF570BEA2090B0030BEA0A
:1072800030BD32500474018001E47E14C0E97E04F4
:1072900000FF7E34010F9AFF69116CAA90B005E0DF
:1072A000BCBA581F90B0010BEA3090B0030BEA2033
:1072B000742D9AFD705A90B005E064FF0490B005FB
:1072C000F0801290B0010BEA3090B0030BEA20740A
:1072D000209AFD705A90B005E01A3B7E2400649A13
:1072E000FCFFF57CB790B006F090B005E01A3B7E4D
:1072F00024000A9AFCFFF57E24000A9AFCFFF57C24
:10730000B590B007F090B005E01A3B7E24000A9AD1
:10731000FCFFF57CB590B008F0E490B009F0804A2D
:1073200090B009E00A3B7E2400012D233E243E2438
:107330003E2490B0010BEA302D3290B0030BEA20CE
:1073400090B009E00A0B7E14B0062D107A31827AD3
:107350002183E00A4B7E5400302D549AFD705A90E0
:10736000B0097EEBA074012CBAF090B0097EEBA0BE
:107370007403BCAB40AAAA90B00EF090B00C1BEA0C
:107380002090B00A1BEA3090AF550BEA2090B00A6B
:107390000BEA30BD32500474018001E47E14C0E970
:1073A0007E0400FF7E3401329AFF691190AF570BC3
:1073B000EA2090B00C0BEA30BD3250047401800119
:1073C000E47E14C0E97E0400FF7E3401339AFF6935
:1073D0001190B00EE00A5B7E4400648D5490B00FB3
:1073E000F090B00EE00A3B7E24000A8D327E24002D
:1073F0000A9AFCFFF57CB590B010F090B00EE00A50
:107400003B7E24000A9AFCFFF57CB590B011F0E4B5
:1074100090B012F0804290B0127EEB707408ACB75E
:1074200090B00A0BEA302D3590B00C0BEA2090B0EA
:1074300012E00A0B7E14B00F2D107A31827A21836C
:10744000E00A4B7E5400302D549AFD705A90B012D1
:107450007EEBA074012CBAF090B0127EEBA0740306
:10746000BCAB40B2AA90AC751BEA1090AC731BEA9F
:107470002090AC711BEA3090AF550BEA2090AC71B4
:107480000BEA30BD32500474018001E47E14C0E97F
:107490007E0400FF7E34014E9AFF691190AF570BB6
:1074A000EA2090AC730BEA30BD32500474018001C5
:1074B000E47E14C0E97E0400FF7E34014F9AFF6928
:1074C000116D2290AC750BEA30BD32582690AC712C
:1074D0000BEA3090AC730BEA20742D9AFD705A9031
:1074E000AC750BEA306E34FFFF0B3490AC751BEAC1
:1074F00030801290AC710BEA3090AC730BEA2074C0
:10750000209AFD705A90AC750BEA307E2427109AB1
:10751000FCFFF57CB790AC77F090AC750BEA307E51
:107520002403E89AFCFFF57E24000A9AFCFFF57C10
:10753000B590AC78F090AC750BEA307E2400649A7C
:10754000FCFFF57E24000A9AFCFFF57CB590AC792F
:10755000F090AC750BEA307E24000A9AFCFFF57EB1
:1075600024000A9AFCFFF57CB590AC7AF090AC75DB
:107570000BEA307E24000A9AFCFFF57CB590AC7BC8
:10758000F0E490AC7CF0804A90AC7CE00A3B7E2436
:1075900000012D233E243E243E2490AC710BEA30A2
:1075A0002D3290AC730BEA2090AC7CE00A0B7E1479
:1075B000AC772D107A31827A2183E00A4B7E540019
:1075C000302D549AFD705A90AC7C7EEBA074012C47
:1075D000BAF090AC7C7EEBA07405BCAB40AAAA903C
:1075E000AC811BEA1090AC7F1BEA2090AC7D1BEABB
:1075F0003090AF550BEA2090AC7D0BEA30BD325095
:107600000474018001E47E14C0E97E0400FF7E342E
:1076100001739AFF691190AF570BEA2090AC7F0B72
:10762000EA30BD32500474018001E47E14C0E97E6A
:107630000400FF7E3401749AFF691190AC810BEA5B
:10764000507E4427108D5490AC83F090AC810BEAAF
:10765000307E2403E88D327E24000A8D327CB59082
:10766000AC84F090AC810BEA307E2400648D327ED5
:1076700024000A8D327CB590AC85F090AC810BEA89
:10768000307E24000A8D327E24000A8D327CB59033
:10769000AC86F090AC810BEA307E24000A8D327CFF
:1076A000B590AC87F0E490AC88F0804290AC887ED6
:1076B000EB707408ACB790AC7D0BEA302D3590AC14
:1076C0007F0BEA2090AC88E00A0B7E14AC832D106F
:1076D0007A31827A2183E00A4B7E5400302D549A0D
:1076E000FD705A90AC887EEBA074012CBAF090AC7F
:1076F000887EEBA07405BCAB40B2AA909C17F090BA
:107700009C131BEA00791E0002909C111BEA20903A
:107710009C0F1BEA3090AF550BEA20909C0F0BEAB0
:1077200030BD32500474018001E47E14C0E97E044F
:1077300000FF7E3401939AFF691190AF570BEA2046
:10774000909C110BEA30BD32500474018001E47E3C
:1077500014C0E97E0400FF7E3401949AFF69119001
:107760009C177EEBA0740ABCAB2806740A909C1789
:10777000F0909C177EEBA074012CBAF0909C1369DA
:107780003E00020BEA20BE1800005830909C13699E
:107790003E00020BEA20909267793E00021BEA202D
:1077A0007E149C187E0400017E34C0E67E2400FF17
:1077B0009AFCC1CE7CB7909C3AF0803F7420909C9C
:1077C00018F0909C13693E00020BEA2090926779B2
:1077D0003E00021BEA207E149C197E0400017E34C8
:1077E000C0E67E2400FF9AFCC1CE7CB7909C3AF0A4
:1077F000909C3A7EEBA074012CBAF080237EA020EE
:10780000909C3AE00A2B7E349C182D327A71827A51
:1078100061837AEBA0909C3A7EEBA074012CBAF0C5
:10782000909C177EEBA0909C3AE0BCBA40CF6CAA2B
:10783000909C17E00A2B7E349C182D327A71827A44
:1078400061837AEBA0909C0F0BEA30909C110BEABD
:10785000207E149C187E0400019AFD7179AA909AEA
:1078600049F0909A451BEA00791E0002909A431B4A
:10787000EA20909A411BEA3090AF550BEA20909A8B
:10788000410BEA30BD32500474018001E47E14C023
:10789000E97E0400FF7E3401BE9AFF691190AF5764
:1078A0000BEA20909A430BEA30BD325004740180F9
:1078B00001E47E14C0E97E0400FF7E3401BF9AFF1C
:1078C0006911909A4A7EEBA07406BCAB2806740638
:1078D000909A4AF0909A497EEBA0740ABCAB2806B5
:1078E000740A909A49F0909A45691E00020BEA00CA
:1078F0009F119AFEB79B2830909A45693E00020B73
:10790000EA20909267793E00021BEA207E149A4C8E
:107910007E0400017E34C0E37E2400FF9AFCC1CEC9
:107920007CB7909A4BF08039909A45693E00020BE3
:10793000EA20909267793E00021BEA207E149A4D5D
:107940007E0400017E34C0E37E2400FF9AFCC1CE99
:107950007CB7909A4BF0909A4B7EEBA074012CBAB6
:10796000F0909A4BE00A5B7E4400079D54909A7019
:10797000F0909A49E00A4B909A70E01A5B9D547E11
:107980004400019D54909A6EF0909A4AE00A3B9010
:107990009A70E01A4B2D437E5400012D54909A6F3B
:1079A000F0802E7EA020909A6FE01A2B7E349A4CA5
:1079B0002D327A71827A61837AEBA0909A6F7EEB96
:1079C000A074012CBAF0909A6E7EEBA074012CBAD0
:1079D000F0909A6E7EEBA0E4BCAB48C7909A4569E4
:1079E0001E00020BEA009F119AFEB79B281A7EA088
:1079F0002D909A6EE01A2B7E349A4C2D327A718239
:107A00007A61837AEBA080187EA020909A6EE01AAB
:107A10002B7E349A4C2D327A71827A61837AEBA074
:107A20006CAA909A6FE01A2B7E349A4C2D327A71A0
:107A3000827A61837AEBA0909A410BEA30909A4364
:107A40000BEA207E149A4C7E0400019AFD7179AAFB
:107A500090A0871BEA00791E000290A0851BEA20F7
:107A600090A0831BEA309F1190A093793E00021BE7
:107A7000EA209F1190A097793E00021BEA2090AF68
:107A8000550BEA2090A0830BEA30BD3250047401FC
:107A90008001E47E14C0E97E0400FF7E3401EE9A8A
:107AA000FF691190AF570BEA2090A0850BEA30BD1B
:107AB00032500474018001E47E14C0E97E0400FFAA
:107AC0007E3401EF9AFF691190A0830BEA3090A0F9
:107AD000850BEA2090A08F0BEA0090A0830BEA10A0
:107AE0002D107E0400019D1090A0910BEA5090A0F3
:107AF000850BEA002D057E5400019D05126DB79F90
:107B00001190A093793E00021BEA2080609F1190A3
:107B1000A097793E00021BEA2080257E3400019068
:107B2000AF510BEA209AFC8AA290A097691E00022E
:107B30000BEA007E1800012F10793E00021BEA209C
:107B400090A08F0BEA106D0090A097693E00020B89
:107B5000EA20BF1040C590A093691E00020BEA0006
:107B60007E1800012F10793E00021BEA2090A091A0
:107B70000BEA106D0090A093693E00020BEA20BF53
:107B800010408A9F1190A093793E00021BEA2002C8
:107B90007C5090A08B0BEA1090A093693E00020BE2
:107BA000EA209AFEBEC790A08F0BEA109AFCFFEB6A
:107BB00090A09B793E00021BEA2090A09B693E00AA
:107BC000020BEA207D1390A087693E00020BEA2099
:107BD0002D317E1B700A2790A0910BEA307E140095
:107BE000019D31AD3290A08D0BEA208D326D229037
:107BF000A09F793E00021BEA2090A093693E0002FC
:107C00000BEA207D2390A0830BEA302D3290A091C7
:107C10000BEA107E2400019D126D0090A09F695E0A
:107C200000020BEA409F0290A0850BEA202D2190D4
:107C3000AF4F0BEA109AFD6FD490A093691E00021B
:107C40000BEA007E1800012F10793E00021BEA208B
:107C500090A08F0BEA106D0090A093693E00020B7C
:107C6000EA20BF105003027B92AA90A2E71BEA0011
:107C7000791E000290A2E6F090A2E41BEA2090A2F6
:107C8000E21BEA3090AF550BEA2090A2E20BEA30FB
:107C9000BD32500474018001E47E14C0E97E04000A
:107CA000FF7E3402149AFF691190AF570BEA2090BF
:107CB000A2E40BEA30BD32500474018001E47E146A
:107CC000C0E97E0400FF7E3402159AFF691190A27C
:107CD000E6E00A5B1E541E541E5490A2F6F090A2D9
:107CE000E20BEA3090A2E40BEA2090A2E6E090A238
:107CF000EB7EEB10AC1B7E1400019D0190A2E20B09
:107D0000EA102D1090A2E6E00A5B90A2E40BEA00D4
:107D10002D057E5400019D05126DB76D3390A2EEC6
:107D20001BEA30027E5A90A2EBE090A2F5F090A2FE
:107D3000F6E00A1B90A2EE0BEA00AD1090A2E769F4
:107D40003E00020BEA202D3190A2F7793E00021B83
:107D5000EA20027E356D3390A2F21BEA30027DF8F4
:107D60007E34000890A2F01BEA30805E90A2F00BF7
:107D7000EA507E4400019D5490A2F7693E00020B38
:107D8000EA207E1BA060051EA01478FB74015CBA7B
:107D900090A2F4F090A2F4E0BEB00068107E34002F
:107DA0000190A2EC0BEA209AFC8AA2800E7E34009D
:107DB0000190AF510BEA209AFC8AA290A2F00BEA44
:107DC000307E2400019D321BEA306D2290A2F00B20
:107DD000EA30BD32189690A2F7693E00020BEA2005
:107DE0000B34793E00021BEA2090A2F20BEA207EBF
:107DF0003400012D321BEA3090A2F6E00A2B90A24B
:107E0000F20BEA30BD325803027D6090A2E6E090AA
:107E1000A2F67EEB30AC3B90A2F7693E00020BEA83
:107E20002090A2F6E00A0B9D302D3190A2F7793E0A
:107E300000021BEA2090A2F57EEBA07E70017CBAC6
:107E40009CB7F0BEA0006803027D5590A2EE0BEA3D
:107E5000207E3400012D321BEA3090A2E6E00A2B8E
:107E600090A2EE0BEA30BD325803027D26AA907B29
:107E7000E9F0907BDD1BEA00791E0002907BDB1BA2
:107E8000EA20907BD91BEA309F11907BEA793E0073
:107E9000021BEA209F11907BEE793E00021BEA2034
:107EA00090AF550BEA20907BD90BEA30BD325004DD
:107EB00074018001E47E14C0E97E0400FF7E340278
:107EC0004B9AFF691190AF570BEA20907BDB0BEACE
:107ED00030BD32500474018001E47E14C0E97E0498
:107EE00000FF7E34024C9AFF6911907BDD693E00F1
:107EF000020BEA204D23680474018001E47E14C063
:107F0000E97E0400FF7E34024D9AFF6911C3C2B5B9
:107F1000907BD90BEA30907BDB0BEA20907BE50B62
:107F2000EA00907BD90BEA102D107E0400019D1011
:107F3000907BE70BEA50907BDB0BEA002D057E542B
:107F400000019D05126DB79F11907BEE793E0002F6
:107F50001BEA20028126907BE30BEA10907BEE69FE
:107F60003E00020BEA209AFEBEC7907BE70BEA10A8
:107F70009AFCFFEB907BE10BEA109AFEBEC77D13E3
:107F8000907BDD693E00020BEA202D31907DD67991
:107F90003E00021BEA209F11907BEA793E00021B03
:107FA000EA200280D4907BE10BEA10907BEA693EE4
:107FB00000020BEA209AFEBEC7907BE50BEA109AFE
:107FC000FCFFEB7D13907DD6693E00020BEA202D6D
:107FD000317E1B700A37907BF41BEA30907BE9E01E
:107FE000BEB000680302806F907BF40BEA201E2471
:107FF0001E241E247E34001F5D327C676C773E3465
:108000003E343E34907BF21BEA30907BF40BEA3036
:108010001E341E347E24003F5D233E243E243E2435
:108020003E243E24907BF20BEA304D321BEA309026
:108030007BF40BEA301E341E341E347E24001F5D98
:1080400023907BF20BEA304D321BEA30907BF20B2F
:10805000EA20907BEA691E00020BEA003E147E349F
:108060007BF62D317A71827A61831BEA20804E90F3
:108070007BE9E00A2B907BF40BEA30BD32501F6D98
:1080800022907BEA691E00020BEA003E147E347BDC
:10809000F62D317A71827A61831BEA20801F7E245B
:1080A000FFFF907BEA691E00020BEA003E147E345B
:1080B0007BF62D317A71827A61831BEA20907BEA0C
:1080C000691E00020BEA007E1800012F10793E00A5
:1080D000021BEA20907BE50BEA106D00907BEA69B9
:1080E0003E00020BEA20BF105003027FA5907BE503
:1080F0000BEA306D2290AEF1793E00021BEA207E41
:108100003400017E147BF67E0400019AFC8ACF9035
:108110007BEE691E00020BEA007E1800012F107929
:108120003E00021BEA20907BE70BEA106D00907B7B
:10813000EE693E00020BEA20BF105003027F56D3C7
:10814000D2B5AA7E34139390A5011BEA307E341376
:108150009190A5031BEA307E34FFFF90A5051BEA32
:10816000307E34FFFF90A5071BEA307E3400016D9E
:10817000227E146C007E0402DC9AFC8F3C7E34006C
:10818000817E240001E47E1400109AFDC5647E34D3
:1081900000807E240001E47E1400109AFDC5647EF8
:1081A0003400457E240001E47E1400109AFDC5646D
:1081B0007E3400927E24000174017E1400109AFD2A
:1081C000C56490AF530BEA309AFD6F5A90AF4F0BD6
:1081D000EA3090AF510BEA209AFD6FAFC3C2F87E30
:1081E0001403E890B5CC693E00020BEA209AFCFF2C
:1081F000EB7E1400C89AFEBEC79AFF73B7D3D2F8BD
:108200007E1403E890B5CC693E00020BEA209AFC8C
:10821000FFEB7E1400649AFEBEC79AFF73B77436F4
:10822000126D947E1403E890B5CC693E00020BEA0F
:10823000209AFCFFEB7E1400649AFEBEC79AFF737F
:10824000B76D2290AF530BEA30BD32780B7E34000D
:1082500001E49AFC8A3E803E90AF530BEA207E34C4
:108260000001BD23780C7E34000174C09AFC8A3E64
:10827000802490AF530BEA207E340002BD23780C9B
:108280007E34000174709AFC8A3E800A7E340001BC
:1082900074A09AFC8A3E743A126D947E3400017484
:1082A000059AFC8A3E74B2126D947E340001740CFF
:1082B0009AFC8A3E7E340001740C9AFC8A3E7E341D
:1082C0000001E49AFC8A3E7E34000174339AFC8AF1
:1082D0003E7E34000174339AFC8A3E74B7126D946A
:1082E0007E34000174359AFC8A3E74BB126D947E14
:1082F00034000174379AFC8A3E74C0126D947E3447
:108300000001742C9AFC8A3E74C2126D947E340073
:108310000174019AFC8A3E74C3126D947E3400018C
:1083200074129AFC8A3E74C4126D947E34000174F7
:10833000209AFC8A3E74C6126D947E340001740F3C
:108340009AFC8A3E74D0126D947E34000174A49A13
:10835000FC8A3E7E34000174A19AFC8A3E74E012CD
:108360006D947E34000174D09AFC8A3E7E34000104
:1083700074049AFC8A3E7E340001740D9AFC8A3E95
:108380007E34000174119AFC8A3E7E34000174131D
:108390009AFC8A3E7E340001742B9AFC8A3E7E341D
:1083A0000001743F9AFC8A3E7E34000174549AFCAA
:1083B0008A3E7E340001744C9AFC8A3E7E34000171
:1083C00074189AFC8A3E7E340001740D9AFC8A3E31
:1083D0007E340001740B9AFC8A3E7E340001741FC7
:1083E0009AFC8A3E7E34000174239AFC8A3E74E132
:1083F000126D947E34000174D09AFC8A3E7E340063
:108400000174049AFC8A3E7E340001740C9AFC8A42
:108410003E7E34000174119AFC8A3E7E3400017461
:10842000139AFC8A3E7E340001742C9AFC8A3E7EAC
:10843000340001743F9AFC8A3E7E34000174449AF1
:10844000FC8A3E7E34000174519AFC8A3E7E3400E0
:1084500001742F9AFC8A3E7E340001741F9AFC8AB4
:108460003E7E340001741F9AFC8A3E7E3400017403
:10847000209AFC8A3E7E34000174239AFC8A3E7462
:1084800021126D947411126D947E1403E890B5CC92
:10849000693E00020BEA209AFCFFEB7E1400789AFA
:1084A000FEBEC79AFF73B77429126D9490AF510B3B
:1084B000EA309AFD6EABAACA7BCA6BCA5BCA4BCACA
:1084C0002BCA1BCA0BC0D0C083C0827E34FD107E75
:1084D00024007E90B49A793E00021BEA2090B49A60
:1084E000693E00020BEA207E1BB090B49EF090B46F
:1084F0009EE064FF90B49A691E00020BEA007E0BB6
:10850000705C7B7A0B70E490B499F0806890B499B9
:10851000E07E34000160053E341478FB90B49EE0A8
:108520000A2B5D236D33BD23684090B4997EEB70B8
:108530007404ACB77E1481B62D157A31827A21830A
:10854000693E00020BEA204D23681F90B4997EEB30
:10855000707404ACB77E1481B62D157A31827A21FD
:1085600083693E00020BEA20991890B4997EEBA033
:1085700074012CBAF090B4997EEBA07408BCAB40A7
:108580008CD082D083D0D0DA0BDA1BDA2BDA4BDA3C
:108590005BDA6BDA7B32CA7BCA6BCA5BCA4BCA2B0B
:1085A000CA1BCA0BC0D0C083C0827E34FD117E249A
:1085B000007E90B4A0793E00021BEA2090B4A0692E
:1085C0003E00020BEA207E1BB090B4A4F090B4A44D
:1085D000E064FF90B4A0691E00020BEA007E0B70FD
:1085E0005C7B7A0B70E490B49FF0806890B49FE05D
:1085F0007E34000160053E341478FB90B4A4E00A98
:108600002B5D236D33BD23684090B49F7EEB707467
:1086100004ACB77E1481D62D157A31827A21836914
:108620003E00020BEA204D23681F90B49F7EEB7042
:108630007404ACB77E1481D62D157A31827A2183E9
:10864000693E00020BEA20991890B49F7EEBA0745B
:10865000012CBAF090B49F7EEBA07408BCAB408CA8
:10866000D082D083D0D0DA0BDA1BDA2BDA4BDA5B8C
:10867000DA6BDA7B32CA7BCA6BCA5BCA4BCA2BCABB
:108680001BCA0BC0D0C083C0827E34FD127E240082
:108690007E90B4A6793E00021BEA2090B4A6693E03
:1086A00000020BEA207E1BB090B4AAF090B4AAE0BE
:1086B00064FF90B4A6691E00020BEA007E0B705C9A
:1086C0007B7A0B70E490B4A5F0806890B4A5E07E4E
:1086D00034000160053E341478FB90B4AAE00A2B04
:1086E0005D236D33BD23684090B4A57EEB707404A8
:1086F000ACB77E1481F62D157A31827A2183693EDA
:1087000000020BEA204D23681F90B4A57EEB707425
:1087100004ACB77E1481F62D157A31827A218369F3
:108720003E00020BEA20991890B4A57EEBA07401DC
:108730002CBAF090B4A57EEBA07408BCAB408CD0F2
:1087400082D083D0D0DA0BDA1BDA2BDA4BDA5BDAA1
:108750006BDA7B32CA7BCA6BCA5BCA4BCA2BCA1B99
:10876000CA0BC0D0C083C0827E34FD137E24007E3D
:1087700090B4AC793E00021BEA2090B4AC693E0094
:10878000020BEA207E1BB090B4B0F090B4B0E0646D
:10879000FF90B4AC691E00020BEA007E0B705C7B9C
:1087A0007A0B70E490B4ABF0806890B4ABE07E34A8
:1087B000000160053E341478FB90B4B0E00A2B5DF4
:1087C000236D33BD23684090B4AB7EEB707404AC72
:1087D000B77E1482162D157A31827A2183693E0084
:1087E000020BEA204D23681F90B4AB7EEB7074043B
:1087F000ACB77E1482162D157A31827A2183693EB8
:1088000000020BEA20991890B4AB7EEBA074012C07
:10881000BAF090B4AB7EEBA07408BCAB408CD082B5
:10882000D083D0D0DA0BDA1BDA2BDA4BDA5BDA6BD7
:10883000DA7B32CA7BCA6BCA5BCA4BCA2BCA1BCA59
:108840000BC0D0C083C0827E34FD147E24007E9095
:10885000B4B2793E00021BEA2090B4B2693E000235
:108860000BEA207E1BB090B4B6F090B4B6E064FF83
:1088700090B4B2691E00020BEA007E0B705C7B7A3A
:108880000B70E490B4B1F0806890B4B1E07E340035
:108890000160053E341478FB90B4B6E00A2B5D23EA
:1088A0006D33BD23684090B4B17EEB707404ACB7F7
:1088B0007E1482362D157A31827A2183693E000238
:1088C0000BEA204D23681F90B4B17EEB707404ACAA
:1088D000B77E1482362D157A31827A2183693E0063
:1088E000020BEA20991890B4B17EEBA074012CBA67
:1088F000F090B4B17EEBA07408BCAB408CD082D0B9
:1089000083D0D0DA0BDA1BDA2BDA4BDA5BDA6BDAEC
:108910007B32CA7BCA6BCA5BCA4BCA2BCA1BCA0B47
:10892000C0D0C083C0827E34FD157E24007E90B40A
:10893000B8793E00021BEA2090B4B8693E00020BF1
:10894000EA207E1BB090B4BCF090B4BCE064FF9011
:10895000B4B8691E00020BEA007E0B705C7B7A0BD8
:1089600070E490B4B7F0806890B4B7E07E34000152
:1089700060053E341478FB90B4BCE00A2B5D236D97
:1089800033BD23684090B4B77EEB707404ACB77EFF
:108990001482562D157A31827A2183693E00020BAA
:1089A000EA204D23681F90B4B77EEB707404ACB717
:1089B0007E1482562D157A31827A2183693E000217
:1089C0000BEA20991890B4B77EEBA074012CBAF092
:1089D00090B4B77EEBA07408BCAB408CD082D0833F
:1089E000D0D0DA0BDA1BDA2BDA4BDA5BDA6BDA7B14
:1089F00032CA7BCA6BCA5BCA4BCA2BCA1BCA0BC022
:108A0000D0C083C0827E34FD167E24007E90B4BE2A
:108A1000793E00021BEA2090B4BE693E00020BEAD8
:108A2000207E1BB090B4C2F090B4C2E064FF90B45A
:108A3000BE691E00020BEA007E0B705C7B7A0B7035
:108A4000E490B4BDF0806890B4BDE07E3400016075
:108A5000053E341478FB90B4C2E00A2B5D236D33DD
:108A6000BD23684090B4BD7EEB707404ACB77E1437
:108A700082762D157A31827A2183693E00020BEAD3
:108A8000204D23681F90B4BD7EEB707404ACB77E9C
:108A90001482762D157A31827A2183693E00020B89
:108AA000EA20991890B4BD7EEBA074012CBAF09026
:108AB000B4BD7EEBA07408BCAB408CD082D083D018
:108AC000D0DA0BDA1BDA2BDA4BDA5BDA6BDA7B32D1
:108AD000CA7BCA6BCA5BCA4BCA2BCA1BCA0BC0D0A3
:108AE000C083C0827E34FD177E24007E90B4C4799A
:108AF0003E00021BEA2090B4C4693E00020BEA204B
:108B00007E1BB090B4C8F090B4C8E064FF90B4C4C9
:108B1000691E00020BEA007E0B705C7B7A0B70E42E
:108B200090B4C3F0806890B4C3E07E340001600567
:108B30003E341478FB90B4C8E00A2B5D236D33BD3E
:108B400023684090B4C37EEB707404ACB77E14828B
:108B5000962D157A31827A2183693E00020BEA2034
:108B60004D23681F90B4C37EEB707404ACB77E14C1
:108B700082962D157A31827A2183693E00020BEAB2
:108B800020991890B4C37EEBA074012CBAF090B475
:108B9000C37EEBA07408BCAB408CD082D083D0D015
:108BA000DA0BDA1BDA2BDA4BDA5BDA6BDA7B32CAF6
:108BB0007BCA6BCA5BCA4BCA2BCA1BCA0BC0D0C0CC
:108BC00083C0827E34FD187E24007E90B4CA793E34
:108BD00000021BEA2090B4CA693E00020BEA207E24
:108BE0001BB090B4CEF090B4CEE064FF90B4CA69EC
:108BF0001E00020BEA007E0B705C7B7A0B70E49027
:108C0000B4C9F0806890B4C9E07E34000160053ECC
:108C1000341478FB90B4CEE00A2B5D236D33BD2372
:108C2000684090B4C97EEB707404ACB77E1482B611
:108C30002D157A31827A2183693E00020BEA204D9C
:108C400023681F90B4C97EEB707404ACB77E1482A5
:108C5000B62D157A31827A2183693E00020BEA2013
:108C6000991890B4C97EEBA074012CBAF090B4C9E5
:108C70007EEBA07408BCAB408CD082D083D0D0DA1D
:108C80000BDA1BDA2BDA4BDA5BDA6BDA7B32CA7B74
:108C9000CA6BCA5BCA4BCA2BCA1BCA0BC0D0C083E3
:108CA000C0827E34FD197E24007E90B4D0793E00CF
:108CB000021BEA2090B4D0693E00020BEA207E1B22
:108CC000B090B4D4F090B4D4E064FF90B4D0691EF6
:108CD00000020BEA007E0B705C7B7A0B70E490B4B0
:108CE000CFF0806890B4CFE07E34000160053E3460
:108CF0001478FB90B4D4E00A2B5D236D33BD236858
:108D00004090B4CF7EEB707404ACB77E1482D62D45
:108D1000157A31827A2183693E00020BEA204D23C5
:108D2000681F90B4CF7EEB707404ACB77E1482D60B
:108D30002D157A31827A2183693E00020BEA20994F
:108D40001890B4CF7EEBA074012CBAF090B4CF7E13
:108D5000EBA07408BCAB408CD082D083D0D0DA0BAF
:108D6000DA1BDA2BDA4BDA5BDA6BDA7B32CA7BCAD4
:108D70006BCA5BCA4BCA2BCA1BCA0BC0D0C083C00C
:108D8000827E34FD1A7E24007E90B4D6793E0002A5
:108D90001BEA2090B4D6693E00020BEA207E1BB08D
:108DA00090B4DAF090B4DAE064FF90B4D6691E00B3
:108DB000020BEA007E0B705C7B7A0B70E490B4D5FA
:108DC000F0806890B4D5E07E34000160053E341434
:108DD00078FB90B4DAE00A2B5D236D33BD23684045
:108DE00090B4D57EEB707404ACB77E1482F62D156A
:108DF0007A31827A2183693E00020BEA204D236892
:108E00001F90B4D57EEB707404ACB77E1482F62D3F
:108E1000157A31827A2183693E00020BEA20991883
:108E200090B4D57EEBA074012CBAF090B4D57EEB53
:108E3000A07408BCAB408CD082D083D0D0DA0BDADF
:108E40001BDA2BDA4BDA5BDA6BDA7B32CA7BCA6B62
:108E5000CA5BCA4BCA2BCA1BCA0BC0D0C083C08214
:108E60007E34FD1B7E24007E90B4DC793E00021B24
:108E7000EA2090B4DC693E00020BEA207E1BB09031
:108E8000B4E0F090B4E0E064FF90B4DC691E00024E
:108E90000BEA007E0B705C7B7A0B70E490B4DBF025
:108EA000806890B4DBE07E34000160053E341478C5
:108EB000FB90B4E0E00A2B5D236D33BD2368409046
:108EC000B4DB7EEB707404ACB77E1483162D157A78
:108ED00031827A2183693E00020BEA204D23681F0C
:108EE00090B4DB7EEB707404ACB77E1483162D1542
:108EF0007A31827A2183693E00020BEA2099189028
:108F0000B4DB7EEBA074012CBAF090B4DB7EEBA056
:108F10007408BCAB408CD082D083D0D0DA0BDA1B83
:108F2000DA2BDA4BDA5BDA6BDA7B32CA7BCA6BCAD2
:108F30005BCA4BCA2BCA1BCA0BC0D0C083C082906D
:108F400081A2693E00020BEA204D23680C9081A2A9
:108F5000693E00020BEA209918D082D083D0D0DA83
:108F60000BDA1BDA2BDA4BDA5BDA6BDA7B32CA7B91
:108F7000CA6BCA5BCA4BCA2BCA1BCA0BC0D0C08300
:108F8000C0829081AA693E00020BEA204D23680C42
:108F90009081AA693E00020BEA209918D082D08302
:108FA000D0D0DA0BDA1BDA2BDA4BDA5BDA6BDA7B4E
:108FB00032CA7BCA6BCA5BCA4BCA2BCA1BCA0BC05C
:108FC000D0C083C0829081AE693E00020BEA204D82
:108FD00023680C9081AE693E00020BEA209918D0FC
:108FE00082D083D0D0DA0BDA1BDA2BDA4BDA5BDAF9
:108FF0006BDA7B32CA7BCA6BCA5BCA4BCA2BCA1BF1
:10900000CA0BC0D0C083C0829081B2693E00020BFF
:10901000EA204D23680C9081B2693E00020BEA20E1
:109020009918D082D083D0D0DA0BDA1BDA2BDA4B46
:10903000DA5BDA6BDA7B32CA7BCA6BCA5BCA4BCAB1
:109040002BCA1BCA0BC0D0C083C0826D339AFCD21E
:10905000DAD082D083D0D0DA0BDA1BDA2BDA4BDA13
:109060005BDA6BDA7B32CA7BCA6BCA5BCA4BCA2B30
:10907000CA1BCA0BC0D0C083C0827E3400019AFCD8
:10908000D2DAD082D083D0D0DA0BDA1BDA2BDA4BEB
:10909000DA5BDA6BDA7B32CA7BCA6BCA5BCA4BCA51
:1090A0002BCA1BCA0BC0D0C083C0827E3400029A78
:1090B000FCD2DAD082D083D0D0DA0BDA1BDA2BDA0A
:1090C0004BDA5BDA6BDA7B32CA7BCA6BCA5BCA4BA0
:1090D000CA2BCA1BCA0BC0D0C083C0827E34000317
:1090E0009AFCD2DAD082D083D0D0DA0BDA1BDA2B1A
:1090F000DA4BDA5BDA6BDA7B32CA7BCA6BCA5BCAE1
:109100004BCA2BCA1BCA0BC0D0C083C0827E34009E
:10911000049AFCD2DAD082D083D0D0DA0BDA1BDA10
:109120002BDA4BDA5BDA6BDA7B32CA7BCA6BCA5B4F
:10913000CA4BCA2BCA1BCA0BC0D0C083C0827E34A4
:1091400000059AFCD2DAD082D083D0D0DA0BDA1BB9
:10915000DA2BDA4BDA5BDA6BDA7B32CA7BCA6BCAA0
:109160005BCA4BCA2BCA1BCA0BC0D0C083C0827E4D
:109170003400069AFCD2DAD082D083D0D0DA0BDA6F
:109180001BDA2BDA4BDA5BDA6BDA7B32CA7BCA6B1F
:10919000CA5BCA4BCA2BCA1BCA0BC0D0C083C082D1
:1091A0007E3400079AFCD2DAD082D083D0D0DA0B9A
:1091B000DA1BDA2BDA4BDA5BDA6BDA7B32CA7BCA80
:1091C0006BCA5BCA4BCA2BCA1BCA0BC0D0C083C0B8
:1091D000827E34FA3A7E24007E7E1BB030E04D6DF4
:1091E000339AFCD9D390B891F090B891E0BEB07F9B
:1091F000781790B8927EEBA074012CBAF07432BC50
:10920000AB280B7460F5C78005E490B892F09069C4
:1092100068693E00020BEA204D23681090B891E087
:10922000906968693E00020BEA2099187E34FA3A88
:109230007E24007E7E1BB030E11874FD7E14FA3A65
:109240007E04007E7E0B705C7B7A0B706D339AFC23
:10925000D613D082D083D0D0DA0BDA1BDA2BDA4BDC
:10926000DA5BDA6BDA7B32CA7BCA6BCA5BCA4BCA7F
:109270002BCA1BCA0BC0D0C083C0827E34FA4A7E80
:1092800024007E7E1BB030E02A7E3400019AFCD997
:10929000D390B893F090696C693E00020BEA204DC0
:1092A00023681090B893E090696C693E00020BEA65
:1092B0002099187E34FA4A7E24007E7E1BB030E16D
:1092C0001A74FD7E14FA4A7E04007E7E0B705C7B6D
:1092D0007A0B707E3400019AFCD613D082D083D0F2
:1092E000D0DA0BDA1BDA2BDA4BDA5BDA6BDA7B32A9
:1092F000CA7BCA6BCA5BCA4BCA2BCA1BCA0BC0D07B
:10930000C083C0827E34FA5A7E24007E7E1BB03039
:10931000E02A7E3400029AFCD9D390B894F0906988
:1093200070693E00020BEA204D23681090B894E06B
:10933000906970693E00020BEA2099187E34FA5A4F
:109340007E24007E7E1BB030E11A74FD7E14FA5A32
:109350007E04007E7E0B705C7B7A0B707E34000294
:109360009AFCD613D082D083D0D0DA0BDA1BDA2B5A
:10937000DA4BDA5BDA6BDA7B32CA7BCA6BCA5BCA5E
:109380004BCA2BCA1BCA0BC0D0C083C0827E34FA22
:109390006A7E24007E7E1BB030E02A7E3400039A71
:1093A000FCD9D390B895F0906974693E00020BEA3D
:1093B000204D23681090B895E0906974693E0002D2
:1093C0000BEA2099187E34FA6A7E24007E7E1BB058
:1093D00030E11A74FD7E14FA6A7E04007E7E0B7002
:1093E0005C7B7A0B707E3400039AFCD613D082D05B
:1093F00083D0D0DA0BDA1BDA2BDA4BDA5BDA6BDAF2
:109400007B32CA7BCA6BCA5BCA4BCA2BCA1BCA0B4C
:10941000C0D0C083C0827E34F7627E24007E7E1B73
:10942000B030E02A7E3400049AFCD9D390B896F08C
:10943000906978693E00020BEA204D23681090B8CD
:1094400096E0906978693E00020BEA2099187E3414
:10945000F7627E24007E7E1BB030E11A74FD7E141C
:10946000F7627E04007E7E0B705C7B7A0B707E342C
:1094700000049AFCD613D082D083D0D0DA0BDA1B4A
:10948000DA2BDA4BDA5BDA6BDA7B32CA7BCA6BCA6D
:109490005BCA4BCA2BCA1BCA0BC0D0C083C0827E1A
:1094A00034F7927E24007E7E1BB030E02A7E3400AA
:1094B000059AFCD9D390B897F090697C693E000278
:1094C0000BEA204D23681090B897E090697C693EC4
:1094D00000020BEA2099187E34F7927E24007E7EEB
:1094E0001BB030E11A74FD7E14F7927E04007E7E7C
:1094F0000B705C7B7A0B707E3400059AFCD613D01F
:1095000082D083D0D0DA0BDA1BDA2BDA4BDA5BDAD3
:109510006BDA7B32CA7BCA6BCA5BCA4BCA2BCA1BCB
:10952000CA0BC0D0C083C0827E34F7C27E24007EC6
:109530007E1BB030E02A7E3400069AFCD9D390B866
:1095400098F0906980693E00020BEA204D23681074
:1095500090B898E0906980693E00020BEA20991863
:109560007E34F7C27E24007E7E1BB030E11A74FD8B
:109570007E14F7C27E04007E7E0B705C7B7A0B70DB
:109580007E3400069AFCD613D082D083D0D0DA0B7A
:10959000DA1BDA2BDA4BDA5BDA6BDA7B32CA7BCA9C
:1095A0006BCA5BCA4BCA2BCA1BCA0BC0D0C083C0D4
:1095B000827E34F7F27E24007E7E1BB030E02A7E6D
:1095C0003400079AFCD9D390B899F0906984693E29
:1095D00000020BEA204D23681090B899E09069844E
:1095E000693E00020BEA2099187E34F7F27E2400CF
:1095F0007E7E1BB030E11A74FD7E14F7F27E04000B
:109600007E7E0B705C7B7A0B707E3400079AFCD6F2
:1096100013D082D083D0D0DA0BDA1BDA2BDA4BDA14
:109620005BDA6BDA7B32CA7BCA6BCA5BCA4BCA2B6A
:10963000CA1BCA0BC0D0C083C0827E3400029AFC11
:109640007BD6D082D083D0D0DA0BDA1BDA2BDA4B80
:10965000DA5BDA6BDA7B32CA7BCA6BCA5BCA4BCA8B
:109660002BCA1BCA0BC0D0C083C0829AFF22EBD08A
:1096700082D083D0D0DA0BDA1BDA2BDA4BDA5BDA62
:109680006BDA7B32CA7BCA6BCA5BCA4BCA2BCA1B5A
:10969000CA0BC0D0C083C0829AFF2B7BD082D083FC
:1096A000D0D0DA0BDA1BDA2BDA4BDA5BDA6BDA7B47
:1096B00032CA7BCA6BCA5BCA4BCA2BCA1BCA0BC055
:1096C000D0C083C0825388DF90986C693E00020B43
:1096D000EA204D23680C90986C693E00020BEA204A
:1096E0009918D082D083D0D0DA0BDA1BDA2BDA4B80
:1096F000DA5BDA6BDA7B32CA7BCA6BCA5BCA4BCAEB
:109700002BCA1BCA0BC0D0C083C08253887F9098DD
:1097100070693E00020BEA204D23680C9098706936
:109720003E00020BEA209918D082D083D0D0DA0B09
:10973000DA1BDA2BDA4BDA5BDA6BDA7B32CA7BCAFA
:109740006BCA5BCA4BCA2BCA1BCA0BC0D0C083C032
:109750008253EFFE909874693E00020BEA204D237D
:10976000680C909874693E00020BEA209918D08228
:10977000D083D0D0DA0BDA1BDA2BDA4BDA5BDA6B78
:10978000DA7B32CA7BCA6BCA5BCA4BCA2BCA1BCAFA
:109790000BC0D0C083C08253EFFD909878693E0023
:1097A000020BEA204D23680C909878693E00020B6A
:1097B000EA209918D082D083D0D0DA0BDA1BDA2BCA
:1097C000DA4BDA5BDA6BDA7B32CA7BCA6BCA5BCA0A
:1097D0004BCA2BCA1BCA0BC0D0C083C08253EFFB3D
:1097E00090987C693E00020BEA204D23680C90980B
:1097F0007C693E00020BEA209918D082D083D0D039
:10980000DA0BDA1BDA2BDA4BDA5BDA6BDA7B32CA89
:109810007BCA6BCA5BCA4BCA2BCA1BCA0BC0D0C05F
:1098200083C0827E34FBB27E24007E7E1B700A37AA
:109830007E2400085D236D33BD23682C74F77E14ED
:10984000FBB27E04007E7E0B705C7B7A0B7090987E
:1098500080693E00020BEA204D23680C90988069D5
:109860003E00020BEA2099187E34FBB27E24007E73
:109870007E1B700A377E2400805D236D33BD236814
:109880002C747F7E14FBB27E04007E7E0B705C7BAA
:109890007A0B70909884693E00020BEA204D236891
:1098A0000C909884693E00020BEA209918D082D06F
:1098B00083D0D0DA0BDA1BDA2BDA4BDA5BDA6BDA2D
:1098C0007B32CA7BCA6BCA5BCA4BCA2BCA1BCA0B88
:1098D000C0D0C083C0827E34FBBA7E24007E7E1B53
:1098E000700A377E2400085D236D33BD23682C7415
:1098F000F77E14FBBA7E04007E7E0B705C7B7A0BD5
:1099000070909888693E00020BEA204D23680C9005
:109910009888693E00020BEA2099187E34FBBA7ED3
:1099200024007E7E1B700A377E2400805D236D3309
:10993000BD23682C747F7E14FBBA7E04007E7E0BF0
:10994000705C7B7A0B7090988C693E00020BEA2069
:109950004D23680C90988C693E00020BEA20991800
:10996000D082D083D0D0DA0BDA1BDA2BDA4BDA5B79
:10997000DA6BDA7B32CA7BCA6BCA5BCA4BCA2BCAA8
:109980001BCA0BC0D0C083C0827E34FBC27E2400C1
:109990007E7E1B700A377E2400085D236D33BD2355
:1099A000682C74F77E14FBC27E04007E7E0B705C14
:1099B0007B7A0B70909890693E00020BEA204D2351
:1099C000680C909890693E00020BEA2099187E344A
:1099D000FBC27E24007E7E1B700A377E2400805DE1
:1099E000236D33BD23682C747F7E14FBC27E04007C
:1099F0007E7E0B705C7B7A0B70909894693E0002BF
:109A00000BEA204D23680C909894693E00020BEA03
:109A1000209918D082D083D0D0DA0BDA1BDA2BDA77
:109A20004BDA5BDA6BDA7B32CA7BCA6BCA5BCA4B36
:109A3000CA2BCA1BCA0BC0D0C083C08274FE7E145E
:109A4000FE787E04007E7E0B705C7B7A0B709098B3
:109A500098693E00020BEA204D23680C90989869A3
:109A60003E00020BEA209918D082D083D0D0DA0BC6
:109A7000DA1BDA2BDA4BDA5BDA6BDA7B32CA7BCAB7
:109A80006BCA5BCA4BCA2BCA1BCA0BC0D0C083C0EF
:109A9000827E34FBCA7E24007E7E1B700A377E24C1
:109AA00000085D236D33BD23682C74F77E14FBCA58
:109AB0007E04007E7E0B705C7B7A0B7090989C69B4
:109AC0003E00020BEA204D23680C90989C693E00F2
:109AD000020BEA2099187E34FBCA7E24007E7E1B8E
:109AE000700A377E2400805D236D33BD23682C749B
:109AF0007F7E14FBCA7E04007E7E0B705C7B7A0B3B
:109B0000709098A0693E00020BEA204D23680C90EB
:109B100098A0693E00020BEA209918D082D083D029
:109B2000D0DA0BDA1BDA2BDA4BDA5BDA6BDA7B3260
:109B3000CA7BCA6BCA5BCA4BCA2BCA1BCA0BC0D032
:109B4000C083C0829AFE6057D082D083D0D0DA0B17
:109B5000DA1BDA2BDA4BDA5BDA6BDA7B32CA7BCAD6
:109B60006BCA5BCA4BCA2BCA1BCA0BC0D0C083C00E
:109B7000829AFE6044D082D083D0D0DA0BDA1BDA2E
:109B80002BDA4BDA5BDA6BDA7B3290B864F0D3D243
:109B9000B5C3C2B5C3C2F97E34000190B864E09A7F
:109BA000FC8A3ED3D2B5D3D2F9C3C2B52290B1B5A7
:109BB0001BEA0090B1B31BEA1090B1B11BEA2090F0
:109BC000B1AF1BEA3090B1ADE00A2B90B1AF0BEA18
:109BD00030BD32500474018001E47E14C0B67E04AE
:109BE00000FF7E34006A9AFF691190B1AEE00A2B43
:109BF00090B1B10BEA30BD32500474018001E47EB3
:109C000014C0B67E0400FF7E34006B9AFF69119089
:109C1000B1ADE00A2B90B1B30BEA30BD3250047401
:109C2000018001E47E14C0B67E0400FF7E34006C27
:109C30009AFF691190B1AEE00A2B90B1B50BEA30F2
:109C4000BD32500474018001E47E14C0B67E04006D
:109C5000FF7E34006D9AFF69116D2290B1AB0BEA63
:109C600030BD32680E90B1AB0BEA207E340001BDEE
:109C700023785C742A129B8A7E34000190B1AF0B6A
:109C8000EA107E2400022D219AFC8AA27E34000173
:109C900090B1B30BEA107E2400022D219AFC8AA217
:109CA000742B129B8A7E34000190B1B10BEA107EB6
:109CB0002400012D219AFC8AA27E34000190B1B5C6
:109CC0000BEA107E2400012D219AFC8AA2805A748E
:109CD0002A129B8A7E34000190B1AF0BEA107E24D9
:109CE00000012D219AFC8AA27E34000190B1B30BB1
:109CF000EA107E2400012D219AFC8AA2742B129B6B
:109D00008A7E34000190B1B10BEA107E2400022D4E
:109D1000219AFC8AA27E34000190B1B50BEA107E34
:109D20002400022D219AFC8AA2742C129B8A229074
:109D300084971BEA306D336D2290B1ADE00A1B7E33
:109D40000400019D1090B1AEE00A0B7E5400019D0D
:109D500005129BAD6D339084991BEA30802C908462
:109D6000970BEA209084990BEA103E147E34849B72
:109D70002D317A71827A61831BEA209084990BEAF3
:109D8000207E3400012D321BEA309084990BEA20AA
:109D90007E3400A0BD2340C66D339084991BEA3009
:109DA000802D7E1800A090AEF1793E00021BEA20C3
:109DB0007E3400017E14849B7E0400019AFC8ACFCD
:109DC0009084990BEA207E3400012D321BEA3090FA
:109DD00084990BEA207E340080BD2340C5AA90B848
:109DE000021BEA3090B8020BEA3090B1AB1BEA30AC
:109DF00090B8020BEA207E340002BD23580E748016
:109E000090B1ADF074A090B1AEF0800C74A090B1A0
:109E1000ADF0748090B1AEF0AA90B67A1BEA2090B3
:109E2000B6781BEA3090B6780BEA3090B1A71BEAFF
:109E30003090B67A0BEA3090B1A91BEA30AA90B400
:109E4000131BEA1090B4111BEA2090B40F1BEA30E8
:109E500090B1ADE00A2B90B40F0BEA30BD32500444
:109E600074018001E47E14C0B67E0400FF7E3400DD
:109E7000CA9AFF691190B1AEE00A2B90B4110BEAB7
:109E800030BD32500474018001E47E14C0B67E04FB
:109E900000FF7E3400CB9AFF691190B40F0BEA30BB
:109EA00090B4110BEA2090B40F0BEA1090B4110B90
:109EB000EA00129BAD7E34000190B4130BEA209AA5
:109EC000FC8AA2AA90B1BBF090B1B91BEA2090B174
:109ED000B71BEA3090B1ADE00A2B90B1B70BEA3076
:109EE000BD32500474018001E47E14C0B67E0400CB
:109EF000FF7E3400DE9AFF691190B1AEE00A2B902C
:109F0000B1B90BEA30BD32500474018001E47E1413
:109F1000C0B67E0400FF7E3400DF9AFF6911E49032
:109F2000B1BCF0029FD390B1B70BEA3090B1BCE066
:109F30000A1B90B1B90BEA202D2190B1B70BEA00B2
:109F40007E1400072D1090B1BCE00A5B90B1B90BF4
:109F5000EA002D05129BAD90B1BBE01A3B3E343EAA
:109F6000343E343E3490B1BCE00A2B2D237E3401C4
:109F70001F2D327E2400FF7E1BB090B1BEF0E49016
:109F8000B1BDF0803790B1BEE030E0107E3400010A
:109F900090B1A70BEA209AFC8AA2800E7E340001C1
:109FA00090B1A90BEA209AFC8AA290B1BEE01EB043
:109FB000F090B1BD7EEBA074012CBAF090B1BD7EE3
:109FC000EBA07408BCAB40BD90B1BC7EEBA07401AB
:109FD0002CBAF090B1BC7EEBA07410BCAB50030265
:109FE0009F26AA90AF491BEA00791E000290AF4756
:109FF0001BEA2090AF451BEA306D3390AF4D1BEA52
:10A000003090B1ADE00A2B90AF450BEA30BD325035
:10A010000474018001E47E14C0B67E0400FF7E3427
:10A0200000FC9AFF691190B1AEE00A2B90AF470B8C
:10A03000EA30BD32500474018001E47E14C0B67E63
:10A040000400FF7E3400FD9AFF6911804290AF4DFD
:10A050000BEA203E243E243E2490AF450BEA302DEF
:10A060003290AF470BEA2090AF4D0BEA5090AF49CA
:10A07000691E00020BEA002D157E0BB09AFD9EC4EE
:10A0800090AF4D0BEA207E3400012D321BEA309058
:10A09000AF4D0BEA1090AF49693E00020BEA202D4C
:10A0A000317E1BB0BEB00078A4AA90AFF3F090AFA1
:10A0B000F11BEA2090AFEF1BEA3090B1ADE00A2B24
:10A0C00090AFEF0BEA30BD32500474018001E47EA2
:10A0D00014C0B67E0400FF7E3401149AFF6911900B
:10A0E000B1AEE00A2B90AFF10BEA30BD32500474F0
:10A0F000018001E47E14C0B67E0400FF7E340115A9
:10A100009AFF69116CAA90AFF3E0BCBA581F90AFE8
:10A11000EF0BEA3090AFF10BEA20742D9AFD9EC44C
:10A1200090AFF3E064FF0490AFF3F0801290AFEFD4
:10A130000BEA3090AFF10BEA2074209AFD9EC49098
:10A14000AFF3E01A3B7E2400649AFCFFF57CB790E5
:10A15000AFF4F090AFF3E01A3B7E24000A9AFCFFC4
:10A16000F57E24000A9AFCFFF57CB590AFF5F090DF
:10A17000AFF3E01A3B7E24000A9AFCFFF57CB59011
:10A18000AFF6F0E490AFF7F0804A90AFF7E00A3B0B
:10A190007E2400012D233E243E243E2490AFEF0B6D
:10A1A000EA302D3290AFF10BEA2090AFF7E00A0BC6
:10A1B0007E14AFF42D107A31827A2183E00A4B7E2F
:10A1C0005400302D549AFD9EC490AFF77EEBA074DE
:10A1D000012CBAF090AFF77EEBA07403BCAB40AAA1
:10A1E000AA90AFFCF090AFFA1BEA2090AFF81BEA00
:10A1F0003090B1ADE00A2B90AFF80BEA30BD325091
:10A200000474018001E47E14C0B67E0400FF7E3435
:10A2100001389AFF691190B1AEE00A2B90AFFA0BAA
:10A22000EA30BD32500474018001E47E14C0B67E71
:10A230000400FF7E3401399AFF691190AFFCE00AF7
:10A240005B7E4400648D5490AFFDF090AFFCE00A5B
:10A250003B7E24000A8D327E24000A9AFCFFF57CA6
:10A26000B590AFFEF090AFFCE00A3B7E24000A9A66
:10A27000FCFFF57CB590AFFFF0E490B000F08042B9
:10A2800090B0007EEB707408ACB790AFF80BEA307A
:10A290002D3590AFFA0BEA2090B000E00A0B7E1447
:10A2A000AFFD2D107A31827A2183E00A4B7E540073
:10A2B000302D549AFD9EC490B0007EEBA074012C0A
:10A2C000BAF090B0007EEBA07403BCAB40B2AA9091
:10A2D000AC5D1BEA1090AC5B1BEA2090AC591BEA0A
:10A2E0003090B1ADE00A2B90AC590BEA30BD325042
:10A2F0000474018001E47E14C0B67E0400FF7E3445
:10A3000001549AFF691190B1AEE00A2B90AC5B0B3F
:10A31000EA30BD32500474018001E47E14C0B67E80
:10A320000400FF7E3401559AFF69116D2290AC5DE7
:10A330000BEA30BD32582690AC590BEA3090AC5B3A
:10A340000BEA20742D9AFD9EC490AC5D0BEA306E32
:10A3500034FFFF0B3490AC5D1BEA30801290AC5997
:10A360000BEA3090AC5B0BEA2074209AFD9EC490FF
:10A37000AC5D0BEA307E2427109AFCFFF57CB79089
:10A38000AC5FF090AC5D0BEA307E2403E89AFCFFF2
:10A39000F57E24000A9AFCFFF57CB590AC60F09045
:10A3A000AC5D0BEA307E2400649AFCFFF57E24004D
:10A3B0000A9AFCFFF57CB590AC61F090AC5D0BEABD
:10A3C000307E24000A9AFCFFF57E24000A9AFCFFE6
:10A3D000F57CB590AC62F090AC5D0BEA307E240069
:10A3E0000A9AFCFFF57CB590AC63F0E490AC64F0A5
:10A3F000804A90AC64E00A3B7E2400012D233E2479
:10A400003E243E2490AC590BEA302D3290AC5B0BCD
:10A41000EA2090AC64E00A0B7E14AC5F2D107A3118
:10A42000827A2183E00A4B7E5400302D549AFD9E9F
:10A43000C490AC647EEBA074012CBAF090AC647E46
:10A44000EBA07405BCAB40AAAA90AC691BEA1090C3
:10A45000AC671BEA2090AC651BEA3090B1ADE00A16
:10A460002B90AC650BEA30BD32500474018001E4DE
:10A470007E14C0B67E0400FF7E3401799AFF691114
:10A4800090B1AEE00A2B90AC670BEA30BD325004BD
:10A4900074018001E47E14C0B67E0400FF7E3401A6
:10A4A0007A9AFF691190AC690BEA507E4427108DAF
:10A4B0005490AC6BF090AC690BEA307E2403E88DCD
:10A4C000327E24000A8D327CB590AC6CF090AC6981
:10A4D0000BEA307E2400648D327E24000A8D327CAB
:10A4E000B590AC6DF090AC690BEA307E24000A8D1B
:10A4F000327E24000A8D327CB590AC6EF090AC694F
:10A500000BEA307E24000A8D327CB590AC6FF0E40B
:10A5100090AC70F0804290AC707EEB707408ACB779
:10A5200090AC650BEA302D3590AC670BEA2090AC0F
:10A5300070E00A0B7E14AC6B2D107A31827A218385
:10A54000E00A4B7E5400302D549AFD9EC490AC70AE
:10A550007EEBA074012CBAF090AC707EEBA0740579
:10A56000BCAB40B2AA909BEBF0909BE71BEA007952
:10A570001E0002909BE51BEA20909BE31BEA3090B3
:10A58000B1ADE00A2B909BE30BEA30BD325004746E
:10A59000018001E47E14C0B67E0400FF7E34019980
:10A5A0009AFF691190B1AEE00A2B909BE50BEA305F
:10A5B000BD32500474018001E47E14C0B67E0400F4
:10A5C000FF7E34019A9AFF6911909BEB7EEBA07499
:10A5D0000ABCAB2806740A909BEBF0909BEB7EEBD9
:10A5E000A074012CBAF0909BE7693E00020BEA20B0
:10A5F000BE1800005830909BE7693E00020BEA202D
:10A60000909267793E00021BEA207E149BEC7E0448
:10A6100000017E34C0B37E2400FF9AFCC1CE7CB71B
:10A62000909C0EF0803F7420909BECF0909BE7692B
:10A630003E00020BEA20909267793E00021BEA205E
:10A640007E149BED7E0400017E34C0B37E2400FFA7
:10A650009AFCC1CE7CB7909C0EF0909C0E7EEBA035
:10A6600074012CBAF080237EA020909C0EE00A2B6F
:10A670007E349BEC2D327A71827A61837AEBA090E2
:10A680009C0E7EEBA074012CBAF0909BEB7EEBA0AD
:10A69000909C0EE0BCBA40CF6CAA909BEBE00A2BDA
:10A6A0007E349BEC2D327A71827A61837AEBA090B2
:10A6B0009BE30BEA30909BE50BEA207E149BEC7E3B
:10A6C0000400019AFD9FE3AA909A19F0909A151B35
:10A6D000EA00791E0002909A131BEA20909A111B3F
:10A6E000EA3090B1ADE00A2B909A110BEA30BD32FE
:10A6F000500474018001E47E14C0B67E0400FF7E25
:10A700003401C49AFF691190B1AEE00A2B909A13FC
:10A710000BEA30BD32500474018001E47E14C0B6EF
:10A720007E0400FF7E3401C59AFF6911909A1A7E5B
:10A73000EBA07406BCAB28067406909A1AF0909AA7
:10A74000197EEBA0740ABCAB2806740A909A19F023
:10A75000909A15691E00020BEA009F119AFEB79BA2
:10A760002830909A15693E00020BEA209092677992
:10A770003E00021BEA207E149A1C7E0400017E34F7
:10A78000C0B07E2400FF9AFCC1CE7CB7909A1BF02B
:10A790008039909A15693E00020BEA209092677901
:10A7A0003E00021BEA207E149A1D7E0400017E34C6
:10A7B000C0B07E2400FF9AFCC1CE7CB7909A1BF0FB
:10A7C000909A1B7EEBA074012CBAF0909A1BE00AC1
:10A7D0005B7E4400079D54909A40F0909A19E00ADD
:10A7E0004B909A40E01A5B9D547E4400019D54902A
:10A7F0009A3EF0909A1AE00A3B909A40E01A4B2D4C
:10A80000437E5400012D54909A3FF0802E7EA0206C
:10A81000909A3FE01A2B7E349A1C2D327A71827AFC
:10A8200061837AEBA0909A3F7EEBA074012CBAF082
:10A83000909A3E7EEBA074012CBAF0909A3E7EEB8B
:10A84000A0E4BCAB48C7909A15691E00020BEA0051
:10A850009F119AFEB79B281A7EA02D909A3EE01A6F
:10A860002B7E349A1C2D327A71827A61837AEBA026
:10A8700080187EA020909A3EE01A2B7E349A1C2DE0
:10A88000327A71827A61837AEBA06CAA909A3FE067
:10A890001A2B7E349A1C2D327A71827A61837AEB7C
:10A8A000A0909A110BEA30909A130BEA207E149A2A
:10A8B0001C7E0400019AFD9FE3AA908346F09083DA
:10A8C0003A1BEA00791E00029083381BEA2090832D
:10A8D000361BEA309F11908347793E00021BEA2025
:10A8E0009F1190834B793E00021BEA2090B1ADE0AE
:10A8F0000A2B9083360BEA30BD325004740180017C
:10A90000E47E14C0B67E0400FF7E3401FC9AFF6929
:10A910001190B1AEE00A2B9083380BEA30BD325073
:10A920000474018001E47E14C0B67E0400FF7E340E
:10A9300001FD9AFF691190833A693E00020BEA20FB
:10A940004D23680474018001E47E14C0B67E0400C7
:10A95000FF7E3401FE9AFF6911C3C2B59083360BA6
:10A96000EA309083380BEA209083420BEA00908310
:10A97000360BEA102D107E0400019D109083440BCD
:10A98000EA509083380BEA002D057E5400019D05A6
:10A99000129BAD9F1190834B793E00021BEA20026F
:10A9A000AB729083400BEA1090834B693E00020B20
:10A9B000EA209AFEBEC79083440BEA109AFCFFEB94
:10A9C00090833E0BEA109AFEBEC77D1390833A69CE
:10A9D0003E00020BEA202D31908493793E00021B49
:10A9E000EA209F11908347793E00021BEA2002ABC8
:10A9F0002090833E0BEA10908347693E00020BEAE9
:10AA0000209AFEBEC79083420BEA109AFCFFEB7DB2
:10AA100013908493693E00020BEA202D317E1B7057
:10AA20000A379083511BEA30908346E0BEB000683D
:10AA30000302AABB9083510BEA201E241E241E246D
:10AA40007E34001F5D327C676C773E343E343E348A
:10AA500090834F1BEA309083510BEA301E341E3432
:10AA60007E24003F5D233E243E243E243E243E249B
:10AA700090834F0BEA304D321BEA309083510BEA42
:10AA8000301E341E341E347E24001F5D2390834FFD
:10AA90000BEA304D321BEA3090834F0BEA20908353
:10AAA00047691E00020BEA003E147E3483532D31A9
:10AAB0007A71827A61831BEA20804E908346E00A95
:10AAC0002B9083510BEA30BD32501F6D229083478B
:10AAD000691E00020BEA003E147E3483532D317A46
:10AAE00071827A61831BEA20801F7E24FFFF90839E
:10AAF00047691E00020BEA003E147E3483532D3159
:10AB00007A71827A61831BEA20908347691E000272
:10AB10000BEA007E1800012F10793E00021BEA208C
:10AB20009083420BEA106D00908347693E00020B50
:10AB3000EA20BF10500302A9F19083420BEA306D66
:10AB40002290AEF1793E00021BEA207E3400017EA5
:10AB50001483537E0400019AFC8ACF90834B691EB4
:10AB600000020BEA007E1800012F10793E00021B44
:10AB7000EA209083440BEA106D0090834B693E00FD
:10AB8000020BEA20BF10500302A9A2D3D2B5AA90AB
:10AB9000A0671BEA00791E000290A0651BEA2090C6
:10ABA000A0631BEA309F1190A073793E00021BEA5C
:10ABB000209F1190A077793E00021BEA2090B1AD52
:10ABC000E00A2B90A0630BEA30BD32500474018080
:10ABD00001E47E14C0B67E0400FF7E3402309AFF8A
:10ABE000691190B1AEE00A2B90A0650BEA30BD323E
:10ABF000500474018001E47E14C0B67E0400FF7E20
:10AC00003402319AFF691190A0630BEA3090A0657D
:10AC10000BEA2090A06F0BEA0090A0630BEA102DC6
:10AC2000107E0400019D1090A0710BEA5090A06569
:10AC30000BEA002D057E5400019D05129BAD9F116E
:10AC400090A073793E00021BEA2080609F1190A0C3
:10AC500077793E00021BEA2080257E34000190B106
:10AC6000A90BEA209AFC8AA290A077691E00020B29
:10AC7000EA007E1800012F10793E00021BEA2090A6
:10AC8000A06F0BEA106D0090A077693E00020BEAFE
:10AC900020BF1040C590A073691E00020BEA007E21
:10ACA0001800012F10793E00021BEA2090A0710BC2
:10ACB000EA106D0090A073693E00020BEA20BF10FD
:10ACC000408A9F1190A073793E00021BEA2002ADDA
:10ACD0008F90A06B0BEA1090A073693E00020BEA04
:10ACE000209AFEBEC790A06F0BEA109AFCFFEB9073
:10ACF000A07B793E00021BEA2090A07B693E000207
:10AD00000BEA207D1390A067693E00020BEA202D1C
:10AD1000317E1B700A2790A0710BEA307E1400016F
:10AD20009D31AD3290A06D0BEA208D326D2290A046
:10AD30007F793E00021BEA2090A073693E00020B5F
:10AD4000EA207D2390A0630BEA302D3290A0710B96
:10AD5000EA107E2400019D126D0090A07F695E00C4
:10AD6000020BEA409F0290A0650BEA202D2190B1D2
:10AD7000A70BEA109AFD9E3E90A073691E00020B7D
:10AD8000EA007E1800012F10793E00021BEA209095
:10AD9000A06F0BEA106D0090A073693E00020BEAF1
:10ADA00020BF10500302ACD1AA7E34139390A501AA
:10ADB0001BEA307E34139190A5031BEA307E34FFEA
:10ADC000FF90A5051BEA307E34FFFF90A5071BEA24
:10ADD000307E3400016D227E146C007E0402DC9A09
:10ADE000FC8F3C7E3400817E240001E47E14001040
:10ADF0009AFDC5647E3400807E240001E47E140048
:10AE0000109AFDC5647E3400457E240001E47E1462
:10AE100000109AFDC5647E3400927E240001740106
:10AE20007E1400109AFDC56490B1AB0BEA309AFD18
:10AE30009DDE90B1A70BEA3090B1A90BEA209AFDF4
:10AE40009E19C3C2F87E1403E890B5CC693E000297
:10AE50000BEA209AFCFFEB7E14000A9AFEBEC79A0A
:10AE6000FF73B7D3D2F87E1403E890B5CC693E00E7
:10AE7000020BEA209AFCFFEB7E1400789AFEBEC714
:10AE80009AFF73B77411129B8A7E1403E890B5CCB5
:10AE9000693E00020BEA209AFCFFEB7E1400789AD0
:10AEA000FEBEC79AFF73B774B1129B8A7E3400014D
:10AEB00074019AFC8A3E7E340001742C9AFC8A3E0E
:10AEC0007E340001742D9AFC8A3E74B2129B8A7EF5
:10AED00034000174019AFC8A3E7E340001742C9A7D
:10AEE000FC8A3E7E340001742D9AFC8A3E74B312B3
:10AEF0009B8A7E34000174019AFC8A3E7E340001F4
:10AF0000742C9AFC8A3E7E340001742D9AFC8A3E91
:10AF10007E34000174019AFC8A3E7E340001742C58
:10AF20009AFC8A3E7E340001742D9AFC8A3E74B4E9
:10AF3000129B8A7E34000174079AFC8A3E74C01208
:10AF40009B8A7E34000174A29AFC8A3E7E34000102
:10AF500074029AFC8A3E7E34000174849AFC8A3E14
:10AF600074C1129B8A7E34000174C59AFC8A3E74B7
:10AF7000C2129B8A7E340001740A9AFC8A3E7E3497
:10AF80000001E49AFC8A3E74C3129B8A7E3400015D
:10AF9000748A9AFC8A3E7E340001742A9AFC8A3EA6
:10AFA00074C4129B8A7E340001748A9AFC8A3E7EA5
:10AFB00034000174EE9AFC8A3E74C5129B8A7E347A
:10AFC0000001740E9AFC8A3E7436129B8A90B1ABD3
:10AFD0000BEA301B34681A1B3468211B3468292E95
:10AFE000340003782D7E34000174C09AFC8A3E80C0
:10AFF000217E340001E49AFC8A3E80167E340001F2
:10B0000074A09AFC8A3E800A7E34000174609AFC27
:10B010008A3E74E0129B8A7E340001740F9AFC8A87
:10B020003E7E340001741A9AFC8A3E7E340001741C
:10B030000F9AFC8A3E7E34000174189AFC8A3E7E88
:10B04000340001742F9AFC8A3E7E34000174289AE1
:10B05000FC8A3E7E34000174209AFC8A3E7E3400D5
:10B060000174229AFC8A3E7E340001741F9AFC8A85
:10B070003E7E340001741B9AFC8A3E7E34000174CB
:10B08000239AFC8A3E7E34000174379AFC8A3E7E05
:10B09000340001E49AFC8A3E7E34000174079AFC75
:10B0A0008A3E7E34000174029AFC8A3E7E3400019E
:10B0B00074109AFC8A3E74E1129B8A7E34000174FB
:10B0C0000F9AFC8A3E7E340001741B9AFC8A3E7EF5
:10B0D000340001740F9AFC8A3E7E34000174179A82
:10B0E000FC8A3E7E34000174339AFC8A3E7E340032
:10B0F00001742C9AFC8A3E7E34000174299AFC8AE1
:10B100003E7E340001742E9AFC8A3E7E3400017427
:10B11000309AFC8A3E7E34000174309AFC8A3E7E6E
:10B1200034000174399AFC8A3E7E340001743F9ADF
:10B13000FC8A3E7E340001E49AFC8A3E7E340001A3
:10B1400074079AFC8A3E7E34000174039AFC8A3E9E
:10B150007E34000174109AFC8A3E742A129B8A7E07
:10B16000340001E49AFC8A3E7E34000174029AFCA9
:10B170008A3E7E340001E49AFC8A3E7E34000174EB
:10B18000829AFC8A3E742B129B8A7E340001E49AD8
:10B19000FC8A3E7E34000174039AFC8A3E7E3400B1
:10B1A00001E49AFC8A3E7E34000174839AFC8A3E54
:10B1B00074F0129B8A7E34000174019AFC8A3E74FA
:10B1C000F6129B8A7E340001E49AFC8A3E743A129D
:10B1D0009B8A7E34000174059AFC8A3E7429129B76
:10B1E0008A90B1A90BEA309AFD9D2FAA90B5F01B69
:10B1F000EA3090B5F00BEA507CAB740F5CBA90B5B6
:10B20000F2F090B5F00BEA507CAB74F05CBA90B5FC
:10B21000F3F090B5F3E024E0687824F0780302B20C
:10B22000BD24F0780302B2E824F0780302B31324BB
:10B23000F0780302B33E24F0780302B36924F07877
:10B240000302B39424F0780302B3BF24F07803021E
:10B25000B40624F0780302B44D24F0780302B493CA
:10B2600024B0680302B4D790B5F2E07E34000160E8
:10B27000053E341478FB7CB764FF529390B5F2E03E
:10B280007E34000160053E341478FB7CB7429402A2
:10B29000B4D790B5F2E07E34000160053E341478F6
:10B2A000FB7CB764FF529190B5F2E07E3400016000
:10B2B000053E341478FB7CB7429202B4D790B5F2C5
:10B2C000E07E34000160053E341478FB7CB764FFF7
:10B2D000529590B5F2E07E34000160053E3414785A
:10B2E000FB7CB7429602B4D790B5F2E07E34000101
:10B2F00060053E341478FB7CB764FF52B190B5F220
:10B30000E07E34000160053E341478FB7CB742B225
:10B3100002B4D790B5F2E07E34000160053E3414EB
:10B3200078FB7CB764FF52B390B5F2E07E34000145
:10B3300060053E341478FB7CB742B402B4D790B5B4
:10B34000F2E07E34000160053E341478FB7CB76483
:10B35000FF52C990B5F2E07E34000160053E34141E
:10B3600078FB7CB742CA02B4D790B5F2E07E3400D5
:10B370000160053E341478FB7CB764FF52CB90B576
:10B38000F2E07E34000160053E341478FB7CB74265
:10B39000CC02B4D790B5F2E07E34000160053E34B3
:10B3A0001478FB7CB764FF52E190B5F2E07E340084
:10B3B0000160053E341478FB7CB742E202B4D790BA
:10B3C000B5F2E07E34000160053E341478FB7CB7B2
:10B3D00064FF7E14F7187E04007E7E0B705C7B7A1F
:10B3E0000B7090B5F2E07E34000160053E341478B5
:10B3F000FB7C677E14F7107E04007E7E0B704C761B
:10B400007A0B7002B4D790B5F2E07E34000160058B
:10B410003E341478FB7CB764FF7E14F7197E040079
:10B420007E7E0B705C7B7A0B7090B5F2E07E340010
:10B430000160053E341478FB7C677E14F7117E04AE
:10B44000007E7E0B704C767A0B7002B4D790B5F20A
:10B45000E07E34000160053E341478FB7CB764FF65
:10B460007E14F71A7E04007E7E0B705C7B7A0B7074
:10B4700090B5F2E07E34000160053E341478FB7C28
:10B48000677E14F7127E04007E7E0B704C767A0B7A
:10B4900070804490B5F2E07E34000160053E3414C3
:10B4A00078FB7CB764FF7E14F71B7E04007E7E0B66
:10B4B000705C7B7A0B7090B5F2E07E340001600521
:10B4C0003E341478FB7C677E14F7137E04007E7E86
:10B4D0000B704C767A0B702290B5F41BEA3090B565
:10B4E000F40BEA507CAB740F5CBA90B5F6F090B5F3
:10B4F000F40BEA507CAB74F05CBA90B5F7F090B501
:10B50000F7E024E0687624F0780302B5A524F0780B
:10B510000302B5CE24F0780302B5F724F0780302D5
:10B52000B62024F0780302B64924F0780302B672FC
:10B5300024F0780302B69B24F0780302B6E024F0EE
:10B54000780302B72524F0780302B76924B06803B2
:10B5500002B7AB90B5F6E07E34000160053E3414CE
:10B5600078FB7CB7429390B5F6E07E34000160052D
:10B570003E341478FB7CB7429402B7AB90B5F6E04A
:10B580007E34000160053E341478FB7CB742919014
:10B59000B5F6E07E34000160053E341478FB7CB7DC
:10B5A000429202B7AB90B5F6E07E34000160053EF2
:10B5B000341478FB7CB7429590B5F6E07E340001F8
:10B5C00060053E341478FB7CB7429602B7AB90B569
:10B5D000F6E07E34000160053E341478FB7CB7420F
:10B5E000B190B5F6E07E34000160053E341478FB7E
:10B5F0007CB742B202B7AB90B5F6E07E3400016092
:10B60000053E341478FB7CB742B390B5F6E07E3447
:10B61000000160053E341478FB7CB742B402B7AB3E
:10B6200090B5F6E07E34000160053E341478FB7C72
:10B63000B742C990B5F6E07E34000160053E34148F
:10B6400078FB7CB742CA02B7AB90B5F6E07E340017
:10B650000160053E341478FB7CB742CB90B5F6E030
:10B660007E34000160053E341478FB7CB742CC0286
:10B67000B7AB90B5F6E07E34000160053E34147837
:10B68000FB7CB742E190B5F6E07E34000160053EF8
:10B69000341478FB7CB742E202B7AB90B5F6E07E9B
:10B6A00034000160053E341478FB7C677E14F71883
:10B6B0007E04007E7E0B704C767A0B7090B5F6E0BF
:10B6C0007E34000160053E341478FB7C677E14F7FD
:10B6D000107E04007E7E0B704C767A0B7002B7AB46
:10B6E00090B5F6E07E34000160053E341478FB7CB2
:10B6F000677E14F7197E04007E7E0B704C767A0B01
:10B700007090B5F6E07E34000160053E341478FB9D
:10B710007C677E14F7117E04007E7E0B704C767A77
:10B720000B7002B7AB90B5F6E07E34000160053EC9
:10B73000341478FB7C677E14F71A7E04007E7E0B3F
:10B74000704C767A0B7090B5F6E07E34000160059F
:10B750003E341478FB7C677E14F7127E04007E7EF4
:10B760000B704C767A0B70804290B5F6E07E340018
:10B770000160053E341478FB7C677E14F71B7E0461
:10B78000007E7E0B704C767A0B7090B5F6E07E34BE
:10B79000000160053E341478FB7C677E14F7137E4D
:10B7A00004007E7E0B704C767A0B702290B5F81BED
:10B7B000EA3090B5F80BEA507CAB740F5CBA90B5E8
:10B7C000FAF090B5F80BEA507CAB74F05CBA90B527
:10B7D000FBF090B5FBE024E0687824F0780302B831
:10B7E0007D24F0780302B8A824F0780302B8D324AB
:10B7F000F0780302B8FE24F0780302B92924F07827
:10B800000302B95424F0780302B97F24F0780302CC
:10B81000B9C624F0780302BA0D24F0780302BA53B3
:10B8200024B0680302BA9790B5FAE07E3400016054
:10B83000053E341478FB7CB7429390B5FAE07E3431
:10B84000000160053E341478FB7CB764FF5294021B
:10B85000BA9790B5FAE07E34000160053E34147862
:10B86000FB7CB7429190B5FAE07E34000160053E62
:10B87000341478FB7CB764FF529202BA9790B5FA01
:10B88000E07E34000160053E341478FB7CB74295BD
:10B8900090B5FAE07E34000160053E341478FB7CFC
:10B8A000B764FF529602BA9790B5FAE07E34000171
:10B8B00060053E341478FB7CB742B190B5FAE07E67
:10B8C00034000160053E341478FB7CB764FF52B24B
:10B8D00002BA9790B5FAE07E34000160053E341458
:10B8E00078FB7CB742B390B5FAE07E340001600586
:10B8F0003E341478FB7CB764FF52B402BA9790B51B
:10B90000FAE07E34000160053E341478FB7CB742D7
:10B91000C990B5FAE07E34000160053E341478FB2E
:10B920007CB764FF52CA02BA9790B5FAE07E340041
:10B930000160053E341478FB7CB742CB90B5FAE049
:10B940007E34000160053E341478FB7CB764FF52FE
:10B95000CC02BA9790B5FAE07E34000160053E341F
:10B960001478FB7CB742E190B5FAE07E34000160C8
:10B97000053E341478FB7CB764FF52E202BA97901C
:10B98000B5FAE07E34000160053E341478FB7C6734
:10B990007E14F7187E04007E7E0B704C767A0B7056
:10B9A00090B5FAE07E34000160053E341478FB7CEB
:10B9B000B764FF7E14F7107E04007E7E0B705C7B04
:10B9C0007A0B7002BA9790B5FAE07E3400016005F8
:10B9D0003E341478FB7C677E14F7197E04007E7E6B
:10B9E0000B704C767A0B7090B5FAE07E34000160F3
:10B9F000053E341478FB7CB764FF7E14F7117E0497
:10BA0000007E7E0B705C7B7A0B7002BA9790B5FA61
:10BA1000E07E34000160053E341478FB7C677E14C0
:10BA2000F71A7E04007E7E0B704C767A0B7090B510
:10BA3000FAE07E34000160053E341478FB7CB76484
:10BA4000FF7E14F7127E04007E7E0B705C7B7A0B07
:10BA500070804490B5FAE07E34000160053E3414F5
:10BA600078FB7C677E14F71B7E04007E7E0B704C97
:10BA7000767A0B7090B5FAE07E34000160053E34B2
:10BA80001478FB7CB764FF7E14F7137E04007E7E7F
:10BA90000B705C7B7A0B70AA90B7D61BEA3090B71C
:10BAA000D60BEA207E340090BD23583F90B7D60BCA
:10BAB000EA507CAB740F5CBA7E34000160053E3402
:10BAC0001478FB7C6790B7D60BEA500E540E540ED8
:10BAD000540E541A4A1A487E14FE0F7E04007E2F1C
:10BAE000027E0B704C767A0B70803D90B7D60BEAD5
:10BAF000507CAB740F5CBA7E34000160053E341498
:10BB000078FB7C6790B7D60BEA500E540E540E5457
:10BB10000E541A4A1A487E14F9B77E04007E2F028A
:10BB20007E0B704C767A0B702290B7D81BEA30905F
:10BB3000B7D80BEA3012BA98AA90B7DA1BEA30905D
:10BB4000B7DA0BEA207E340090BD23583F90B7DA75
:10BB50000BEA507CAB740F5CBA7E34000160053E8A
:10BB6000341478FB7C6790B7DA0BEA500E540E540D
:10BB70000E540E541A4A1A487E14FE3F7E04007E6C
:10BB80002F027E0B704C767A0B70803D90B7DA0BEB
:10BB9000EA507CAB740F5CBA7E34000160053E3421
:10BBA0001478FB7C6790B7DA0BEA500E540E540EF3
:10BBB000540E541A4A1A487E14F9E77E04007E2F68
:10BBC000027E0B704C767A0B702290B5FE1BEA2039
:10BBD00090B5FC1BEA3090B5FE0BEA301B347803BD
:10BBE00002BC7C0B34680302BD0890B5FC0BEA2054
:10BBF0007E340090BD23584290B5FC0BEA507CABDC
:10BC0000740F5CBA7E34000160053E341478FB7C0E
:10BC1000B764FF90B5FC0BEA300E340E340E340ED0
:10BC2000341A261A247E14FE277E04007E2F017EFD
:10BC30000B705C7B7A0B7002BD1990B5FC0BEA505F
:10BC40007CAB740F5CBA7E34000160053E3414781E
:10BC5000FB7CB764FF90B5FC0BEA300E340E340E5B
:10BC6000340E341A261A247E14F9CF7E04007E2F57
:10BC7000017E0B705C7B7A0B7002BD1990B5FC0BDA
:10BC8000EA207E340090BD23583F90B5FC0BEA506B
:10BC90007CAB740F5CBA7E34000160053E341478CE
:10BCA000FB7C6790B5FC0BEA500E540E540E540EFC
:10BCB000541A4A1A487E14FE277E04007E2F027E04
:10BCC0000B704C767A0B70805090B5FC0BEA507C70
:10BCD000AB740F5CBA7E34000160053E341478FB0F
:10BCE0007C6790B5FC0BEA500E540E540E540E5463
:10BCF0001A4A1A487E14F9CF7E04007E2F027E0B6A
:10BD0000704C767A0B708011E47E14C2567E04006B
:10BD1000FF7E3400CB9AFF69112290B6021BEA2005
:10BD200090B6001BEA3090B6020BEA301B34780361
:10BD300002BDCC0B34680302BE5890B6000BEA205B
:10BD40007E340090BD23584290B6000BEA507CAB85
:10BD5000740F5CBA7E34000160053E341478FB7CBD
:10BD6000B764FF90B6000BEA300E340E340E340E7A
:10BD7000341A261A247E14FE2F7E04007E2F017EA4
:10BD80000B705C7B7A0B7002BE6990B6000BEA50B8
:10BD90007CAB740F5CBA7E34000160053E341478CD
:10BDA000FB7CB764FF90B6000BEA300E340E340E05
:10BDB000340E341A261A247E14F9D77E04007E2FFE
:10BDC000017E0B705C7B7A0B7002BE6990B6000B33
:10BDD000EA207E340090BD23583F90B6000BEA5015
:10BDE0007CAB740F5CBA7E34000160053E3414787D
:10BDF000FB7C6790B6000BEA500E540E540E540EA6
:10BE0000541A4A1A487E14FE2F7E04007E2F027EAA
:10BE10000B704C767A0B70805090B6000BEA507C19
:10BE2000AB740F5CBA7E34000160053E341478FBBD
:10BE30007C6790B6000BEA500E540E540E540E540C
:10BE40001A4A1A487E14F9D77E04007E2F027E0B10
:10BE5000704C767A0B708011E47E14C2567E04001A
:10BE6000FF7E3400F89AFF69112290B6061BEA2083
:10BE700090B6041BEA3090B6040BEA207E34001022
:10BE8000BD235811E47E14C2567E0400FF7E3401A7
:10BE9000059AFF69116D2290B6060BEA30BD326833
:10BEA0000302BF3690B6040BEA207E340090BD2317
:10BEB000584290B6040BEA507CAB740F5CBA7E34E7
:10BEC000000160053E341478FB7CB764FF90B60433
:10BED0000BEA300E340E340E340E341A261A247E39
:10BEE00014FE1F7E04007E2F017E0B705C7B7A0B9C
:10BEF0007002BFC090B6040BEA507CAB740F5CBA02
:10BF00007E34000160053E341478FB7CB764FF90FA
:10BF1000B6040BEA300E340E340E340E341A261AE0
:10BF2000247E14F9C77E04007E2F017E0B705C7B9B
:10BF30007A0B7002BFC090B6040BEA207E340090EA
:10BF4000BD23583F90B6040BEA507CAB740F5CBA2B
:10BF50007E34000160053E341478FB7C6790B604A3
:10BF60000BEA500E540E540E540E541A4A1A487EC0
:10BF700014FE1F7E04007E2F027E0B704C767A0B1F
:10BF800070803D90B6040BEA507CAB740F5CBA7EB7
:10BF900034000160053E341478FB7C6790B6040BD6
:10BFA000EA500E540E540E540E541A4A1A487E1477
:10BFB000F9C77E04007E2F027E0B704C767A0B70E0
:10BFC000AA90B4F01BEA3090B4F00BEA507CAB744A
:10BFD0000F5CBA90B4F2F090B4F00BEA507CAB7402
:10BFE000F05CBA90B4F3F0E490B4F4F090B4F3E001
:10BFF00024E0686924F0780302C07924F078030211
:10C00000C09524F0780302C0B124F0780302C0CDBB
:10C0100024F0780302C0E924F0780302C10524F07B
:10C02000780302C12124F0780302C14524F078038B
:10C0300002C16924F0780302C18D24B0680302C1F3
:10C04000AF90B4F2E07E34000160053E341478FB1A
:10C050007CA7E5805CBA90B4F4F002C1AF90B4F272
:10C06000E07E34000160053E341478FB7CA7E59047
:10C070005CBA90B4F4F002C1AF90B4F2E07E340048
:10C080000160053E341478FB7CA7E5A05CBA90B44F
:10C09000F4F002C1AF90B4F2E07E34000160053EDE
:10C0A000341478FB7CA7E5B05CBA90B4F4F002C11C
:10C0B000AF90B4F2E07E34000160053E341478FBAA
:10C0C0007CA7E5C05CBA90B4F4F002C1AF90B4F2C2
:10C0D000E07E34000160053E341478FB7CA7E5C89F
:10C0E0005CBA90B4F4F002C1AF90B4F2E07E3400D8
:10C0F0000160053E341478FB7CA7E5E85CBA90B497
:10C10000F4F002C1AF90B4F2E07E34000160053E6D
:10C11000341478FB7CA7E5F85CBA90B4F4F002C163
:10C12000AF90B4F2E07E34000160053E341478FB39
:10C130007CA77E34F7087E24007E7E1BB05CBA901C
:10C14000B4F4F0806A90B4F2E07E34000160053E01
:10C15000341478FB7CA77E34F7097E24007E7E1B96
:10C16000B05CBA90B4F4F0804690B4F2E07E340053
:10C170000160053E341478FB7CA77E34F70A7E24E8
:10C18000007E7E1BB05CBA90B4F4F0802290B4F2D2
:10C19000E07E34000160053E341478FB7CA77E34D9
:10C1A000F70B7E24007E7E1BB05CBA90B4F4F09056
:10C1B000B4F4E0BEB000680474018001E4AA90B455
:10C1C000F7F090B4F51BEA3090B4F50BEA507CAB75
:10C1D000740F5CBA90B4F8F090B4F50BEA507CABF5
:10C1E00074F05CBA90B4F9F090B4F9E024E078030C
:10C1F00002C27724F0780302C2AE24F0780302C2B0
:10C20000E524F0780302C31C24F0780302C353240E
:10C21000F0780302C38A24F0780302C3C124F078C3
:10C220000302C3F824F0780302C44B24F07803021D
:10C23000C49E24F0780302C4EF24B0680302C53E14
:10C2400090B4F7E0BEB000681690B4F8E07E340019
:10C250000160053E341478FB7CB7428002C53E90F5
:10C26000B4F8E07E34000160053E341478FB7CB7FE
:10C2700064FF528002C53E90B4F7E0BEB00068167D
:10C2800090B4F8E07E34000160053E341478FB7C05
:10C29000B7429002C53E90B4F8E07E3400016005DC
:10C2A0003E341478FB7CB764FF529002C53E90B4D4
:10C2B000F7E0BEB000681690B4F8E07E340001608C
:10C2C000053E341478FB7CB742A002C53E90B4F81A
:10C2D000E07E34000160053E341478FB7CB764FFD7
:10C2E00052A002C53E90B4F7E0BEB000681690B40C
:10C2F000F8E07E34000160053E341478FB7CB742E0
:10C30000B002C53E90B4F8E07E34000160053E34D2
:10C310001478FB7CB764FF52B002C53E90B4F7E0DE
:10C32000BEB000681690B4F8E07E34000160053EAF
:10C33000341478FB7CB742C002C53E90B4F8E07E6E
:10C3400034000160053E341478FB7CB764FF52C0B2
:10C3500002C53E90B4F7E0BEB000681690B4F8E0B5
:10C360007E34000160053E341478FB7CB742C8027D
:10C37000C53E90B4F8E07E34000160053E34147888
:10C38000FB7CB764FF52C802C53E90B4F7E0BEB074
:10C3900000681690B4F8E07E34000160053E341465
:10C3A00078FB7CB742E802C53E90B4F8E07E3400EA
:10C3B0000160053E341478FB7CB764FF52E802C587
:10C3C0003E90B4F7E0BEB000681690B4F8E07E345A
:10C3D000000160053E341478FB7CB742F802C53E8C
:10C3E00090B4F8E07E34000160053E341478FB7CA4
:10C3F000B764FF52F802C53E90B4F7E0BEB00068E3
:10C400002490B4F8E07E34000160053E341478FBDB
:10C410007C677E14F7007E04007E7E0B704C767A7B
:10C420000B7002C53E90B4F8E07E34000160053E1A
:10C43000341478FB7CB764FF7E14F7007E04007E22
:10C440007E0B705C7B7A0B7002C53E90B4F7E0BE49
:10C45000B000682490B4F8E07E34000160053E34FA
:10C460001478FB7C677E14F7017E04007E7E0B70DF
:10C470004C767A0B7002C53E90B4F8E07E34000131
:10C4800060053E341478FB7CB764FF7E14F7017EB0
:10C4900004007E7E0B705C7B7A0B7002C53E90B40C
:10C4A000F7E0BEB000682390B4F8E07E340001608D
:10C4B000053E341478FB7C677E14F7027E04007E10
:10C4C0007E0B704C767A0B70807490B4F8E07E34FA
:10C4D000000160053E341478FB7CB764FF7E14F7DE
:10C4E000027E04007E7E0B705C7B7A0B70804F9026
:10C4F000B4F7E0BEB000682390B4F8E07E340001E9
:10C5000060053E341478FB7C677E14F7037E0400DC
:10C510007E7E0B704C767A0B70802390B4F8E07EB0
:10C5200034000160053E341478FB7CB764FF7E1450
:10C53000F7037E04007E7E0B705C7B7A0B70AA9002
:10C54000B7DC1BEA3090B7DC0BEA309AFDBFC1BE06
:10C55000B000780474018001E490B7DC0BEA309AF3
:10C56000FDC1BEAA90B3141BEA1090B313F090B3B0
:10C57000111BEA2090B30F1BEA3090B3140BEA5062
:10C58000C4540F0A2B90B3110BEA30BD32780474F7
:10C59000018001E47E14C2567E0400FF7E340180D7
:10C5A0009AFF69116D2290B3110BEA30BD32680316
:10C5B00002C6636D2290B3140BEA30BD32781A9034
:10C5C000B30F0BEA309AFDB7AC90B30F0BEA307E95
:10C5D00024000112BD1A02C6BA90B3140BEA207EE1
:10C5E000340003BD23782390B30F0BEA309AFDB7D4
:10C5F000AC90B30F0BEA3012BA9890B30F0BEA303D
:10C600007E24000112BD1A02C6BA90B3140BEA20B0
:10C610007E340001BD23781890B30F0BEA309AFDE9
:10C62000B7AC90B30F0BEA306D2212BD1A02C6BA36
:10C6300090B3140BEA207E340002BD23680302C6C7
:10C64000BA90B30F0BEA309AFDB7AC90B30F0BEA78
:10C650003012BB3990B30F0BEA307E24000112BDBB
:10C660001A805790B3110BEA207E340001BD237865
:10C670004990B3140BEA207E340010BD2378169045
:10C68000B30F0BEA3012B1EC90B30F0BEA306D220E
:10C6900012BBCA801790B3140BEA207E340011BD80
:10C6A00023780990B30F0BEA3012B4D890B30F0B74
:10C6B000EA3090B313E09AFDC1BEAA906CDAE01B99
:10C6C000B1681314681C0BB17824906EA5693E0004
:10C6D000020BEA20801E906EA9693E00020BEA2040
:10C6E0008012906EAD693E00020BEA2080066D3329
:10C6F0007E243F8022906CDAE01BB1681314681C22
:10C700000BB17824906EB8693E00020BEA20801AC3
:10C71000906EBC693E00020BEA20800E906EC069EC
:10C720003E00020BEA2080029F112212C6F590B74C
:10C7300024793E00021BEA2090B724693E00020BD8
:10C74000EA207E14FA357E043C8E9AFF0237906F01
:10C750003F793E00021BEA2090B724693E00020B9D
:10C76000EA204D23680474018001E4906CD5F01236
:10C77000C6BB906B35793E00021BEA20226D3390D8
:10C780006EEA1BEA306D33906EEC1BEA306D33902D
:10C790006EEE1BEA309F11906EF0793E00021BEAAC
:10C7A000209F11906EF4793E00021BEA209F1190A9
:10C7B0006EF8793E00021BEA209F11906EFC793ED4
:10C7C00000021BEA209F11906F4B793E00021BEA8A
:10C7D00020E4906EB6F09F11906F43793E00021BEB
:10C7E000EA209F11906EA0793E00021BEA209F1163
:10C7F000906ED2793E00021BEA209F11906EB279B2
:10C800003E00021BEA209F11906CEB793E00021B58
:10C81000EA209F11906E8A793E00021BEA20E49084
:10C820006E97F09F11906E8E793E00021BEA20E415
:10C83000906B3CF0E490698EF0E490698DF0E490A8
:10C840006B3AF0E4906CF1F0E4906EB7F0E4906E27
:10C8500096F09F11906ED6793E00021BEA20E4907C
:10C860006B3BF09F11906ECE793E00021BEA20E4F4
:10C87000906ECCF09F11906E98793E00021BEA20DA
:10C88000E4906F3EF0E490698FF0E4906CDAF09FF2
:10C8900011906CD6793E00021BEA20E4906ECDF038
:10C8A000E490698CF09F11906EC4793E00021BEAFF
:10C8B000209F11906E9C793E00021BEA20E4906E4E
:10C8C000A4F09F11906999793E00021BEA209F1104
:10C8D000906F3F793E00021BEA20E4906CD5F06D2A
:10C8E000337E243F80906B35793E00021BEA20E4C2
:10C8F000906998F06D33906CEF1BEA30E4906B39DF
:10C90000F0E490B885F080689F0090B8857EEB7069
:10C910007404ACB77E346CF22D357A71827A6183FF
:10C92000791E00021BEA009F0090B8857EEB7074B0
:10C9300004ACB77E34699D2D357A71827A61837932
:10C940001E00021BEA009F0090B8857EEB70740405
:10C95000ACB77E346B3D2D357A71827A6183791E56
:10C9600000021BEA0090B8857EEBA074012CBAF09F
:10C9700090B8857EEBA07466BCAB408C9F1190ADE7
:10C98000B1793E00021BEA207E1469907E0400010A
:10C990007E34CCCD7E243E4C9AFF6A03229F1190B8
:10C9A0006ED2793E00021BEA209F11906EB2793E52
:10C9B00000021BEA20E490698DF0E4906B3AF022CB
:10C9C00090B886F090B8867EEBA074012CBAF090F7
:10C9D000B8867EEBA07466BCAB4005E490B886F0E8
:10C9E00090B886E022906B3AE00A2B90698DE00ABD
:10C9F0003B2D327E2400019D3290B8561BEA3080D8
:10CA00000F7E24006690B8560BEA309D321BEA3048
:10CA100090B8560BEA207E340066BD2350E390B8F0
:10CA2000560BEA5022906ED2693E00020BEA20902B
:10CA3000698D7EEB907404AC9B7E546CF22D547A1D
:10CA4000B1827AA183691E00020BEA009AFF0233C9
:10CA5000906ED2793E00021BEA20906EB2693E00D1
:10CA6000020BEA2090698D7EEB907404AC9B7E549F
:10CA7000699D2D547AB1827AA183691E00020BEA66
:10CA8000009AFF0233906EB2793E00021BEA209FAB
:10CA900000906ED2693E00020BEA209AFEB79B50CE
:10CAA0000C9F11906ED2793E00021BEA209F0090ED
:10CAB0006EB2693E00020BEA209AFEB79B500C9FB3
:10CAC00011906EB2793E00021BEA209F0090698DA2
:10CAD0007EEB707404ACB77E346CF22D357A7182C3
:10CAE0007A6183791E00021BEA009F0090698D7EA7
:10CAF000EB707404ACB77E34699D2D357A71827AFF
:10CB00006183791E00021BEA0090698DE012C9C0A2
:10CB100090698DF0906B3A7EEBA07E70017CBA9CA0
:10CB2000B7F02290B7281BEA20793E00028003125A
:10CB3000CA25906B3AE0BEB000682F90698D7EEBFD
:10CB4000707404ACB77E346B3D2D357A71827A6196
:10CB500083691E00020BEA0090B728693E00020BB1
:10CB6000EA209F10BE18271038C52290AB8F1BEA11
:10CB700000791E000290AB8B1BEA20793E000290E8
:10CB80006B3AE0BEB0007837E490698DF0740190A4
:10CB90006B3AF09F11906CF2793E00021BEA209FE5
:10CBA0001190699D793E00021BEA2090AB8F693E8F
:10CBB00000020BEA20906B3D793E00021BEA201236
:10CBC000C9E590AB93F090AB937EEB707404ACB777
:10CBD0007E346B3D2D357A71827A6183691E000245
:10CBE0000BEA0090AB8F693E00020BEA209F10BE5B
:10CBF000180064500302CC82906B3A7EEBA07466FE
:10CC0000BCAB400312CA2590AB93E012C9C090ABF5
:10CC100093F09F0090AB937EEB707404ACB77E34BE
:10CC20006CF22D357A71827A6183791E00021BEADB
:10CC3000009F0090AB937EEB707404ACB77E3469B8
:10CC40009D2D357A71827A6183791E00021BEA007C
:10CC500090AB8F691E00020BEA0090AB937EEB70E5
:10CC60007404ACB77E346B3D2D357A71827A618362
:10CC7000791E00021BEA00906B3A7EEBA074012C37
:10CC8000BAF09F0090AB8B693E00020BEA209AFE3F
:10CC9000B79B406F90AB937EEB707404ACB77E147F
:10CCA0006CF22D157A31827A2183693E00020BEAFB
:10CCB0002090AB8B691E00020BEA009AFF022F7FC7
:10CCC0000190AB937EEB707404ACB77E346CF22DA4
:10CCD000357A71827A6183791E00021BEA00906EB8
:10CCE000D2693E00020BEA2090AB8B691E00020B5A
:10CCF000EA009AFF022F906ED2793E00021BEA20D2
:10CD000002CD899F1190AB8B691E00020BEA009A3D
:10CD1000FF023390AB94793E00021BEA2090AB9364
:10CD20007EEB707404ACB77E14699D2D157A318248
:10CD30007A2183693E00020BEA2090AB94691E00C1
:10CD4000020BEA009AFF022F7F0190AB937EEB70FB
:10CD50007404ACB77E34699D2D357A71827A618313
:10CD6000791E00021BEA00906EB2693E00020BEAD7
:10CD70002090AB94691E00020BEA009AFF022F90EC
:10CD80006EB2793E00021BEA202290B72C1BEA20EB
:10CD9000793E0002906EB7E0BEB000680474018076
:10CDA00032906B3CE0BEB0007803E48026906EA029
:10CDB000691E00020BEA0090B72C693E00020BEAE4
:10CDC000209F10BE1827104008E4906B3CF0E480D0
:10CDD000027401227E34999A7E243FD9909FB479BF
:10CDE0003E00021BEA207E3466667E243F66909FEA
:10CDF0005B793E00021BEA206D337E244130909F18
:10CE0000B8793E00021BEA209F00908730693E00FF
:10CE1000020BEA209AFEB79B2806742D9AFF5C62EB
:10CE20007EA002906B39E04CBAF02290AF861BEAEC
:10CE300000791E000290AF821BEA20793E0002902A
:10CE4000AF81F0A2AFE43390AF8AF0C3C2AF7E34BB
:10CE50000004906EEA1BEA307E340004906EEC1BF6
:10CE6000EA3090AF817EEBA0E4BCAB08067E3400D4
:10CE70000180047E340002906EEE1BEA306D337E3A
:10CE8000243F80906EF0793E00021BEA2090AF8232
:10CE9000693E00020BEA20906EF4793E00021BEA24
:10CEA0002090AF8AE024FF92AF7401906B3CF09029
:10CEB000AF86693E00020BEA20906EA0793E000228
:10CEC0001BEA207401906EB1F090AF86693E0002BB
:10CED0000BEA20906988793E00021BEA2090AF811E
:10CEE0007EEBA0E4BCAB08086D337E243F80800657
:10CEF0006D337E24BF80906E8A793E00021BEA204B
:10CF0000906E977EEBA074012CBAF0906E977EEB3A
:10CF100040E49AFEB7F9906E8E793E00021BEA203B
:10CF2000906E97E0BEB00378207401906ECCF07ED6
:10CF3000084E2090AF86693E00020BEA202F109029
:10CF40006E98793E00021BEA2012C99D7EA00190D6
:10CF50006B39E04CBAF02290B7301BEA20793E00E2
:10CF600002906ECCE0BEB0006824906E98691E00FE
:10CF7000020BEA0090B730693E00020BEA209F10D6
:10CF8000BE1800004808E4906ECCF012CDD4229078
:10CF9000A8BD1BEA00791E000290A8B91BEA2079FF
:10CFA0003E000290A8C1693E00020BEA2012CD8A21
:10CFB000BEB000680612C99D02D0B690A8C1693EF5
:10CFC00000020BEA2012CB2390A8B9693E00020BA5
:10CFD000EA20906CEB793E00021BEA206D117E0482
:10CFE000417090A8B9693E00020BEA209AFEB79BF7
:10CFF00038196D117E04C17090A8B9693E00020B0A
:10D00000EA209AFEB79B400302D0B690A8BD693EC5
:10D0100000020BEA209AFF02537E14B7177E0438F1
:10D02000D19AFF02377F0190A8B9693E00020BEA4E
:10D03000209AFF023790A8C5793E00021BEA209093
:10D04000A8C5693E00020BEA2090A8C1691E000233
:10D050000BEA0012CB6B6D117E04435C906ED269BB
:10D060003E00020BEA209AFEB79B401B740190A879
:10D07000B9693E00020BEA2090A8C1691E00020BAC
:10D08000EA0012CE2B802F6D117E04435C906EB2AD
:10D09000693E00020BEA209AFEB79B401974FF908C
:10D0A000A8B9693E00020BEA2090A8C1691E0002DF
:10D0B0000BEA0012CE2B22906CEB693E00020BEAC9
:10D0C000209098C8793E00021BEA20906ED2693EFB
:10D0D00000020BEA209098C4793E00021BEA2090DF
:10D0E0006EB2693E00020BEA209098C0793E0002C1
:10D0F0001BEA20906B3AE00A3B9098BE1BEA309006
:10D100006E8A693E00020BEA209098BA793E0002CE
:10D110001BEA207E14B0267E0400FF9AFE9469AAC2
:10D1200090B59F1BEA20793E0002740190698FF050
:10D1300090B59F693E00020BEA20906CE7793E00B3
:10D14000021BEA20A2AFE43390B5A3F0C3C2AF7EC6
:10D15000340001906EEA1BEA307E340004906EECDD
:10D160001BEA306D33906EEE1BEA306D337E243F48
:10D1700080906EF0793E00021BEA2090B5A3E02477
:10D18000FF92AF906CDA7EEBA074012CBAF0906C39
:10D19000DA7EEB40E49AFEB7F9906CD6793E000255
:10D1A0001BEA20906CDAE00A3B906CEF1BEA307EC1
:10D1B000A001906998E04CBAF012C72B90B59F6916
:10D1C0003E00020BEA20906E92793E00021BEA209C
:10D1D0007E1CFFFF906F47793E00021BEA2074011E
:10D1E000906EA4F0740190698CF09F11906EC479D8
:10D1F0003E00021BEA20229AFF76EC909AD0793EFC
:10D2000000021BEA2090698FE0BEB0006826906C97
:10D21000E7691E00020BEA00909AD0693E00020BFB
:10D22000EA209F10BE1807D0400AE490698FF0E40E
:10D23000906F3EF090698FE0BEB000680302D31893
:10D24000906EA4E0BEB000680302D3189AFF78671E
:10D25000909AD51BEA307E149AD77E0400019AFE7C
:10D26000A009909AD50BEA207E3400C8BD23285D22
:10D27000909AF3693E00020BEA2090A0AB793E0041
:10D28000021BEA20909AF7693E00020BEA2090A068
:10D29000AF793E00021BEA20909AFB693E00020B28
:10D2A000EA2090A0B3793E00021BEA20909AEB6935
:10D2B0003E00020BEA20909AEF691E00020BEA0082
:10D2C0009AFF6179BEB000680474018001E4909A0D
:10D2D000D4F0909AD4E0BEB0006838906E96E0BE6C
:10D2E000B0007834906ECDE0BEB000782B906F3EE9
:10D2F0007EEBA074012CBAF0906F3E7EEBA074011F
:10D30000BCAB4014909AD0693E00020BEA2012D1C7
:10D31000208005E4906F3EF0AAA2AFE43390B88776
:10D32000F0C3C2AFE4906CDAF09F11906CD6793EF6
:10D3300000021BEA20E4906CD5F09F11906F3F79BA
:10D340003E00021BEA206D337E243F80906B3579CE
:10D350003E00021BEA2090B887E024FF92AF7E14C3
:10D36000B00D7E0400FF9AFE9469AAA2AFE4339048
:10D37000B5A8F0C3C2AF906998E090B5A4F0E4906E
:10D380006998F0906B39E090B5A5F0E4906B39F0B6
:10D39000906CEF0BEA3090B5A61BEA3090B5A8E090
:10D3A00024FF92AF90B5A4E0BEB000780C90B5A574
:10D3B000E0BEB000780302D46290B5A4E030E0187B
:10D3C00090B5A60BEA309098CA1BEA307E14AFF7EE
:10D3D0007E0400FF9AFE946990B5A4E030E10C7ED3
:10D3E00014AFDF7E0400FF9AFE946990B5A4E0308C
:10D3F000E20C7E14AFC67E0400FF9AFE946990B5DD
:10D40000A4E030E30C7E14AFAC7E0400FF9AFE94DF
:10D410006990B5A5E030E024906E97E00A3B9098C3
:10D42000CA1BEA307E14AF987E0400FF9AFE94690E
:10D430007E14AF877E0400FF9AFE946990B5A5E044
:10D4400030E10C7E14AF6D7E0400FF9AFE9469906B
:10D45000B5A5E030E20C7E14AF5E7E0400FF9AFEBC
:10D460009469AA906B3BE0AA7E3433337E243FB3A9
:10D47000AAA2AFE43390B888F0C3C2AFE4906E972D
:10D48000F09F11906E8E793E00021BEA2090B888C2
:10D49000E024FF92AF7E14AF477E0400FF9AFE9413
:10D4A00069AA12C77D9F1190A891793E00021BEADC
:10D4B000207E14AF387E0400FF7E34D0B77E240077
:10D4C000FD9AFD53557E14AF297E0400FF7E346E15
:10D4D0008A7E24000174019AFD519A7E14AF1A7E4F
:10D4E0000400FF7E346E8E7E24000174019AFD518B
:10D4F0009A9F1190A891793E00021BEA207E14AFFA
:10D500000B7E0400FF7E34D4717E2400FD9AFD530F
:10D51000557E14AEFE7E0400FF7E346ED67E24005F
:10D520000174019AFD519A9F1190A891793E0002D1
:10D530001BEA207E14AEF27E0400FF7E34D3197EF7
:10D540002400FD9AFD53557E14AEE17E0400FF7E5B
:10D55000346CD67E24000174019AFD519A7E14AE7B
:10D56000D17E0400FF7E346EA57E24000174019AF2
:10D57000FD519A7E14AEC17E0400FF7E346EA97EFA
:10D5800024000174019AFD519A7E14AEB17E04000C
:10D59000FF7E346EAD7E24000174019AFD519A7EA7
:10D5A00014AEA17E0400FF7E346EB87E24000174A8
:10D5B000019AFD519A7E14AE917E0400FF7E346E76
:10D5C000BC7E24000174019AFD519A7E14AE817EC6
:10D5D0000400FF7E346EC07E24000174019AFD5168
:10D5E0009A7E14AE707E0400FF7E346CDB7E2400D5
:10D5F0000174019AFD519A7E14AE5F7E0400FF7E95
:10D60000346CDF7E24000174019AFD519A7E14AEC1
:10D610004E7E0400FF7E346CE37E24000174019A88
:10D62000FD519A7E14AE377E0400FF9AFEB8697EE3
:10D6300014AE377E0400FF9AFE9469AA90B5A91B28
:10D64000EA00791E000290B5A9693E00020BEA20AB
:10D650004D23682BA2AFE43390B5ADF0C3C2AF7ECB
:10D66000346EEA90B5A9691E00020BEA007E240020
:10D670000174169AFEBED090B5ADE024FF92AFAA19
:10D6800090A7361BEA00791E00029F1190A74079EF
:10D690003E00021BEA2090A736693E00020BEA20FA
:10D6A0004D23780302DA0490A736693E00020BEAA4
:10D6B000202E34003C7E1BB0BEB000684090A736E0
:10D6C000691E00020BEA002E140030693000020BC4
:10D6D0000A204D23682790A736693E00020BEA20F6
:10D6E0002E340030691100020B1A00906F43693E1E
:10D6F00000020BEA20BF01680474018001E490A7D6
:10D700003BF090A73BE0BEB000780302D83690A76C
:10D7100036691E00020BEA002E1400306930000248
:10D720000B0A20906F43793E00021BEA20A2AFE46F
:10D730003390A73AF0C3C2AF90A736691E00020B20
:10D74000EA002E14000C693000020B0A20906EDAF9
:10D75000793E00021BEA2090A736691E00020BEA00
:10D76000002E140010693000020B0A20906EDE7942
:10D770003E00021BEA2090A736691E00020BEA0059
:10D780002E140014693000020B0A20906EE2793EDC
:10D7900000021BEA2090A736691E00020BEA002E49
:10D7A000140030693000020B0A20906EE6793E00CA
:10D7B000021BEA2090A73AE024FF92AF906EB6E0F9
:10D7C000BEB000782790A736691E00020BEA002E33
:10D7D000140038693000020B0A20906F4B793E002C
:10D7E000021BEA207401906EB6F0804A90A7366959
:10D7F0001E00020BEA002E140038693000020B0AEA
:10D8000020906F4B691E00020BEA009F1090A7400A
:10D81000793E00021BEA2090A736691E00020BEA3F
:10D82000002E140038693000020B0A20906F4B79EB
:10D830003E00021BEA209AFF76EC90A73C793E005E
:10D84000021BEA2090A73C693E00020BEA2012CF9F
:10D8500057906CEB693E00020BEA2090A744793E9A
:10D8600000021BEA2090A73BE0BEB000780302D97B
:10D870003190698EE0BEB00078277E1469907E04F6
:10D88000000190A736695E00020BEA402E54000C9E
:10D89000693200020B2A209AFF6A8A740190698E0D
:10D8A000F07E1469907E04000190A736695E000244
:10D8B0000BEA402E54000C693200020B2A209AFF1A
:10D8C0006ABC90A744793E00021BEA20A2AFE43371
:10D8D00090A73AF0C3C2AF90A744693E00020BEA9A
:10D8E00020906EF4793E00021BEA2090A736691E54
:10D8F00000020BEA002E140010693000020B0A200F
:10D90000906EF8793E00021BEA2090A736691E004F
:10D91000020BEA002E140014693000020B0A20905A
:10D920006EFC793E00021BEA2090A73AE024FF92A9
:10D93000AF90A73BE0BEB000681590A740693E00DD
:10D94000020BEA20BE1801F4280512C99D804290FE
:10D95000A73BE0BEB000683990A740693E00020BCB
:10D96000EA204D23682B90A73C693E00020BEA2079
:10D9700090A8C1793E00021BEA2090A744693E00AE
:10D98000020BEA2090A740691E00020BEA0012CFAA
:10D990008F906EB1E0BEB000686A906E96E0BEB047
:10D9A000007861906EB7E0BEB000785890698869E1
:10D9B0001E00020BEA0090A73C693E00020BEA2021
:10D9C0009F10BE180DAC403CE4906EB1F0A2AFE4E5
:10D9D0003390A73AF0C3C2AF6D33906EEA1BEA30C2
:10D9E0006D33906EEC1BEA306D33906EEE1BEA30B7
:10D9F0009F11906EF0793E00021BEA2090A73AE05A
:10DA000024FF92AFAA90B5E81BEA306D3390B5EAD7
:10DA10001BEA3090B5E80BEA207E341000BD235895
:10DA20000302DD1590B5E80BEA509E541000BE5479
:10DA3000000E400302DCC87EA003A490DA3F73020C
:10DA4000DA6902DA8902DAA902DAC902DAE902DB62
:10DA50000902DB3B02DB6D02DB9F02DBD102DC0350
:10DA600002DC3502DC6602DC97E58C0A3B7C676CE5
:10DA70007790B5EA1BEA30E58A0A2B90B5EA0BEA03
:10DA8000304D321BEA3002DCD9E58D0A3B7C676CF5
:10DA90007790B5EA1BEA30E58B0A2B90B5EA0BEAE2
:10DAA000304D321BEA3002DCD9E5D60A3B7C676C8C
:10DAB0007790B5EA1BEA30E5D70A2B90B5EA0BEA76
:10DAC000304D321BEA3002DCD9E5D40A3B7C676C6E
:10DAD0007790B5EA1BEA30E5D50A2B90B5EA0BEA58
:10DAE000304D321BEA3002DCD9E5D20A3B7C676C50
:10DAF0007790B5EA1BEA30E5D30A2B90B5EA0BEA3A
:10DB0000304D321BEA3002DCD97E34FBB67E240075
:10DB10007E7E1B700A377C676C7790B5EA1BEA3013
:10DB20007E34FBB77E24007E7E1B700A2790B5EA08
:10DB30000BEA304D321BEA3002DCD97E34FBB47E76
:10DB400024007E7E1B700A377C676C7790B5EA1BD9
:10DB5000EA307E34FBB57E24007E7E1B700A27905F
:10DB6000B5EA0BEA304D321BEA3002DCD97E34FBD9
:10DB7000BE7E24007E7E1B700A377C676C7790B572
:10DB8000EA1BEA307E34FBBF7E24007E7E1B700AD7
:10DB90002790B5EA0BEA304D321BEA3002DCD97E21
:10DBA00034FBBC7E24007E7E1B700A377C676C775A
:10DBB00090B5EA1BEA307E34FBBD7E24007E7E1BDE
:10DBC000700A2790B5EA0BEA304D321BEA3002DCCE
:10DBD000D97E34FBC67E24007E7E1B700A377C67AC
:10DBE0006C7790B5EA1BEA307E34FBC77E24007E5A
:10DBF0007E1B700A2790B5EA0BEA304D321BEA30E3
:10DC000002DCD97E34FBC47E24007E7E1B700A3782
:10DC10007C676C7790B5EA1BEA307E34FBC57E24C6
:10DC2000007E7E1B700A2790B5EA0BEA304D321B4E
:10DC3000EA3002DCD97E34FE7A7E24007E7E1B70C0
:10DC40000A377C676C7790B5EA1BEA307E34FE7B3E
:10DC50007E24007E7E1B700A2790B5EA0BEA304DC9
:10DC6000321BEA3080737E34FBCE7E24007E7E1B26
:10DC7000700A377C676C7790B5EA1BEA307E34FB1C
:10DC8000CF7E24007E7E1B700A2790B5EA0BEA3017
:10DC90004D321BEA3080427E34FBCC7E24007E7EF7
:10DCA0001B700A377C676C7790B5EA1BEA307E34CC
:10DCB000FBCD7E24007E7E1B700A2790B5EA0BEA1E
:10DCC000304D321BEA308011E47E14C1787E0400AE
:10DCD000FF7E3400519AFF691190B5E80BEA307E5F
:10DCE0002400155D237E34A4A92D327A71827A61D5
:10DCF00083E00A3B9AFDBFC1BEB000680302DDDDD0
:10DD000090B5EA0BEA306E34FFFF0B3490B5EA1B96
:10DD1000EA3002DDDD90B5E80BEA301A261A242F2E
:10DD2000112F117E14B3687E0400FF2F01693000AB
:10DD3000020B0A207E1B700A377C676C7790B5EA6D
:10DD40001BEA3090B5E80BEA301A261A247F012F1F
:10DD5000002F007E34B3687E2400FF2F106911006D
:10DD6000020B1A007E1800012F107E1B700A2790EC
:10DD7000B5EA0BEA304D321BEA3090B5E80BEA30D9
:10DD80007E24000F5D237E34A4A92D327A71827A1D
:10DD90006183E0BEB0FF683890B5E80BEA307E24BE
:10DDA000000F5D237E34A4A92D327A71827A6183BB
:10DDB000E00A3B9AFDBFC1BEB000782190B5EA0BE6
:10DDC000EA306E34FFFF0B3490B5EA1BEA30800D69
:10DDD00090B5EA0BEA300E340E341BEA3090B5EA07
:10DDE0000BEA30AA90B7D41BEA3090B7D40BEA20E4
:10DDF0007E341000BD23580302E0D490B7D40BEA60
:10DE0000509E541000BE54000E400302E0C17EA09C
:10DE100003A490DE167302DE4002DE4F02DE5E02D5
:10DE2000DE6D02DE7C02DE8B02DECA02DF0902DF6B
:10DE30004802DF8702DFC602E00502E04402E08319
:10DE4000C3C28CE4F58CE4F58AD3D28C02E122C300
:10DE5000C28EE4F58DE4F58BD3D28E02E122538E8F
:10DE6000EFE4F5D6E4F5D7438E1002E12253DDF757
:10DE7000E4F5D4E4F5D543DD0802E12253DD7FE487
:10DE8000F5D2E4F5D343DD8002E12274F77E14FB82
:10DE9000B37E04007E7E0B705C7B7A0B70E47E3474
:10DEA000FBB67E24007E7A1BB0E47E34FBB77E2472
:10DEB000007E7A1BB074087E14FBB37E04007E7E65
:10DEC0000B704C7B7A0B7002E122747F7E14FBB3E3
:10DED0007E04007E7E0B705C7B7A0B70E47E34FBEC
:10DEE000B47E24007E7A1BB0E47E34FBB57E240031
:10DEF0007E7A1BB074087E14FBB37E04007E7E0B1A
:10DF0000704C7B7A0B7002E12274F77E14FBBB7EAF
:10DF100004007E7E0B705C7B7A0B70E47E34FBBE6B
:10DF20007E24007E7A1BB0E47E34FBBF7E24007E1C
:10DF30007A1BB074087E14FBBB7E04007E7E0B70DF
:10DF40004C7B7A0B7002E122747F7E14FBBB7E0453
:10DF5000007E7E0B705C7B7A0B70E47E34FBBC7EB3
:10DF600024007E7A1BB0E47E34FBBD7E24007E7AE2
:10DF70001BB074087E14FBBB7E04007E7E0B704CCD
:10DF80007B7A0B7002E12274F77E14FBC37E0400DF
:10DF90007E7E0B705C7B7A0B70E47E34FBC67E2445
:10DFA000007E7A1BB0E47E34FBC77E24007E7A1BA1
:10DFB000B074087E14FBC37E04007E7E0B704C7B25
:10DFC0007A0B7002E122747F7E14FBC37E04007E14
:10DFD0007E0B705C7B7A0B70E47E34FBC47E240085
:10DFE0007E7A1BB0E47E34FBC57E24007E7A1BB0B3
:10DFF00074087E14FBC37E04007E7E0B704C7B7A1B
:10E000000B7002E122747F7E14FE787E04007E7E17
:10E010000B705C7B7A0B70E47E34FE7A7E24007E8B
:10E020007A1BB0E47E34FE7B7E24007E7A1BB074C3
:10E03000807E14FE787E04007E7E0B704C7B7A0B13
:10E040007002E12274F77E14FBCB7E04007E7E0B0F
:10E05000705C7B7A0B70E47E34FBCE7E24007E7A8B
:10E060001BB0E47E34FBCF7E24007E7A1BB07408A4
:10E070007E14FBCB7E04007E7E0B704C7B7A0B7093
:10E0800002E122747F7E14FBCB7E04007E7E0B7047
:10E090005C7B7A0B70E47E34FBCC7E24007E7A1BA2
:10E0A000B0E47E34FBCD7E24007E7A1BB074807E8B
:10E0B00014FBCB7E04007E7E0B704C7B7A0B708051
:10E0C00061E47E14C1787E0400FF7E3400899AFFEB
:10E0D0006911804EE490B7D40BEA301A261A242F27
:10E0E000112F117E14B3687E0400FF2F01693000E8
:10E0F000020B0A207A1BB0E490B7D40BEA301A2640
:10E100001A247F012F002F007E34B3687E2400FF85
:10E110002F10691100020B1A007E1800012F107ACF
:10E120001BB0AA90B3891BEA1090B3871BEA20901A
:10E13000B3851BEA3090B3850BEA207E3400FF5D87
:10E14000327E2400039AFF7A5D7E14C1787E04003B
:10E15000FF7E3400A69AFF691190B3870BEA500A3C
:10E160005AC40354077E440006BD547804740180E9
:10E1700001E47E14C1787E0400FF7E3400A99AFF7A
:10E18000691190B3890BEA207E3400FF5D326D2265
:10E19000E47E1400039AFDC56490B3870BEA207EE9
:10E1A0003400FF5D326D22E47E1400039AFDC564E5
:10E1B00090B3890BEA407E5400FF5D5490B3850B09
:10E1C000EA307E2400155D237E34A4A92D327A71B5
:10E1D000827A6183F090B3850BEA509E541000BEA2
:10E1E00054000E400302E3EE7EA003A490E1F0731E
:10E1F00002E21A02E22902E23802E24402E250029A
:10E20000E25C02E28902E2B602E2E302E31002E328
:10E210003D02E36A02E39602E3C2E4F58AE4F58C88
:10E22000438904D3D28C02E3FFE4F58BE4F58D43FC
:10E230008940D3D28E02E3FFE4F5D7E4F5D6438ECE
:10E240001802E3FFE4F5D5E4F5D443DD0C02E3FF67
:10E25000E4F5D3E4F5D243DDC002E3FFE47E34FB12
:10E26000B77E24007E7A1BB0E47E34FBB67E2400A9
:10E270007E7A1BB0740C7E14FBB37E04007E7E0B92
:10E28000704C7B7A0B7002E3FFE47E34FBB57E2496
:10E29000007E7A1BB0E47E34FBB47E24007E7A1BC1
:10E2A000B074C07E14FBB37E04007E7E0B704C7B8A
:10E2B0007A0B7002E3FFE47E34FBBF7E24007E7A9B
:10E2C0001BB0E47E34FBBE7E24007E7A1BB0740C4F
:10E2D0007E14FBBB7E04007E7E0B704C7B7A0B7041
:10E2E00002E3FFE47E34FBBD7E24007E7A1BB0E4B3
:10E2F0007E34FBBC7E24007E7A1BB074C07E14FB8F
:10E30000BB7E04007E7E0B704C7B7A0B7002E3FFB9
:10E31000E47E34FBC77E24007E7A1BB0E47E34FBAF
:10E32000C67E24007E7A1BB0740C7E14FBC37E0470
:10E33000007E7E0B704C7B7A0B7002E3FFE47E3430
:10E34000FBC57E24007E7A1BB0E47E34FBC47E24B1
:10E35000007E7A1BB074C07E14FBC37E04007E7EF8
:10E360000B704C7B7A0B7002E3FFE47E34FE7B7E05
:10E3700024007E7A1BB0E47E34FE7A7E24007E7A0E
:10E380001BB074C07E14FE787E04007E7E0B704C41
:10E390007B7A0B708069E47E34FBCF7E24007E7A2A
:10E3A0001BB0E47E34FBCE7E24007E7A1BB0740C5E
:10E3B0007E14FBCB7E04007E7E0B704C7B7A0B7050
:10E3C000803DE47E34FBCD7E24007E7A1BB0E47E6B
:10E3D00034FBCC7E24007E7A1BB074C07E14FBCB51
:10E3E0007E04007E7E0B704C7B7A0B708011E47E85
:10E3F00014C1787E0400FF7E3400BD9AFF691122AB
:10E4000090B38F1BEA1090B38D1BEA2090B38B1B47
:10E41000EA3090B38D0BEA207E3400FF5D326D222E
:10E42000E47E1400039AFDC56490B38F0BEA207E4E
:10E430003400FF5D326D22E47E1400039AFDC56452
:10E4400090B38F0BEA407E5400FF5D5490B38B0B6A
:10E45000EA307E24000F5D237E34A4A92D327A7128
:10E46000827A6183F074FE90B38D0BEA307D231ABB
:10E47000240E240E240E240E240E247E3400075D68
:10E48000321A261A247F012F002F007E34B3B07E6B
:10E490002400FF2F10691100020B1A007E0B705C24
:10E4A0007B7A0B7090B38D0BEA307D431A480E4493
:10E4B0000E440E447E5400035D543E5490B38D0BC5
:10E4C000EA307D231A247E3400035D3260053E3439
:10E4D0001478FB7C6790B38D0BEA207D021A000E46
:10E4E000040E040E040E040E047E1400075D101AC0
:10E4F000021A002F002F007E54B3387E4400FF2FF5
:10E5000020691200020B2A007E0B704C767A0B7089
:10E5100074FF90B38D0BEA307D231A240E240E2451
:10E520000E240E240E247E3400075D321A261A248F
:10E530002F112F117E14B3207E0400FF2F016930AC
:10E5400000020B0A207A1BB074FF90B38D0BEA30E7
:10E550007D231A240E240E240E240E240E247E3431
:10E5600000075D321A261A247F012F002F007E3407
:10E57000B3207E2400FF2F10691100020B1A007EC9
:10E580001800012F107A1BB0E490B38D0BEA307D98
:10E59000231A240E240E240E240E240E247E34006E
:10E5A000075D321A261A242F112F117E14B2907E85
:10E5B0000400FF2F01693000020B0A207A1BB0E42F
:10E5C00090B38D0BEA307D231A240E240E240E24E2
:10E5D0000E240E247E3400075D321A261A247F0191
:10E5E0002F002F007E34B2907E2400FF2F1069117F
:10E5F00000020B1A007E1800012F107A1BB074570E
:10E6000090B38D0BEA307D231A240E240E240E24A1
:10E610000E240E247E3400075D321A261A242F1190
:10E620002F117E14B3507E0400FF2F0169300002C9
:10E630000B0A207A1BB0E490B38D0BEA307D231ACD
:10E64000240E240E240E240E240E247E3400075D96
:10E65000321A261A247F012F0090B38D0BEA307DE9
:10E66000231A240E240E240E247E3400035D320E61
:10E67000341A261A242F102F112F117E14B3807EE6
:10E680000400FF2F01693000020B0A207A1BB0E45E
:10E6900090B38F0BEA307D231A240E240E240E240F
:10E6A0000E240E247E3400075D321A261A247F01C0
:10E6B0002F0090B38F0BEA307D231A240E240E24F2
:10E6C0000E247E3400035D320E341A261A242F10D5
:10E6D0002F112F117E14B3807E0400FF2F016930AB
:10E6E00000020B0A207A1BB0740190B38D0BEA3044
:10E6F0007D231A240E240E240E240E240E247E3490
:10E7000000075D321A261A247F012F002F0090B3D4
:10E710008D0BEA307D231A240E240E240E247E3421
:10E7200000035D321A261A242F107F012F002F00BC
:10E730007E34B3C87E2400FF2F10691100020B1A2B
:10E74000007E0B704C7B7A0B70740190B38D0BEADA
:10E75000307D231A240E240E240E240E240E247E33
:10E760003400075D321A261A247F012F002F007E05
:10E7700034B3B07E2400FF2F10691100020B1A0081
:10E780007E0B704C7B7A0B702290B3951BEA109035
:10E79000B3931BEA2090B3911BEA3090B3910BEA3C
:10E7A000300A4790B3930BEA500A5AC4035407BD8A
:10E7B00054780474018001E47E14C1787E0400FF63
:10E7C0007E3400F39AFF691190B3910BEA300A4747
:10E7D00090B3950BEA500A5AC4035407BD54780409
:10E7E00074018001E47E14C1787E0400FF7E340051
:10E7F000F49AFF691190B3930BEA207E3400FF5D19
:10E80000326D2274016D119AFDC56490B3950BEAC7
:10E81000207E3400FF5D326D2274016D119AFDC5BA
:10E820006474FE90B3930BEA307D231A240E240EF9
:10E83000240E240E240E247E3400075D321A261A7C
:10E84000247F012F002F007E34B3B07E2400FF2FE1
:10E8500010691100020B1A007E0B705C7B7A0B7042
:10E8600090B3930BEA307D431A480E440E440E4495
:10E870007E5400035D543E5490B3930BEA307D23E5
:10E880001A247E3400035D3260053E341478FB7C2C
:10E890006790B3930BEA207D021A000E040E040E5B
:10E8A000040E040E047E1400075D101A021A002FD5
:10E8B000002F007E54B3387E4400FF2F20691200E1
:10E8C000020B2A007E0B704C767A0B7090B3950B7E
:10E8D000EA307D431A480E440E440E447E54000331
:10E8E0005D543E5490B3950BEA307D231A247E3458
:10E8F00000035D3260053E341478FB7C6790B3956D
:10E900000BEA207D021A000E040E040E040E040E03
:10E91000047E1400075D101A021A002F002F007EDB
:10E9200054B3387E4400FF2F20691200020B2A00E6
:10E930007E0B704C767A0B7074FF90B3930BEA30B9
:10E940007D231A240E240E240E240E240E247E343D
:10E9500000075D321A261A242F112F117E14B320BE
:10E960007E0400FF2F01693000020B0A207A1BB0E1
:10E9700074FF90B3930BEA307D231A240E240E24E7
:10E980000E240E240E247E3400075D321A261A242B
:10E990007F012F002F007E34B3207E2400FF2F1034
:10E9A000691100020B1A007E1800012F107A1BB0AB
:10E9B000E490B3930BEA307D231A240E240E240E28
:10E9C000240E240E247E3400075D321A261A242FCA
:10E9D000112F117E14B2907E0400FF2F01693000C8
:10E9E000020B0A207A1BB0E490B3930BEA307D232C
:10E9F0001A240E240E240E240E240E247E34000726
:10EA00005D321A261A247F012F002F007E34B29027
:10EA10007E2400FF2F10691100020B1A007E1800DF
:10EA2000012F107A1BB0740390B3930BEA307D234F
:10EA30001A240E240E240E240E240E247E340007E5
:10EA40005D321A261A242F112F117E14B3507E0422
:10EA500000FF2F01693000020B0A207A1BB0E490FE
:10EA6000B3930BEA307D231A240E240E240E240EB9
:10EA7000240E247E3400075D321A261A247F012FCB
:10EA80000090B3930BEA307D231A240E240E240E3B
:10EA9000247E3400035D320E341A261A242F102FE0
:10EAA000112F117E14B3807E0400FF2F0169300006
:10EAB000020B0A207A1BB0E490B3950BEA307D2359
:10EAC0001A240E240E240E240E240E247E34000755
:10EAD0005D321A261A247F012F0090B3950BEA307D
:10EAE0007D231A240E240E240E247E3400035D326E
:10EAF0000E341A261A242F102F112F117E14B380D2
:10EB00007E0400FF2F01693000020B0A207A1BB03F
:10EB1000740190B3930BEA307D231A240E240E2443
:10EB20000E240E240E247E3400075D321A261A2489
:10EB30007F012F002F0090B3930BEA307D231A241E
:10EB40000E240E240E247E3400035D321A261A246D
:10EB50002F107F012F002F007E34B3C87E2400FFCA
:10EB60002F10691100020B1A007E0B704C7B7A0B80
:10EB700070740190B3950BEA307D231A240E240E95
:10EB8000240E240E240E247E3400075D321A261A29
:10EB9000247F012F002F0090B3950BEA307D231ABC
:10EBA000240E240E240E247E3400035D321A261A0D
:10EBB000242F107F012F002F007E34B3C87E240045
:10EBC000FF2F10691100020B1A007E0B704C7B7A2C
:10EBD0000B70740190B3930BEA307D231A240E243A
:10EBE0000E240E240E240E247E3400075D321A26D5
:10EBF0001A247F012F002F007E34B3B07E2400FF43
:10EC00002F10691100020B1A007E0B704C7B7A0BDF
:10EC100070AA90B39B1BEA1090B3991BEA2090B3A3
:10EC2000971BEA3090B3970BEA207E341000BD2387
:10EC3000403E90B39B0BEA307E24FF005D236D3392
:10EC4000BD23780474018001E47E14C1787E040041
:10EC5000FF7E3401329AFF691190B3970BEA30902E
:10EC6000B3990BEA2090B39B0BEA1012E1238015B5
:10EC700090B3970BEA3090B3990BEA2090B39B0BBB
:10EC8000EA1012E400AA90B74C1BEA00791E0002B9
:10EC900090B74C693E00020BEA204D23780302ED49
:10ECA0007D90B74C691E00020BEA0012F21C90B76F
:10ECB0004C691E00020BEA009F1112F5677F01905C
:10ECC000B74C693E00020BEA202E34002F79110068
:10ECD000021B1A009F0090B74C693E00020BEA200D
:10ECE0002E340033791100021B1A009F0090B74C9C
:10ECF000693E00020BEA202E340037791100021B16
:10ED00001A009F0090B74C693E00020BEA202E3497
:10ED1000003B791100021B1A009F0090B74C693E1E
:10ED200000020BEA202E34003F791100021B1A006A
:10ED30009F0090B74C693E00020BEA202E3400433E
:10ED4000791100021B1A00E490B74C693E00020BD7
:10ED5000EA202E3400477A1BB0E490B74C693E009D
:10ED6000020BEA202E3400487A1BB0E490B74C69BD
:10ED70003E00020BEA202E3400497A1BB0AA90B262
:10ED8000D31BEA20793E000290B2CF1BEA00791E25
:10ED9000000290B2CF693E00020BEA204D237803B7
:10EDA00002EE8790B2CF691E00020BEA0012F21C3D
:10EDB00090B2CF691E00020BEA0090B2D3693E0008
:10EDC000020BEA2012F5677F0190B2CF693E000284
:10EDD0000BEA202E34002F791100021B1A009F002D
:10EDE00090B2CF693E00020BEA202E340033791135
:10EDF00000021B1A009F0090B2CF693E00020BEA8E
:10EE0000202E340037791100021B1A009F0090B2A7
:10EE1000CF693E00020BEA202E34003B791100023C
:10EE20001B1A009F0090B2CF693E00020BEA202E11
:10EE300034003F791100021B1A009F0090B2CF6985
:10EE40003E00020BEA202E340043791100021B1A07
:10EE500000E490B2CF693E00020BEA202E34004756
:10EE60007A1BB0E490B2CF693E00020BEA202E3448
:10EE700000487A1BB0E490B2CF693E00020BEA2052
:10EE80002E3400497A1BB0AA90A59D1BEA20793E3A
:10EE9000000290A5991BEA00791E000290A59969CD
:10EEA0003E00020BEA204D23780302F02190A59941
:10EEB000691E00020BEA0012F21C90A599691E005F
:10EEC000020BEA0012F6DD7F7190A5A5691E000213
:10EED0000BEA0090A5A1693E00020BEA209AFEB55C
:10EEE000BF7F017F179AFEB67A90A5A9793E0002EE
:10EEF0001BEA2090A5A9693E00020BEA2090A59983
:10EF0000695E00020BEA402E54001E691200020BDB
:10EF10002A0012F68390A5A9793E00021BEA2090F0
:10EF2000A599691E00020BEA0090A59D693E0002AA
:10EF30000BEA2012F5677F0190A599693E00020B4C
:10EF4000EA202E34002F791100021B1A0090A5A18F
:10EF5000691E00020BEA0090A599693E00020BEAC7
:10EF6000202E340033791100021B1A0090A5A969E4
:10EF70001E00020BEA0090A599693E00020BEA20F0
:10EF80002E340037791100021B1A0090A5A9691EC2
:10EF900000020BEA0090A599693E00020BEA202EC0
:10EFA00034003B791100021B1A0090A5A5691E00D0
:10EFB000020BEA0090A599693E00020BEA202E346C
:10EFC000003F791100021B1A0090A5A5691E0002DE
:10EFD0000BEA0090A599693E00020BEA202E34004E
:10EFE00043791100021B1A00740190A599693E0033
:10EFF000020BEA202E3400477A1BB0740190A599C9
:10F00000693E00020BEA202E3400487A1BB07401DE
:10F0100090A599693E00020BEA202E3400497A1B24
:10F02000B0AA90A37A1BEA20793E000290A3761B37
:10F03000EA00791E000290A376693E00020BEA20E6
:10F040004D2378059F1102F12F9F0090A382693E06
:10F0500000020BEA209AFEB79B381890A376691E2F
:10F0600000020BEA002E14002F693000020B0A2068
:10F0700002F12F90A376691E00020BEA0012F21C27
:10F0800090A382693E00020BEA2090A5B5793E006C
:10F09000021BEA2090A376691E00020BEA0090A3EF
:10F0A0007A693E00020BEA2012F71D90A386793E92
:10F0B00000021BEA2090A376691E00020BEA0012F0
:10F0C000F6DD7F7190A37E691E00020BEA0090A31B
:10F0D00086693E00020BEA209AFEB5BF7F017F17CA
:10F0E0009AFEB67A90A38A793E00021BEA2090A38A
:10F0F0007E693E00020BEA20909C43793E00021B91
:10F10000EA2090A382693E00020BEA20909C477996
:10F110003E00021BEA2090A376691E00020BEA0063
:10F1200090A38A693E00020BEA20740112F8D4AA67
:10F1300090ADB91BEA20793E000290ADB51BEA0004
:10F14000791E000290ADB5693E00020BEA204D2306
:10F1500078059F1102F1E99F0090ADBD693E000264
:10F160000BEA209AFEB79B381790ADB5691E0002D6
:10F170000BEA002E14002F693000020B0A20806970
:10F1800090ADB5691E00020BEA0012F21CE490ADCE
:10F19000B5693E00020BEA202E3400487A1BB0E429
:10F1A00090ADB5693E00020BEA202E3400497A1B6F
:10F1B000B09F11909C43793E00021BEA2090ADBDA8
:10F1C000693E00020BEA20909C47793E00021BEA50
:10F1D0002090ADB5691E00020BEA0090ADB9693E02
:10F1E00000020BEA20E412F8D4AA90B7501BEA0000
:10F1F000791E000290B750693E00020BEA204D23B1
:10F2000078049F11801590B750691E00020BEA0028
:10F210002E14002F693000020B0A20AA90B7541B4D
:10F22000EA00791E000290B754693E00020BEA2002
:10F230004D23780302F3F390B754693E00020BEAC2
:10F24000202E34000C7E1BB0BEB00068057E30015D
:10F2500080026C3390B754693E00020BEA202E34D2
:10F26000000C7A1B3090B754693E00020BEA202E46
:10F270003400157E1BB0BEB00068057E30018002F0
:10F280006C3390B754693E00020BEA202E3400150F
:10F290007A1B3090B754693E00020BEA202E3400EE
:10F2A0002A7E1BB0BEB00068057E300180026C3340
:10F2B00090B754693E00020BEA202E34002A7A1BD4
:10F2C0003090B754693E00020BEA202E34002B0B1D
:10F2D0001A207E340001BD2368136D1190B7546964
:10F2E0003E00020BEA202E34002B1B1A1090B7545C
:10F2F000693E00020BEA202E34002D0B1A207E34CA
:10F300000001BD2368136D1190B754693E00020BD4
:10F31000EA202E34002D1B1A109F0090B754695E0E
:10F3200000020BEA402E54001E693200020B2A2014
:10F330009AFEB79B50179F0090B754693E00020B8E
:10F34000EA202E34001E791100021B1A009F009043
:10F35000B754695E00020BEA402E54002269320065
:10F36000020B2A209AFEB79B50179F0090B7546952
:10F370003E00020BEA202E340022791100021B1AF3
:10F38000009F0090B754695E00020BEA402E5400C3
:10F3900026693200020B2A209AFEB79B50179F0065
:10F3A00090B754693E00020BEA202E3400267911F2
:10F3B00000021B1A0090B754691E00020BEA002ECF
:10F3C00014000D90B754693E00020BEA202E340061
:10F3D0001112F3F490B754691E00020BEA002E14C8
:10F3E000001690B754693E00020BEA202E34001A32
:10F3F00012F3F42290ADC51BEA20793E000290ADD5
:10F40000C11BEA00791E000290ADC1693E00020BEB
:10F41000EA204D23780302F4AA90ADC5693E0002AC
:10F420000BEA204D23780302F4AA90ADC1693E0097
:10F43000020BEA20691100020B1A0090ADC5695E4B
:10F4400000020BEA40693200020B2A209AFEB79BA9
:10F45000505890ADC1691E00020BEA0069300002ED
:10F460000B0A2090ADC9793E00021BEA2090ADC581
:10F47000693E00020BEA20691100020B1A0090ADF0
:10F48000C1693E00020BEA20791100021B1A0090AC
:10F49000ADC9691E00020BEA0090ADC5693E0002CD
:10F4A0000BEA20791100021B1A002290B7581BEAC0
:10F4B00020793E00029F0090B758693E00020BEA97
:10F4C000209AFEB79B501890B758693E00020BEA8D
:10F4D000209AFEB7E190B758793E00021BEA2090CF
:10F4E000B758693E00020BEA202290ADD11BEA001A
:10F4F000791E000290ADCD1BEA20793E000290AD4E
:10F50000D1691E00020BEA0090ADCD693E00020BEE
:10F51000EA209AFEB79B501690ADD1693E00020BCF
:10F52000EA2090ADCD793E00021BEA20802E90ADFE
:10F53000CD691E00020BEA0090ADD5693E00020BBA
:10F54000EA209AFEB79B501490ADD5693E00020B9D
:10F55000EA2090ADCD793E00021BEA2090ADCD6946
:10F560003E00020BEA202290B2DB1BEA20793E002B
:10F570000290B2D71BEA00791E000290B2D7693E12
:10F5800000020BEA204D23686190B2D7693E000269
:10F590000BEA202E34000C7E1BB0BEB001784B90DD
:10F5A000B2D7691E00020BEA002E14001169300068
:10F5B000020B0A2090ADD5793E00021BEA2090B2E2
:10F5C000DB693E00020BEA2090B2D7695E00020BB5
:10F5D000EA402E54000D691200020B2A0012F4EAD0
:10F5E00090B2DB793E00021BEA2090B2DB693E005C
:10F5F000020BEA202290B2E31BEA20793E0002903F
:10F60000B2DF1BEA00791E000290B2DF693E000201
:10F610000BEA204D23686190B2DF693E00020BEADD
:10F62000202E3400157E1BB0BEB001784B90B2DFA7
:10F63000691E00020BEA002E14001A693000020B4A
:10F640000A2090ADD5793E00021BEA2090B2E36912
:10F650003E00020BEA2090B2DF695E00020BEA4036
:10F660002E540016691200020B2A0012F4EA90B21E
:10F67000E3793E00021BEA2090B2E3693E00020BF0
:10F68000EA202290B2EB1BEA00791E000290B2E75A
:10F690001BEA20793E000290B2EB691E00020BEAE1
:10F6A000009F119AFEB79B502990B2E7693E000275
:10F6B0000BEA2012F4AB90B2EB691E00020BEA00D9
:10F6C0009AFEB79B380C9F1190B2E7793E00021B5F
:10F6D000EA2090B2E7693E00020BEA202290B75C74
:10F6E0001BEA00791E000290B75C693E00020BEA3B
:10F6F000204D23682190B75C693E00020BEA202E62
:10F7000034002B0B1A207E340001BD2378086D33A2
:10F710007E24BF8080066D337E243F802290A5B179
:10F720001BEA20793E000290A5AD1BEA00791E007D
:10F730000290A5AD693E00020BEA204D23780D90A2
:10F74000A5B1693E00020BEA2002F8D390A5AD698D
:10F750003E00020BEA202E3400487E1BB0BEB000F3
:10F76000681D9F0090A5AD695E00020BEA402E5413
:10F770000022693200020B2A209AFEB79B383F9084
:10F78000A5B1691E00020BEA0090A5AD693E00021A
:10F790000BEA202E340033791100021B1A00740189
:10F7A00090A5AD693E00020BEA202E3400487A1B7A
:10F7B000B090A5B1693E00020BEA2002F8D390A5F3
:10F7C000AD691E00020BEA002E140022693000020F
:10F7D0000B0A2090A5B5691E00020BEA009AFEB63E
:10F7E0007A90A5B9793E00021BEA2090A5AD693E4A
:10F7F00000020BEA202E340033691100020B1A00BC
:10F8000090A5B1693E00020BEA209AFEB5BF90A513
:10F81000BD793E00021BEA2090A5BD693E00020BA7
:10F82000EA2012F4AB90A5B9691E00020BEA009A17
:10F83000FEB79B382190A5B1691E00020BEA00902B
:10F84000A5AD693E00020BEA202E34003379110089
:10F85000021B1A00806890A5BD691E00020BEA0019
:10F860009F119AFEB79B502C90A5B9691E00020B00
:10F87000EA0090A5AD69FE00020BEAE02EF4003329
:10F88000693700020B7A209AFEB5C2793700021B55
:10F890007A20802A90A5B9691E00020BEA0090A583
:10F8A000AD69FE00020BEAE02EF400336937000276
:10F8B0000B7A209AFEB5BF793700021B7A2090A5FB
:10F8C000AD691E00020BEA002E14003369300002FD
:10F8D0000B0A2022909C4BF0909C3F1BEA20793E23
:10F8E0000002909C3B1BEA00791E0002909C3B6941
:10F8F0003E00020BEA204D2378059F1102FEF69090
:10F900009C3B693E00020BEA202E3400477E1BB070
:10F91000BEB000780474018001E4909C4CF0909C8F
:10F920003B693E00020BEA202E3400497E1BB0BE2C
:10F93000B000780474018001E4909C4DF074019053
:10F940009C4EF0909C3B691E00020BEA0012F6DD13
:10F95000909C4F793E00021BEA20909C3F693E003C
:10F96000020BEA20909C3B695E00020BEA402E5499
:10F97000001E691200020B2A0012F683909C3F7948
:10F980003E00021BEA20909C3B693E00020BEA20ED
:10F990002E340037691100020B1A00909C3F693E1B
:10F9A00000020BEA209AFEB5BF7F01909C3B695E86
:10F9B00000020BEA40693200020B2A209AFEB67A56
:10F9C000909C53793E00021BEA20909C3B691E00EC
:10F9D000020BEA000B16693000020B0A20909C3FD4
:10F9E000691E00020BEA009AFEB67A909C47691ED7
:10F9F00000020BEA009AFEB67A909C57793E00020C
:10FA00001BEA209F11909C5B793E00021BEA20902C
:10FA10009C3B693E00020BEA202E3400266911004F
:10FA2000020B1A009F119AFEB79B502F909C3F69C2
:10FA30003E00020BEA2012F4AB7F01909C3B695E12
:10FA400000020BEA402E540026693200020B2A20E5
:10FA50009AFEB79B5005E4909C4EF0909C3B693E0B
:10FA600000020BEA202E34002A7E1BB0BEB00168D3
:10FA70000302FB16909C3B693E00020BEA202E34E9
:10FA8000000C7E1BB0BEB001680302FB16909C3BCD
:10FA9000693E00020BEA202E34002F691100020B90
:10FAA0001A00909C3B695E00020BEA402E54001144
:10FAB000693200020B2A209AFEB79B3812909C579D
:10FAC000691E00020BEA009F119AFEB79B4042900C
:10FAD0009C3B693E00020BEA202E34000D691100A8
:10FAE000020B1A00909C3B695E00020BEA402E5408
:10FAF000002F693200020B2A209AFEB79B38179F0D
:10FB000000909C57693E00020BEA209AFEB79B507A
:10FB100005E4909C4EF0909C4EE0BEB000780C9FA7
:10FB200011909C57793E00021BEA20909C4CE0BE4D
:10FB3000B000680302FC98909C4BE0BEB0016803E3
:10FB400002FC0B6D22909C3B691E00020BEA002E0A
:10FB500014002D0B0A30BD32680302FC0B909C4D43
:10FB6000E0BEB000680302FC98909C3B693E000236
:10FB70000BEA202E34003F691100020B1A006D338E
:10FB80007E2440009AFEB67A7F01909C43693E0035
:10FB9000020BEA209AFEB5BF909C3B695E00020B07
:10FBA000EA402E540043691200020B2A009AFEB567
:10FBB000C2909C63793E00021BEA20909C4F693EF4
:10FBC00000020BEA209AFEB7E1909C3B695E0002BE
:10FBD0000BEA402E540008691200020B2A009AFE1C
:10FBE000B67A909C63691E00020BEA009AFEB67A10
:10FBF000909C47691E00020BEA009AFEB71A909C7F
:10FC00005B793E00021BEA2002FC98909C3B693E17
:10FC100000020BEA202E340037691100020B1A0093
:10FC20006D337E2440009AFEB67A7F01909C3F6936
:10FC30003E00020BEA209AFEB5BF909C3B695E0035
:10FC4000020BEA402E54003B691200020B2A009A74
:10FC5000FEB5C2909C63793E00021BEA20909C3B5B
:10FC6000691E00020BEA002E140008693000020B26
:10FC70000A20909C63691E00020BEA009AFEB67A85
:10FC8000909C47691E00020BEA009AFEB71A909CEE
:10FC90005B793E00021BEA20909C57691E00020B14
:10FCA000EA00909C53693E00020BEA209AFEB5C21E
:10FCB000909C5B691E00020BEA009AFEB5C2909C04
:10FCC0005F793E00021BEA20909C3B691E00020BFC
:10FCD000EA00909C5F693E00020BEA2012F5F59065
:10FCE0009C5F793E00021BEA20909C3B691E00024B
:10FCF0000BEA00CA0B909C3B691E00020BEA002E27
:10FD000014002F693000020B0A20909C5F691E00CE
:10FD1000020BEA009AFEB5C2DA0B12F5677F01907A
:10FD20009C3B693E00020BEA202E34002F79110023
:10FD3000021B1A00909C4CE0BEB001680302FDE774
:10FD4000909C3F691E00020BEA00909C3B693E00BC
:10FD5000020BEA202E34003B791100021B1A00909E
:10FD60009C3F691E00020BEA00909C3B693E00022A
:10FD70000BEA202E340037791100021B1A00909CE8
:10FD800043691E00020BEA00909C3B693E00020B97
:10FD9000EA202E340043791100021B1A00909C4384
:10FDA000691E00020BEA00909C3B693E00020BEAD0
:10FDB000202E34003F791100021B1A007401909C20
:10FDC0003B693E00020BEA202E3400477A1BB090BC
:10FDD0009C4BE0909C3B693E00020BEA202E3400D5
:10FDE000497A1BB002FEE1909C3B693E00020BEA9F
:10FDF000202E340037691100020B1A00909C3B69D9
:10FE00003E00020BEA202E34003B791100021B1A3F
:10FE100000909C3F691E00020BEA00909C3B693EEB
:10FE200000020BEA202E340037791100021B1A0061
:10FE3000909C4BE0BEB001680302FEE1909C4DE057
:10FE4000BEB0017840909C43691E00020BEA00900E
:10FE50009C3B693E00020BEA202E340043791100DE
:10FE6000021B1A00909C43691E00020BEA00909C42
:10FE70003B693E00020BEA202E34003F791100025C
:10FE80001B1A008049909C3B693E00020BEA202E21
:10FE900034003F691100020B1A00909C3B693E0040
:10FEA000020BEA202E340043791100021B1A009045
:10FEB0009C43691E00020BEA00909C3B693E0002D5
:10FEC0000BEA202E34003F791100021B1A00740146
:10FED000909C3B693E00020BEA202E3400497A1BBD
:10FEE000B0909C3B691E00020BEA002E14002F69A3
:10FEF0003000020B0A20227E3400426D22E47E1480
:10FF000000029AFDC564AA9AFF76EC90B71C793E70
:10FF100000021BEA2090AD45691E00020BEA00902A
:10FF2000B71C693E00020BEA209F10BE1800644017
:10FF30005890B71C693E00020BEA2090AD45793E0F
:10FF400000021BEA207E3400429AFDBFC190AD43FF
:10FF5000F090AD417EEBA090AD43E0BCBA7822902A
:10FF6000AD41E0BEB000680F90AD42E0BEB0007899
:10FF700006740190AD44F090AD41E090AD42F08048
:10FF80000890AD43E090AD41F0AA90AD44E090B54B
:10FF900094F090B594E0BEB00068459AFF76EC907E
:10FFA000B590793E00021BEA2090AD3D691E00022B
:10FFB0000BEA0090B590693E00020BEA209F10BE4C
:10FFC00018012C5007E490B594F0801490B5906916
:10FFD0003E00020BEA2090AD3D793E00021BEA2074
:10FFE000E490AD44F090B594E0AA90AD41E0AA6DE4
:0DFFF0003380020B347E0BB00B1470F7AAA7
:0200000400FEFC
:1000000090B7601BEA00791E000290B760693E005D
:10001000020BEA204D2378030200E090B760691ECE
:1000200000020BEA001205AA90B760691E00020BDD
:10003000EA009F111209427F0190B760693E0002F9
:100040000BEA202E340038791100021B1A009F00A1
:1000500090B760693E00020BEA202E34003C791113
:1000600000021B1A009F0090B760693E00020BEA75
:10007000202E340040791100021B1A009F0090B717
:1000800060693E00020BEA202E3400447911000220
:100090001B1A009F0090B760693E00020BEA202EF9
:1000A000340048791100021B1A00E490B760693EE1
:1000B00000020BEA202E34004C7A1BB0E490B760AB
:1000C000693E00020BEA202E34004D7A1BB0E4900A
:1000D000B760693E00020BEA202E34004E7A1BB056
:1000E000AA90B2F31BEA20793E000290B2EF1BEA1D
:1000F00000791E000290B2EF693E00020BEA204D2B
:100100002378030201D390B2EF691E00020BEA00CC
:100110001205AA90B2EF691E00020BEA0090B2F33A
:10012000693E00020BEA201209427F0190B2EF699A
:100130003E00020BEA202E340038791100021B1A0F
:10014000009F0090B2EF693E00020BEA202E3400BF
:100150003C791100021B1A009F0090B2EF693E002B
:10016000020BEA202E340040791100021B1A009F76
:100170000090B2EF693E00020BEA202E3400447971
:100180001100021B1A009F0090B2EF693E00020BA3
:10019000EA202E340048791100021B1A00E490B2C4
:1001A000EF693E00020BEA202E34004C7A1BB0E4CB
:1001B00090B2EF693E00020BEA202E34004D7A1B0C
:1001C000B0E490B2EF693E00020BEA202E34004EFC
:1001D0007A1BB0AA90B7641BEA00791E000290B7A0
:1001E00064691E00020BEA009F119AFE00E1AA90CA
:1001F000A3921BEA20793E000290A38E1BEA0079AD
:100200001E000290A38E693E00020BEA204D237867
:10021000030203AF90A38E691E00020BEA001205D1
:10022000AA90A38E691E00020BEA00120BA6CA1B3D
:1002300090A396693E00020BEA2090A39A691E00E3
:10024000020BEA009AFF02337F01DA1B9AFF0237A2
:1002500090A39E793E00021BEA2090A39E693E0077
:10026000020BEA2090A38E695E00020BEA402E5436
:100270000027691200020B2A00120B4C90A39E79F2
:100280003E00021BEA2090A38E691E00020BEA00CA
:1002900090A392693E00020BEA2012094290A3A2A9
:1002A000793E00021BEA2090A3A2691E00020BEA1D
:1002B0000090A38E693E00020BEA202E34003879AC
:1002C0001100021B1A0090A396691E00020BEA009F
:1002D00090A38E693E00020BEA202E34003C791177
:1002E00000021B1A0090A38E691E00020BEA00692F
:1002F0003000020B0A2090A39E691E00020BEA0048
:100300009AFF02377F0190A3A2693E00020BEA2008
:100310009AFF023390A38E691E00020BEA001209B5
:10032000D07F0190A38E693E00020BEA202E34009C
:1003300040791100021B1A0090A39E691E00020B57
:10034000EA0090A38E693E00020BEA202E3400449E
:10035000791100021B1A0090A39A691E00020BEA91
:100360000090A38E693E00020BEA202E34004879EB
:100370001100021B1A00740190A38E693E00020B4B
:10038000EA202E34004C7A1BB0740190A38E693E93
:1003900000020BEA202E34004D7A1BB0740190A3AA
:1003A0008E693E00020BEA202E34004E7A1BB0AA62
:1003B00090A3AA1BEA20793E000290A3A61BEA00A4
:1003C000791E000290A3A6693E00020BEA204D238D
:1003D00078059F110204BD9F0090A3B2693E000200
:1003E0000BEA209AFEB79B381890A3A6691E00025C
:1003F0000BEA002E140038693000020B0A200204B8
:10040000BD90A3A6691E00020BEA001205AA90A3E4
:10041000B2693E00020BEA2090A5C9793E00021B9A
:10042000EA2090A3A6691E00020BEA0090A3AA6925
:100430003E00020BEA20120BE690A3B6793E0002C2
:100440001BEA2090A3A6691E00020BEA00120BA66D
:10045000CA1B90A3B6693E00020BEA2090A3AE69C6
:100460001E00020BEA009AFF02337F01DA1B9AFF9B
:10047000023790A3BA793E00021BEA2090A3AE692E
:100480003E00020BEA20909E2C793E00021BEA20DF
:1004900090A3B2693E00020BEA20909E30793E00A4
:1004A000021BEA2090A3A6691E00020BEA0090A39B
:1004B000BA693E00020BEA207401120DBEAA90AD8B
:1004C000DD1BEA20793E000290ADD91BEA00791EBF
:1004D000000290ADD9693E00020BEA204D23780559
:1004E0009F110205779F0090ADE1693E00020BEA83
:1004F000209AFEB79B381790ADD9691E00020BEA0F
:10050000002E140038693000020B0A20806990AD7B
:10051000D9691E00020BEA001205AAE490ADD96960
:100520003E00020BEA202E34004D7A1BB0E490AD61
:10053000D9693E00020BEA202E34004E7A1BB09F90
:1005400011909E2C793E00021BEA2090ADE1693E9D
:1005500000020BEA20909E30793E00021BEA2090B8
:10056000ADD9691E00020BEA0090ADDD693E0002C4
:100570000BEA20E4120DBEAA90B7681BEA00791EB0
:10058000000290B768693E00020BEA204D23780410
:100590009F11801590B768691E00020BEA002E14A7
:1005A0000038693000020B0A20AA90B76C1BEA00E1
:1005B000791E000290B76C693E00020BEA204D23C1
:1005C00078030207CE90B76C693E00020BEA202E3A
:1005D00034000C7E1BB0BEB00068057E3001800286
:1005E0006C3390B76C693E00020BEA202E34000C8D
:1005F0007A1B3090B76C693E00020BEA202E340063
:10060000157E1BB0BEB00068057E300180026C33E1
:1006100090B76C693E00020BEA202E3400157A1B5D
:100620003090B76C693E00020BEA202E34001E7E2B
:100630001BB0BEB00068057E300180026C3390B7FD
:100640006C693E00020BEA202E34001E7A1B3090AB
:10065000B76C693E00020BEA202E3400337E1BB0DB
:10066000BEB00068057E300180026C3390B76C69C3
:100670003E00020BEA202E3400337A1B3090B76C18
:10068000693E00020BEA202E3400340B1A207E341F
:100690000001BD2368136D1190B76C693E00020B19
:1006A000EA202E3400341B1A1090B76C693E000209
:1006B0000BEA202E3400360B1A207E340001BD23B5
:1006C00068136D1190B76C693E00020BEA202E345E
:1006D00000361B1A109F0090B76C695E00020BEA8F
:1006E000402E540027693200020B2A209AFEB79B45
:1006F00050179F0090B76C693E00020BEA202E3421
:100700000027791100021B1A009F0090B76C695EE8
:1007100000020BEA402E54002B693200020B2A2003
:100720009AFEB79B50179F0090B76C693E00020B72
:10073000EA202E34002B791100021B1A009F009032
:10074000B76C695E00020BEA402E54002F6932003C
:10075000020B2A209AFEB79B50179F0090B76C6936
:100760003E00020BEA202E34002F791100021B1AE2
:100770000090B76C691E00020BEA002E14000D9069
:10078000B76C693E00020BEA202E3400111207CF2D
:1007900090B76C691E00020BEA002E14001690B789
:1007A0006C693E00020BEA202E34001A1207CF902B
:1007B000B76C691E00020BEA002E14001F90B76C84
:1007C000693E00020BEA202E3400231207CF22904C
:1007D000ADE91BEA20793E000290ADE51BEA007905
:1007E0001E000290ADE5693E00020BEA204D237821
:1007F0000302088590ADE9693E00020BEA204D2313
:10080000780302088590ADE5693E00020BEA206995
:100810001100020B1A0090ADE9695E00020BEA407C
:10082000693200020B2A209AFEB79B505890ADE522
:10083000691E00020BEA00693000020B0A2090AD2D
:10084000ED793E00021BEA2090ADE9693E00020B03
:10085000EA20691100020B1A0090ADE5693E000222
:100860000BEA20791100021B1A0090ADED691E0001
:10087000020BEA0090ADE9693E00020BEA20791113
:1008800000021B1A002290B7701BEA20793E00027A
:100890009F0090B770693E00020BEA209AFEB79B5A
:1008A000501890B770693E00020BEA209AFEB7E13B
:1008B00090B770793E00021BEA2090B770693E0045
:1008C000020BEA202290ADF51BEA00791E0002908F
:1008D000ADF11BEA20793E000290ADF5691E0002E1
:1008E0000BEA0090ADF1693E00020BEA209AFEB7D8
:1008F0009B501690ADF5693E00020BEA2090ADF1D9
:10090000793E00021BEA20802E90ADF1691E0002A4
:100910000BEA0090ADF9693E00020BEA209AFEB79F
:100920009B501490ADF9693E00020BEA2090ADF1A6
:10093000793E00021BEA2090ADF1693E00020BEA0D
:10094000202290B2FB1BEA20793E000290B2F71BF6
:10095000EA00791E000290B2F7693E00020BEA201D
:100960004D23686190B2F7693E00020BEA202E34F5
:10097000000C7E1BB0BEB001784B90B2F7691E0030
:10098000020BEA002E140011693000020B0A2090BD
:10099000ADF9793E00021BEA2090B2FB693E0002ED
:1009A0000BEA2090B2F7695E00020BEA402E540079
:1009B0000D691200020B2A001208C590B2FB793EA5
:1009C00000021BEA2090B2FB693E00020BEA2022E3
:1009D00090B3031BEA20793E000290B2FF1BEA00AD
:1009E000791E000290B2FF693E00020BEA204D23FF
:1009F000686190B2FF693E00020BEA202E340015B8
:100A00007E1BB0BEB001784B90B2FF691E00020B96
:100A1000EA002E14001A693000020B0A2090ADF98A
:100A2000793E00021BEA2090B303693E00020BEA04
:100A30002090B2FF695E00020BEA402E5400166956
:100A40001200020B2A001208C590B303793E00027F
:100A50001BEA2090B303693E00020BEA202290AE0D
:100A6000011BEA20793E000290ADFD1BEA00791ED1
:100A7000000290ADFD693E00020BEA204D23780391
:100A8000020B4190ADFD693E00020BEA202E3400BE
:100A90001E7E1BB0BEB0016803020B4190AE01691F
:100AA0003E00020BEA2090ADFD695E00020BEA40B9
:100AB0002E540038691200020B2A009AFF0233906C
:100AC000AE05793E00021BEA2090ADFD691E0002D2
:100AD0000BEA002E140023693000020B0A2090ADAF
:100AE000F9793E00021BEA2090AE05693E00020B38
:100AF000EA2090ADFD695E00020BEA402E54001F13
:100B0000691200020B2A001208C590AE05793E005A
:100B1000021BEA2090ADFD691E00020BEA002E14B4
:100B20000038693000020B0A2090AE05691E0002F1
:100B30000BEA009AFF022F90AE01793E00021BEAF9
:100B40002090AE01693E00020BEA202290B30B1BFD
:100B5000EA00791E000290B3071BEA20793E0002EA
:100B600090B30B691E00020BEA009F119AFEB79B1F
:100B7000502990B307693E00020BEA2012088690C4
:100B8000B30B691E00020BEA009AFEB79B380C9F5C
:100B90001190B307793E00021BEA2090B307693E2B
:100BA00000020BEA202290B7741BEA00791E0002B3
:100BB00090B774693E00020BEA204D23682190B77C
:100BC00074693E00020BEA202E3400340B1A207E9A
:100BD000340001BD2378086D337E24BF8080066D0C
:100BE000337E243F802290A5C51BEA20793E000277
:100BF00090A5C11BEA00791E000290A5C1693E00C4
:100C0000020BEA204D23780D90A5C5693E00020B2A
:100C1000EA20020DBD90A5C1693E00020BEA202E1C
:100C200034004D7E1BB0BEB000681D9F0090A5C172
:100C3000695E00020BEA402E54002B693200020B61
:100C40002A209AFEB79B383F90A5C5691E00020B6B
:100C5000EA0090A5C1693E00020BEA202E34003C58
:100C6000791100021B1A00740190A5C1693E0002AF
:100C70000BEA202E34004D7A1BB090A5C5693E00CA
:100C8000020BEA20020DBD90A5C1691E00020BEA0D
:100C9000002E14002B693000020B0A2090A5C969B0
:100CA0001E00020BEA009AFF023790A5CD793E00A4
:100CB000021BEA2090A5C5693E00020BEA2090A520
:100CC000C1695E00020BEA402E54003C691200022A
:100CD0000B2A009AFF023390A5D1793E00021BEA4D
:100CE0002090A5D1693E00020BEA2012088690A54B
:100CF000CD691E00020BEA009AFEB79B382290A530
:100D0000C5691E00020BEA0090A5C1693E00020BF6
:100D1000EA202E34003C791100021B1A00020DA8B3
:100D200090A5D1691E00020BEA009F119AFEB79BA5
:100D3000503C90A5C1691E00020BEA002E14003C35
:100D4000693000020B0A2090A5CD691E00020BEA53
:100D5000009AFF022F7F0190A5C1693E00020BEAB5
:100D6000202E34003C791100021B1A00803A90A515
:100D7000C1691E00020BEA002E14003C693000021B
:100D80000B0A2090A5CD691E00020BEA009AFF0213
:100D9000337F0190A5C1693E00020BEA202E34008A
:100DA0003C791100021B1A0090A5C1691E00020BBC
:100DB000EA002E14003C693000020B0A2022909EAB
:100DC00034F0909E281BEA20793E0002909E241B5E
:100DD000EA00791E0002909E24693E00020BEA2080
:100DE0004D2378059F11021245909E24693E000212
:100DF0000BEA202E34004C7E1BB0BEB00078047489
:100E0000018001E4909E35F07401909E36F0909E32
:100E100024691E00020BEA00120BA6909E37793E51
:100E200000021BEA20909E28693E00020BEA2090F7
:100E30009E24695E00020BEA402E540027691200CE
:100E4000020B2A00120B4C909E28793E00021BEAEE
:100E500020909E24691E00020BEA00693000020BFC
:100E60000A20909E28691E00020BEA009AFF0237B2
:100E7000909E3B793E00021BEA20909E24691E0052
:100E8000020BEA000B16693000020B0A20909E2824
:100E9000691E00020BEA009AFF0237909E30691E1D
:100EA00000020BEA009AFF0237909E43793E00024F
:100EB0001BEA209F11909E3F793E00021BEA209082
:100EC0009E24693E00020BEA202E34002F69110097
:100ED000020B1A009F119AFEB79B502F909E286913
:100EE0003E00020BEA201208867F01909E24695E74
:100EF00000020BEA402E54002F693200020B2A2018
:100F00009AFEB79B5005E4909E36F0909E24693E71
:100F100000020BEA202E3400337E1BB0BEB0016805
:100F200003020FC6909E24693E00020BEA202E3475
:100F3000000C7E1BB0BEB0016803020FC6909E2459
:100F4000693E00020BEA202E340038691100020BC2
:100F50001A00909E24695E00020BEA402E54001194
:100F6000693200020B2A209AFEB79B3812909E43EA
:100F7000691E00020BEA009F119AFEB79B40429047
:100F80009E24693E00020BEA202E34000D691100F8
:100F9000020B1A00909E24695E00020BEA402E5458
:100FA0000038693200020B2A209AFEB79B38179F3F
:100FB00000909E43693E00020BEA209AFEB79B50C8
:100FC00005E4909E36F0909E36E0BEB001784790E2
:100FD0009E24691E00020BEA002E140040693000B6
:100FE000020B0A20909E43691E00020BEA009AFF42
:100FF000022F909E24691E00020BEA001209D07F86
:1010000001909E24693E00020BEA202E34004079B4
:101010001100021B1A00909E35E0BEB0006803026A
:101020001127909E34E0BEB00168030210D16D22FA
:10103000909E24691E00020BEA002E1400360B0A53
:1010400030BD3268030210D1909E24693E00020B2D
:10105000EA202E34004E7E1BB0BEB00168030211A0
:10106000279F11909E37691E00020BEA009AFF022B
:1010700033909E24695E00020BEA402E54000869FA
:101080001200020B2A009AFF0237CA1B909E2C699D
:101090003E00020BEA20909E24693E00020BEA20EB
:1010A0002E340048691100020B1A009AFF02337FA8
:1010B00001DA1B9AFF0237909E30691E00020BEA8C
:1010C000009AFF023B909E3F793E00021BEA20807F
:1010D00056909E28693E00020BEA20909E24695E8D
:1010E00000020BEA402E540044691200020B2A0051
:1010F0009AFF02337F01909E24695E00020BEA4052
:101100002E540008693200020B2A209AFF02379001
:101110009E30691E00020BEA009AFF023B909E3F40
:10112000793E00021BEA20909E3B693E00020BEADA
:1011300020909E24695E00020BEA402E5400406914
:101140001200020B2A009AFF022F909E3F691E0098
:10115000020BEA009AFF022F909E47793E00021B85
:10116000EA20909E24691E00020BEA00909E4769C7
:101170003E00020BEA20120A5E909E47793E000272
:101180001BEA20909E24691E00020BEA00909E47F5
:10119000693E00020BEA20120942909E47793E0008
:1011A000021BEA20909E47691E00020BEA00909EF7
:1011B00024693E00020BEA202E3400387911000227
:1011C0001B1A00909E28691E00020BEA00909E24C4
:1011D000693E00020BEA202E340044791100021B04
:1011E0001A00909E34E0BEB0017832909E2C691EA9
:1011F00000020BEA00909E24693E00020BEA202EBA
:10120000340048791100021B1A007401909E246971
:101210003E00020BEA202E34004E7A1BB07401907F
:101220009E24693E00020BEA202E34004C7A1BB04B
:10123000909E24691E00020BEA002E1400386930CB
:1012400000020B0A202290B8157AEB7090B814F0C7
:101250007E340094E49AFDC1BE7E34000290B8143E
:10126000E090B8157EEB509AFC97D57E34009474CC
:10127000019AFDC1BE2290B09F1BEA20793E000278
:1012800090B09B1BEA00791E000290B09AF07E3469
:101290000094E49AFDC1BE90B09F693E00020BEA43
:1012A0002090AE68793E00021BEA207E3400029056
:1012B000B09AE090B09B691E00020BEA009AFC987D
:1012C000027E34009474019AFDC1BE2290B816F0DB
:1012D0007E340094E49AFDC1BE7E34000290B816BC
:1012E0007EEBA074804CBA9AFC9AA690B817F07E58
:1012F00034009474019AFDC1BE90B817E02290B0FA
:10130000A81BEA20793E000290B0A41BEA00791ED7
:10131000000290B0A3F07E340094E49AFDC1BE9028
:10132000B0A8693E00020BEA2090AE73793E00023D
:101330001BEA207E34000290B0A37EEBA074804CA8
:10134000BA90B0A4691E00020BEA009AFC9ACA7E09
:1013500034009474019AFDC1BE2290A6EE1BEA30BF
:1013600090A6EE0BEA207E347C005D3290A6F41B42
:10137000EA3090A6EE0BEA306D227D237E348000A9
:101380005D326D227D236D3390A6F0793E00021B05
:10139000EA2090A6F40BEA302E348400780302147D
:1013A000702E347C00680302149B90A6EE0BEA209A
:1013B0007E3403FF5D3290A6FE1BEA306D2290A6BC
:1013C000FE0BEA30BD32780D90A6F0693E00020BAC
:1013D000EA200214C690A6FE0BEA303E341BEA3027
:1013E000801A90A6FE0BEA303E341BEA3090A6F439
:1013F0000BEA207E3400012D321BEA306D2290A6CC
:10140000FE0BEA107E3404005D31BD3268D490A634
:10141000F40BEA207E3400709D326D2274172F1178
:101420001478FB90A6F6793E00021BEA2090A6FEF7
:101430000BEA207E3403FF5D326D22740D2F1114F0
:1014400078FB90A6FA793E00021BEA2090A6F66986
:101450003E00020BEA2090A6F0691E00020BEA0093
:101460002F0190A6FA693E00020BEA202F10805649
:1014700090A6EE0BEA007E1403FF5D106D00740D64
:101480002F001478FB6D557E447F8090A6F0693E56
:1014900000020BEA202F122F10802B90A6EE0BEAF1
:1014A000207E347FFF5D326D227E14C0007E0400FA
:1014B000012F01740D2F001478FB90A6F0693E00F7
:1014C000020BEA202F102290A1F41BEA20793E00A3
:1014D0000290A1F01BEA00791E00029F1190A1F872
:1014E000793E00021BEA2090A1F4693E00020BEA5B
:1014F000200B1A3012135A90A1FC793E00021BEA0D
:101500002090A1F4693E00020BEA200B350B1A3043
:1015100012135A7F017E34A2007E2400017911004B
:10152000021B1A0090A1F4693E00020BEA200B3660
:101530000B1A3012135A7F017E34A2047E2400015C
:10154000791100021B1A0090A1F4693E00020BEA17
:10155000202E3400060B1A3012135A7F017E34A25B
:10156000087E240001791100021B1A0090A1FC6979
:101570003E00020BEA2090A1FC691E00020BEA006B
:101580009AFF0237CA1B90A200693E00020BEA20B4
:1015900090A200691E00020BEA009AFF02377F0149
:1015A000DA1B9AFF022FCA1B90A204693E00020BAD
:1015B000EA2090A204691E00020BEA009AFF02379B
:1015C000CA1B90A208693E00020BEA2090A208699B
:1015D0001E00020BEA009AFF02377F01DA1B9AFF16
:1015E000022F7F01DA1B9AFF022F90A1F8793E00AB
:1015F000021BEA2090A1F8693E00020BEA209AFF44
:10160000023F90A1F8793E00021BEA207E14126F7F
:101610007E043A8390A1F8693E00020BEA209AFE0C
:10162000B79B38030217159F0090A208693E00027D
:101630000BEA209AFEB79B50129F1190A1F8691EE9
:1016400000020BEA009AFF0233800A90A1F8693E7B
:1016500000020BEA2090A1F8793E00021BEA2090DC
:10166000A200693E00020BEA2090A1F8691E000268
:101670000BEA009AFF023B7F0190A1F0693E000255
:101680000BEA20791100021B1A0090A204693E00A7
:10169000020BEA2090A1F8691E00020BEA009AFFF3
:1016A000023B7F0190A1F0693E00020BEA200B365D
:1016B000791100021B1A0090A1FC693E00020BEA9E
:1016C0002090A1F8691E00020BEA009AFF023B7FFE
:1016D0000190A1F0693E00020BEA202E3400087947
:1016E0001100021B1A0090A208693E00020BEA20BA
:1016F00090A1F8691E00020BEA009AFF023B7F01ED
:1017000090A1F0693E00020BEA202E34000C791102
:1017100000021B1A002290AD051BEA00791E000290
:1017200090AD011BEA20793E00029F0090AD056953
:101730003E00020BEA209AFEB79B282990AD016972
:101740003E00020BEA2090AD05691E00020BEA0084
:101750009AFF023B9AFF024F90AD09793E00021BAF
:10176000EA200218479F0090AD05693E00020BEA8F
:10177000209AFEB79B507290AD01693E00020BEAC1
:101780002090AD05691E00020BEA009AFF023B9A09
:10179000FF024F90AD09793E00021BEA209F0090A6
:1017A000AD01693E00020BEA209AFEB79B401890FB
:1017B000AD09693E00020BEA207E140FDA7E044078
:1017C000499AFF022F801690AD09693E00020BEA8C
:1017D000207E140FDA7E0440499AFF023390AD094F
:1017E000793E00021BEA20805E9F0090AD01693EB9
:1017F00000020BEA209AFEB79B28147E340FDA7E93
:10180000243FC990AD09793E00021BEA2080389F31
:101810000090AD01693E00020BEA209AFEB79B5092
:101820001A9F117E140FDA7E043FC99AFF0233908B
:10183000AD09793E00021BEA20800C9F1190AD0992
:10184000793E00021BEA2090AD09693E00020BEAD6
:10185000202290B1F71BEA20793E00026D117E0430
:101860003F8090B1F7693E00020BEA209AFEB79BD9
:10187000400A7E340FDA7E243FC980746D117E04E5
:10188000BF8090B1F7693E00020BEA209AFEB79B39
:1018900038109F117E140FDA7E043FC99AFF02337D
:1018A000804E90B1F7693E00020BEA2090B1F769D3
:1018B0001E00020BEA009AFF02377F016D337E247F
:1018C0003F809AFF02339AFF023F90B1FB793E00BE
:1018D000021BEA2090B1F7693E00020BEA2090B1AA
:1018E000FB691E00020BEA009AFF023B9AFF024FBF
:1018F00022909A751BEA20793E0002909A711BEAA9
:1019000000791E0002909A71691E00020BEA0069BC
:101910003000020B0A20909A71695E00020BEA40C7
:10192000691200020B2A009AFF0237909A95793EBD
:1019300000021BEA20909A71691E00020BEA000B5C
:1019400016693000020B0A20909A71695E00020B42
:10195000EA400B56691200020B2A009AFF023790E8
:101960009A99793E00021BEA20909A71691E000242
:101970000BEA002E140008693000020B0A20909A2E
:1019800071695E00020BEA402E54000869120002E1
:101990000B2A009AFF0237909A9D793E00021BEABB
:1019A00020909A71691E00020BEA000B1669300044
:1019B000020B0A20909A71695E00020BEA402E54D5
:1019C000000C691200020B2A009AFF0237CA1B9012
:1019D0009A71691E00020BEA00693000020B0A20AE
:1019E000909A71693E00020BEA202E3400086911BA
:1019F00000020B1A009AFF02377F01DA1B9AFF02DE
:101A00002F7F016D337E2440009AFF0237909A8D1C
:101A1000793E00021BEA20909A99693E00020BEA87
:101A200020909A95691E00020BEA009AFF022F7F10
:101A3000016D337E2440009AFF02377F016D337EB3
:101A4000243F809AFF0233909A91793E00021BEA6C
:101A500020909A8D693E00020BEA20909A91691EAF
:101A600000020BEA00121716909A81793E00021BC1
:101A7000EA20909A71691E00020BEA0069300002A8
:101A80000B0A20909A71695E00020BEA402E540006
:101A90000C691200020B2A009AFF0237CA1B909AA7
:101AA00071691E00020BEA000B16693000020B0A76
:101AB00020909A71693E00020BEA202E34000869DA
:101AC0001100020B1A009AFF02377F01DA1B9AFFFE
:101AD00002337F016D337E2440009AFF0237909AD3
:101AE0008D793E00021BEA20909A8D693E00020B20
:101AF000EA201218527F019F119AFF0233909A85B3
:101B0000793E00021BEA20909A71691E00020BEADE
:101B100000693000020B0A20909A71695E00020B86
:101B2000EA400B56691200020B2A009AFF0237CADC
:101B30001B909A71691E00020BEA002E14000869BE
:101B40003000020B0A20909A71693E00020BEA20D5
:101B50002E34000C691100020B1A009AFF02377F25
:101B600001DA1B9AFF022F7F016D337E2440009A19
:101B7000FF0237909A8D793E00021BEA20909A95D9
:101B8000693E00020BEA20909A9D691E00020BEA52
:101B9000009AFF022F7F016D337E2440009AFF02DE
:101BA000377F016D337E243F809AFF0233909A91F4
:101BB000793E00021BEA20909A8D693E00020BEAF2
:101BC00020909A91691E00020BEA00121716909A53
:101BD00089793E00021BEA20909A81693E00020B3F
:101BE000EA207E142EE17E0442659AFF0237909A25
:101BF00081793E00021BEA20909A85693E00020B23
:101C0000EA207E142EE17E0442659AFF0237909A04
:101C100085793E00021BEA20909A89693E00020BFA
:101C2000EA207E142EE17E0442659AFF0237909AE4
:101C300089793E00021BEA20909A89691E00020BF6
:101C4000EA009F119AFEB79B2816909A89693E0078
:101C5000020BEA206D117E0443B49AFF022F800A22
:101C6000909A89693E00020BEA20909A89793E0099
:101C7000021BEA20909A81691E00020BEA00909AEA
:101C800075693E00020BEA20791100021B1A0090D0
:101C90009A85691E00020BEA00909A79693E00025B
:101CA0000BEA20791100021B1A00909A89691E0024
:101CB000020BEA00909A7D693E00020BEA2079113E
:101CC00000021B1A002290B8181BEA30740190B869
:101CD000180BEA3012124622E490B695F06D33905C
:101CE000B6961BEA3090B6960BEA207E3400012DA2
:101CF000321BEA307E3400FFBD325008740190B6CA
:101D000095F08028740F1212CC90B694F07E1403D4
:101D1000E890B5CC693E00020BEA209AFCFFEB9AF2
:101D2000FF73B790B694E0BEB07078B990B695E006
:101D3000229099DCE0BEB006785974287E14B44530
:101D40007E0400017E1800061212FE90B446E00ADE
:101D50002B7C456C5590B445E00A3B4D329099AFD1
:101D60001BEA3090B448E00A2B7C456C5590B44790
:101D7000E00A3B4D329099B11BEA3090B44AE00A38
:101D80002B7C456C5590B449E00A3B4D329099B399
:101D90001BEA30AA9099DCE0BEB006785974227E26
:101DA00014B44B7E0400017E1800061212FE90B49B
:101DB0004CE00A2B7C456C5590B44BE00A3B4D320D
:101DC0009099B91BEA3090B44EE00A2B7C456C55D3
:101DD00090B44DE00A3B4D329099BB1BEA3090B471
:101DE00050E00A2B7C456C5590B44FE00A3B4D32D5
:101DF0009099BD1BEA30AA9099DCE0BEB00678034A
:101E0000021FB87E34A6817E24000190A68F793E01
:101E100000021BEA207E340080121CC674177E70FC
:101E20002012124674027E7031121246E490A6808F
:101E3000F08071740890A6807EEB603E607E704CEE
:101E40002C7612124674091212CC7C3B90A6807E2E
:101E5000EB207402ACB290A68F693E00020BEA2020
:101E60002D350B347A1B30740890A6807EEB603ED3
:101E7000607E704D2C7612124674091212CC7C3B97
:101E800090A6807EEB207402ACB290A68F693E00D3
:101E9000020BEA202D357A1B3090A6807EEBA074D1
:101EA000012CBAF090A6807EEBA07404BCAB4083FA
:101EB00074176C771212466D33121CC67E1499CCBF
:101EC0007E0400017E34A6817E2400011214C77EA8
:101ED0003499B57E240001909A79793E00021BEA7C
:101EE000207E3499DD7E240001909A7D793E0002A7
:101EF0001BEA207E1499CC7E0400017E3499C87EB2
:101F00002400011218F174287E14A6897E040001B1
:101F10007E1800061212FE90A68AE00A2B7C456C01
:101F20005590A689E00A3B4D329099AF1BEA30905C
:101F3000A68CE00A2B7C456C5590A68BE00A3B4DA5
:101F4000329099B11BEA3090A68EE00A2B7C456C4A
:101F50005590A68DE00A3B4D329099B31BEA307440
:101F6000227E14A6897E0400017E1800061212FE4D
:101F700090A68AE00A2B7C456C5590A689E00A3B26
:101F80004D329099B91BEA3090A68CE00A2B7C4523
:101F90006C5590A68BE00A3B4D329099BB1BEA3002
:101FA00090A68EE00A2B7C456C5590A68DE00A3BEE
:101FB0004D329099BD1BEA30AA74019099BFF0AAE6
:101FC000A2AFE43390B81AF0C3C2AF9099BFE090CB
:101FD000B81BF0E49099BFF090B81AE024FF92AFDC
:101FE00090B81BE0BEB00068089AFE1DF77401802F
:101FF00001E4AA9099DCE0BEB0067839740E6C77E3
:10200000121246740A6C7712124674077E7002121E
:10201000124674087E708012124674097E7088120F
:102020001246740A7E7006121246740E7E700812F2
:102030001246E4806C9099DC7EEBA074032CBA907D
:10204000B86CF0740E6C77121246740A6C77121228
:10205000467E340080121CC674446C771212466DA2
:1020600033121CC674077E700212124674087E700A
:10207000801212467409CAB890B86C7EEB707CB7B7
:10208000C454F07C7B90B86CE04C7BDAB8121246FA
:10209000740A7E7006121246740E7E700812124682
:1020A000E4AA90B7C61BEA30E490B7C8F090B7C670
:1020B0000BEA509099DCF07E34229790A5151BEA2C
:1020C000307E34229590A5171BEA307E34229690FC
:1020D000A5191BEA307E34FFFF90A51B1BEA307E5A
:1020E0003400026D227E1496807E0400989AFC9E35
:1020F000317E3400947E24000174017E1400109A15
:10210000FDC5647E1403E890B5CC693E00020BEA7D
:10211000209AFCFFEB7E14000A9AFEBEC79AFF735A
:10212000B7121CD8BEB00068157E14BD9F7E040097
:10213000FF9AFEB869740190B7C8F00223D2740107
:102140007E70041212467E1403E890B5CC693E00FE
:10215000020BEA209AFCFFEB7E14001E9AFEBEC71B
:102160009AFF73B774127E70441212467E340003D5
:102170002E34000068221B3468391B3468511B342C
:10218000686980007E14BD787E0400FF9AFEB869FD
:10219000740190B7C8F0806D74176C771212467E88
:1021A0003412E17E2446809099C0793E00021BEAF9
:1021B00020805274177E70011212467E3412E17E26
:1021C0002446009099C0793E00021BEA20803674B4
:1021D000177E70021212467E3412E17E24458090F2
:1021E00099C0793E00021BEA20801A74177E7003A2
:1021F0001212467E3412E17E2445009099C0793E49
:1022000000021BEA2090B7C8E0BEB00178030223A9
:10221000D27E3400052E34000068311B3468491B1F
:102220003468611B3468791B3478030222BC1B3488
:1022300078030222D880007E14BD507E0400FF9AED
:10224000FEB869740190B7C8F00222F274156C7779
:102250001212467E3492477E2443649099C4793E9C
:1022600000021BEA200222F274157E70011212464F
:102270007E3492477E2442E49099C4793E00021B4A
:10228000EA20806E74157E70021212467E34923AF5
:102290007E2442649099C4793E00021BEA20805259
:1022A00074157E70031212467E34923A7E2441E405
:1022B0009099C4793E00021BEA20803674157E7026
:1022C000041212467E34923A7E2441649099C47975
:1022D0003E00021BEA20801A74157E700C12124612
:1022E0007E34923A7E2440E49099C4793E00021BE9
:1022F000EA2090B7C8E0BEB00178030223D2741080
:102300007E701812124674117E70181212467416DE
:102310007E700112124674187E700812124690B731
:10232000C60BEA207E340006BD2378030223D27454
:102330000E7E708012124674137E7008121246745C
:10234000637E7030121246741090B7C60BEA207E7E
:102350003400032D327C677E70104C761212467466
:102360001190B7C60BEA207E3400032D327C677EC5
:1023700070104C761212467E340080121CC6745EB9
:1023800090B7C60BEA303E343E343E347C677E70F4
:10239000434C7612124674047E7002121246741771
:1023A0006C771212466D33121CC67E341FB97E2420
:1023B00000FE908232793E00021BEA207E341347F1
:1023C0007E2400029AFEF8B77E34005374029AFE0F
:1023D000E6CE90B7C8E0AA90B1DF1BEA20793E00B4
:1023E000029F1190B1E3793E00021BEA207E1400A7
:1023F0006490B1DF693E00020BEA209AFEBEC77905
:102400003E00021BEA2080517E1442407E04000FF1
:1024100090B5CC693E00020BEA209AFCFFE77E14DF
:10242000000A9AFEBEC79AFF73B790B1E3691E0017
:10243000020BEA007E1800012F10793E00021BEA11
:102440002090B1E3691E00020BEA0090B1DF693E03
:1024500000020BEA20BF10280D7E3400259AFDBF34
:10246000C1BEB00068A290B1E3691E00020BEA0091
:1024700090B1DF693E00020BEA20BF1038047401FE
:102480008001E42290ACCF1BEA2090ACC91BEA305B
:1024900090ACC51BEA00791E0002C3C2EC90ACC52B
:1024A000693E00020BEA204D23682490ACC90BEA78
:1024B000306D2290AEE7793E00021BEA207E3400A8
:1024C0000190ACC5691E00020BEA009AFC8A699073
:1024D000ACCB693E00020BEA204D23682490ACCFC0
:1024E0000BEA306D2290AEE7793E00021BEA207EB7
:1024F00034000190ACCB691E00020BEA009AFC8A02
:1025000069D3D2EC2290B41F1BEA3090B41B1BEAB3
:1025100000791E0002C3C2EC90B41B693E00020B9E
:10252000EA2090AA17793E00021BEA207E180004D8
:1025300090AA1B793E00021BEA207E34000190B471
:102540001B691E00020BEA009AFC8EA090B41F0BC0
:10255000EA206D33BD23683C90B41B693E00020B3A
:10256000EA200B3690AA17793E00021BEA2090B4AD
:102570001F0BEA306D2290AA1B793E00021BEA2055
:102580007E34000190B41B691E00020BEA000B169A
:102590009AFC8EA090B41B693E00020BEA200B351A
:1025A0000B1A107E0400FF5D017C016C1190B41BBE
:1025B000693E00020BEA200B350B1A107D310A36FA
:1025C0007E1400FF5D134D1090B41B693E00020B9A
:1025D000EA200B351B1A10D3D2EC2290AF671BEA0E
:1025E00020793E000290AF631BEA00791E0002C30F
:1025F000C2EC740290AF67693E00020BEA207A1BBE
:10260000B090AF6B0BEA107E0400FF5D017C016CA3
:102610001190AF6B0BEA107D310A367E1400FF5D1E
:10262000134D1090AF67693E00020BEA200B351B7B
:102630001A1090AF67693E00020BEA2090AA177942
:102640003E00021BEA207E18000490AA1B793E007F
:10265000021BEA207E34000190AF67691E00020B66
:10266000EA009AFC8EA090AF6B0BEA207E3400202B
:10267000BD32506690AF67693E00020BEA200B3610
:1026800090AA17793E00021BEA207E18002090AA2B
:102690001B793E00021BEA207E34000190AF636983
:1026A0001E00020BEA009AFC8EA090AF6B0BEA3082
:1026B0007E2400209D326D2290AEE7793E00021B01
:1026C000EA207E34000190AF63691E00020BEA002D
:1026D0002E1400209AFC8A69805C90AF6B0BEA3064
:1026E000CA3990AF63693E00020BEA2090AF676978
:1026F0001E00020BEA000B169AFF7B3F1BFD90AFFA
:1027000067693E00020BEA200B3690AA17793E005B
:10271000021BEA207E18002090AA1B793E00021BB3
:10272000EA207E34000190AF67691E00020BEA00C8
:102730000B169AFC8EA090AF67693E00020BEA2050
:102740000B350B1A107E0400FF5D017C016C1190AB
:10275000AF67693E00020BEA200B350B1A107D3182
:102760000A367E1400FF5D134D1090AF67693E007E
:10277000020BEA200B351B1A10D3D2EC2290A81BB7
:102780001BEA2090A8171BEA00791E000290A815EA
:102790001BEA30740190A821F090A8150BEA509024
:1027A000A822F090A81B0BEA3090A8241BEA3090D6
:1027B000A81D693E00020BEA201223D7BEB00068B4
:1027C0000302284E90A817693E00020BEA2090AC45
:1027D000CB793E00021BEA207E14A8227E04000171
:1027E0007E34000490A81B0BEA2012248490A81DBC
:1027F000693E00020BEA201223D7BEB000784F7466
:102800000290A822F06D3390A8241BEA307E14A811
:10281000227E04000190A8240BEA301225057E14C4
:1028200042407E04000F90B5CC693E00020BEA20C6
:102830009AFCFFE77E1400149AFEBEC79AFF73B796
:1028400090A822E0BEB0807805E490A821F090A87E
:1028500021E02290AE9A1BEA00791E000290AE9809
:102860001BEA30740190AEA2F090AE9E693E000269
:102870000BEA201223D7BEB000787A90AE980BEA0C
:102880001090AE9A693E00020BEA207A1B309F112D
:1028900090ACCB793E00021BEA2090AE9A691E00F4
:1028A000020BEA007E3400206D2212248490AE9E3A
:1028B000693E00020BEA201223D7BEB000783674BE
:1028C0000290AE9A693E00020BEA207A1BB06D11AD
:1028D00090AE9A693E00020BEA200B351B1A10904D
:1028E000AE9A691E00020BEA007E34002012250514
:1028F000E490AEA2F090AEA2E0227E34BC497E24E9
:1029000000FF7E149E977E04000174249AFEBED0C0
:102910007E1803E890AE9E793E00021BEA207E34CA
:1029200000207E149E977E040001122853909E96EC
:10293000F0909E96E0BEB0007827909E97E0BEB0E3
:10294000A0781E909E990BEA30CA397E349E9B7EF9
:102950002400017E1473687E0400019AFF7B3F1BF4
:10296000FD909E96E0227E1803E890AE9E793E0090
:10297000021BEA207E3400217E149EBC7E040001EE
:10298000122853909EBBF0909EBBE0BEB00078270B
:10299000909EBCE0BEB0A1781E909EBE0BEA30CAED
:1029A000397E349EC07E2400017E14738B7E040029
:1029B000019AFF7B3F1BFD909EBBE0227E1803E83F
:1029C00090AE9E793E00021BEA207E3400227E14E7
:1029D0009EE17E040001122853909EE0F0909EE05C
:1029E000E0BEB0007827909EE1E0BEB0A2781E90D5
:1029F0009EE30BEA30CA397E349EE57E2400017ED8
:102A000014734F7E0400019AFF7B3F1BFD909EE0F4
:102A1000E022909B05F0909B011BEA00791E0002CA
:102A2000909AFF1BEA307401909B06F0909B057E04
:102A3000EBA0741EBCAB5003022B307E340002CAE4
:102A4000397E34BC467E2400FF7E1473687E040009
:102A5000019AFF7ADE1BFDBEB0006803022B3090A6
:102A60009AFF0BEA407E5400232D547E4400019DC2
:102A700054909B2BF0909AFF0BEA407E5400A32DBC
:102A8000547E4400019D54909B2CF07E1803E890E6
:102A9000AE9E793E00021BEA20909B2BE00A3B7E13
:102AA000149B077E040001122853909B06F0909B14
:102AB00006E0BEB0007879909B077EEBA0909B2C3F
:102AC000E0BCBA786B7E340002CA397E34BC437EE7
:102AD0002400FF7E149B0B7E0400019AFF7ADE1B0C
:102AE000FD909B06F0909B06E0BEB0007842909B64
:102AF000090BEA307E2400039D32CA397E349B0ED6
:102B00007E240001909B01691E00020BEA009AFFDF
:102B10007B3F1BFDE4909B090BEA107E0400039DA4
:102B200010909B01693E00020BEA202D317A1BB008
:102B3000909B06E0AA90B34B1BEA3090B3471BEA88
:102B400000791E0002E490B34DF07E340002CA39D1
:102B50007E34BC467E2400FF7E1473687E04000130
:102B60009AFF7ADE1BFDBEB00078607E18271090B9
:102B7000A81D793E00021BEA207E3400129F006DE2
:102B80002212277D90B34DF090B34DE0BEB0007897
:102B90003A801E7E1403E890B5CC693E00020BEA31
:102BA000209AFCFFEB7E14000A9AFEBEC79AFF73C0
:102BB000B790B347691E00020BEA0090B34B0BEAD3
:102BC000306D229AFE30424D2368C890B34DE0AA82
:102BD0009094EE1BEA20793E00029094EA1BEA00F2
:102BE000791E00029094EE693E00020BEA204D230C
:102BF00068449094EA693E00020BEA20909DF979BE
:102C00003E00021BEA209094EE693E00020BEA208F
:102C1000909DF5793E00021BEA207E1494F37E0419
:102C200000017E34BC3A7E2400FF9AFEB89690954F
:102C3000331BEA30802E9094EA693E00020BEA20B2
:102C4000909DF9793E00021BEA207E1494F37E04E5
:102C500000017E34BC357E2400FF9AFEB896909524
:102C6000331BEA307E18271090A81D793E00021B06
:102C7000EA207E3400107E1494F37E0400019095C7
:102C8000330BEA2012277D9094F2F01229BC909425
:102C9000F2E0AA9097C01BEA20793E00029097BC10
:102CA0001BEA00791E00029097BC693E00020BEA05
:102CB00020909DF9793E00021BEA209097C0693E62
:102CC00000020BEA20909DF5793E00021BEA20905D
:102CD00097C4693E00020BEA20909DF1793E000204
:102CE0001BEA209097C8693E00020BEA20909DEDF8
:102CF000793E00021BEA207E1497CD7E0400017EFF
:102D000034BC247E2400FF9AFEB8969097F61BEA06
:102D1000307E18C35090A81D793E00021BEA207E29
:102D20003400117E1497CD7E0400019097F60BEAD3
:102D30002012277D9097CCF01229BC9097CCE0AA66
:102D40007E1803E890AE9E793E00021BEA207E3496
:102D500000047E149F747E040001122853AA74019B
:102D600090B540F0740190B541F07E34A5A590B5C2
:102D7000431BEA307E1803E81223D790B540F09049
:102D8000B540E0BEB000781D9F1190ACCB793E00FD
:102D9000021BEA207E14B5417E0400017E3400044B
:102DA0006D2212248490B540E0AA7401909F05F032
:102DB0006D2290739F0BEA30BD326803022E7A7E3B
:102DC00034000190739F1BEA307E1803E81223D76A
:102DD000BEB0006803022E727403909F06F06D333C
:102DE000909F081BEA307E149F067E0400017E340B
:102DF0000020122505909F06E0BEB0906809909FC4
:102E000006E0BEB0917832909F080BEA206D33BD8A
:102E1000236826909F080BEA306D2290A6AE793E7B
:102E200000021BEA207E1473747E0400017E349F2E
:102E30000A7E2400019AFE475C7E1803E81223D71D
:102E4000BEB000782D7402909F06F06D33909F08FD
:102E50001BEA307E149F067E040001909F080BEA57
:102E600030122505909F06E0BEB0807805E4909F63
:102E700005F06D3390739F1BEA30909F05E0AA9098
:102E80009B311BEA20793E0002909B2D1BEA0079C2
:102E90001E00026D2290739F0BEA30BD3268030260
:102EA000300E7E34000190739F1BEA30022F7D901C
:102EB0009B31693E00020BEA20BE180FF828067EFF
:102EC000340FF8800A909B31693E00020BEA209093
:102ED0009B351BEA307E1803E81223D7BEB000688A
:102EE00003022F8E909B350BEA3090AF6B1BEA30BC
:102EF000909B2D691E00020BEA007E349B377E24D6
:102F000000011225DB909B37E0BEB0906809909BD2
:102F100037E0BEB0917832909B390BEA206D33BD1B
:102F2000236826909B390BEA306D2290A6AE793E3D
:102F300000021BEA207E1473747E0400017E349B21
:102F40003B7E2400019AFE475C909B350BEA106D96
:102F500000909B31693E00020BEA209F10793E00F1
:102F6000021BEA20909B350BEA10909B2D693E00D6
:102F7000020BEA202D31793E00021BEA20909B31A2
:102F8000693E00020BEA204D236803022EAF806DDC
:102F90007E1803E81223D7BEB000786A7402909BB3
:102FA00037F06D33909B391BEA307E149B377E04DB
:102FB00000017E340020122505909B37E0BEB090C2
:102FC0006809909B37E0BEB0917832909B390BEA4C
:102FD000206D33BD236826909B390BEA306D22901B
:102FE000A6AE793E00021BEA207E1473747E0400B4
:102FF000017E349B3B7E2400019AFE475C909B3708
:10300000E0BEB090688A6D3390739F1BEA30909B4E
:1030100031693E00020BEA20AA90B6881BEA0079CB
:103020001E000290B688691E00020BEA009AFDFF9E
:10303000EF6D2290B688691E00020BEA009AFE2E00
:103040007FAA90994B1BEA20793E00029099471B7A
:10305000EA00791E00029F11909953793E00021BED
:10306000EA20909947693E00020BEA204D2368044C
:1030700074018001E47E14BBF57E0400FF7E3402FF
:10308000A19AFF69117E1473747E0400019AFE47B1
:10309000024D23780302316F7E1473747E040001A5
:1030A0009AFE470290994F793E00021BEA209099C0
:1030B0004F691E00020BEA0090994B693E00020B1B
:1030C000EA20BF10500C90994B693E00020BEA2099
:1030D000800A90994F693E00020BEA2090994F793F
:1030E0003E00021BEA207E34994F7E24000190A30B
:1030F0004E793E00021BEA206D3390A3521BEA304A
:103100007E1473747E040001909947693E00020B9F
:10311000EA209AFE4D0E90994F693E00020BEA207C
:103120007D13909947693E00020BEA202D31793ECC
:1031300000021BEA2090994F691E00020BEA0090E2
:10314000994B693E00020BEA209F10793E00021B5A
:10315000EA2090994F691E00020BEA00909953698A
:103160003E00020BEA202F10793E00021BEA206D80
:103170002290739F0BEA30BD3268030233427E34E3
:10318000000190739F1BEA30907383693E00020B2D
:10319000EA20BE180020500302333A7E1803E812DA
:1031A00023D70A2B6D33BD23680302333A74029090
:1031B0009957F06D339099591BEA307E1499577ED8
:1031C0000400017E340020122505909957E0BEB01E
:1031D00090680C909957E0BEB091680302332E902E
:1031E00099590BEA206D33BD23780302332E909951
:1031F0004B693E00020BEA204D237803023308900E
:1032000099590BEA106D0090994B693E00020BEA48
:1032100020BF10400A9099590BEA306D22800A9025
:10322000994B693E00020BEA2090994F793E0002CB
:103230001BEA2090994F693E00020BEA20CA397EB2
:1032400034995B7E240001909947691E00020BEAC5
:10325000009AFF7B3F1BFD90994F693E00020BEAED
:10326000207D13909947693E00020BEA202D3179A9
:103270003E00021BEA2090994F691E00020BEA00F3
:1032800090994B693E00020BEA209F10793E0002A4
:103290001BEA2090994F691E00020BEA0090995397
:1032A000693E00020BEA202F10793E00021BEA2043
:1032B0009099590BEA106D0090994F693E00020BEE
:1032C000EA20BF1050689099590BEA306D2290990E
:1032D0004F691E00020BEA009F1090A6AE793E00D7
:1032E000021BEA207E1473747E04000190994F69DA
:1032F0003E00020BEA207D237E34995B2D327E2432
:1033000000019AFE475C80269099590BEA306D22A5
:1033100090A6AE793E00021BEA207E1473747E04F0
:1033200000017E34995B7E2400019AFE475C9099EF
:1033300057E0BEB09078030231886D3390739F1BC5
:10334000EA30909953693E00020BEA20AA90B071CE
:103350001BEA20793E000290B06D1BEA00791E0046
:1033600002E490B075F07E346F4F7E24000190A986
:10337000C3793E00021BEA207E18040090A9C77999
:103380003E00021BEA207E1473747E0400016D333C
:103390009AFE52CB7E34139390A5011BEA307E3403
:1033A000139190A5031BEA307E34139290A5051B60
:1033B000EA307E34FFFF90A5071BEA307E3400011F
:1033C0007E2400037E146C007E0402DC9AFC8F3C99
:1033D0007E3400747E24000174017E1400109AFD76
:1033E000C5647E3400577E24000174017E140010F1
:1033F0009AFDC5647E3400256D22E47E1400029A95
:10340000FDC5647E340057E49AFDC1BE7E1403E816
:1034100090B5CC693E00020BEA209AFCFFEB7E14CB
:10342000000A9AFEBEC79AFF73B77E340057740134
:103430009AFDC1BE7E1403E890B5CC693E00020B34
:10344000EA209AFCFFEB7E1400649AFEBEC79AFF46
:1034500073B76D3390739F1BEA301228FA90B075E2
:10346000F090B075E0BEB000782D12296690B06D76
:10347000693E00020BEA204D23681C90B06D691E66
:1034800000020BEA0090B071693E00020BEA209A3C
:10349000FE2BD090B075F090B075E0AA90B8337A5A
:1034A000EB7090B832F090B833E00A2B7C456C5545
:1034B00090B832E00A3B4D322290B2131BEA0079F9
:1034C0001E000290B20F1BEA20793E000290B21358
:1034D000693E00020BEA2090B20F691E00020BEA5F
:1034E000009F016D337E248000BF01500474018071
:1034F00001E4220BFCA2AFE4337AFBB0C3C2AF906D
:103500008FAB691E00020BEA007E1800012F1079B4
:103510003E00021BEA207EFB702E70FF92AF1BFC68
:103520002290B7CBF090B7C91BEA3074107E34F705
:10353000207E24007E7A1BB0800D74107E34F72824
:103540007E24007E7A1BB0E4908FAAF09F11908FAA
:10355000A0793E00021BEA2090B7C90BEA207E3416
:103560000002BD23780990B7CBE0BEB000780B74A1
:1035700001908F2EF01234F380067401908F9BF02F
:10358000AA9AFF76EC908F9C793E00021BEA207489
:1035900001908F2EF0AA908FA4E0BEB00068289012
:1035A0008F2EE0BEB000681F908FAAE0BEB00078FA
:1035B00016908F9BE0BEB000780D7E3400029AFC1E
:1035C0007A2DBEB0006804E40236E8A2AFE433907E
:1035D000B834F0C3C2AF908F2EE0BEB00068129036
:1035E0008FAAE0BEB0007809908F9BE0BEB0006863
:1035F0000C90B834E024FF92AFE40236E8908F9C40
:10360000693E00020BEA20908FA5793E00021BEA7A
:1036100020E4908F2EF07401908FAAF09AFF76EC40
:103620007E0800322F10908FA0793E00021BEA2006
:1036300090B834E024FF92AF800F74107E34F720EE
:103640007E24007E7A1BB0800D74107E34F7287EB5
:1036500024007E7A1BB07E348F337E24000190A735
:1036600082793E00021BEA207E3435217E2400FE52
:1036700090A788793E00021BEA207E3400027E1467
:103680008F427E0400017E24000F9AFC75E190B801
:1036900035F090B835E0BEB000784974107E34F74C
:1036A000207E24007E7A1BB0800D74107E34F728B3
:1036B0007E24007E7A1BB0A2AFE43390B834F0C30E
:1036C000C2AFE4908FAAF09F11908FA0793E0002C4
:1036D0001BEA207401908F2EF090B834E024FF9202
:1036E000AF1234F390B835E02290B55E1BEA207932
:1036F0003E0002908FAAE0BEB0007803023791909E
:10370000B55E693E00020BEA20908FA0691E0002A0
:103710000BEA001234B9BEB0006876A2AFE4339071
:10372000B562F0C3C2AF908FAAE0BEB000685A90F5
:10373000B55E693E00020BEA20908FA0691E000270
:103740000BEA001234B9BEB000683E7E3400029A23
:10375000FC7A8674107E34F7207E24007E7A1BB0BB
:10376000800D74107E34F7287E24007E7A1BB0E42E
:10377000908FAAF09F11908FA0793E00021BEA2043
:103780007401908F2EF01234F390B562E024FF9212
:10379000AF2290A7121BEA3090A7120BEA207E34CA
:1037A0007C005D3290A7141BEA3090A7120BEA2030
:1037B0007E3403FF5D3290A7161BEA3090A7120BF0
:1037C000EA207E3480005D326D227D236D3390A728
:1037D00018793E00021BEA2090A7140BEA302E3421
:1037E000840078030238AC2E347C0068030238D79A
:1037F0006D2290A7160BEA30BD32780D90A718699C
:103800003E00020BEA2002390290A7160BEA303E76
:10381000341BEA306D3390A7141BEA30801A90A74E
:10382000160BEA303E341BEA3090A7140BEA207ED8
:103830003400012D321BEA306D2290A7160BEA10DE
:103840007E3404005D31BD3268D490A7140BEA20A9
:103850007E3400709D326D2274172F111478FB9006
:10386000A71C793E00021BEA2090A7160BEA207ED7
:103870003403FF5D326D22740D2F111478FB90A775
:1038800020793E00021BEA2090A71C693E00020B33
:10389000EA2090A718691E00020BEA002F0190A7EA
:1038A00020693E00020BEA202F10805690A7120BD1
:1038B000EA007E1403FF5D106D00740D2F00147874
:1038C000FB6D557E447F8090A718693E00020BEA8D
:1038D000202F122F10802B90A7120BEA207E347F0E
:1038E000FF5D326D227E14C0007E0400012F017442
:1038F0000D2F001478FB90A718693E00020BEA20F8
:103900002F102290AD111BEA00791E000290AD0D20
:103910001BEA20793E00029F0090AD11693E000233
:103920000BEA209AFEB79B282990AD0D693E000254
:103930000BEA2090AD11691E00020BEA009AFF020B
:103940003B9AFF024F90AD15793E00021BEA200220
:103950003A349F0090AD11693E00020BEA209AFEB6
:10396000B79B507290AD0D693E00020BEA2090ADFE
:1039700011691E00020BEA009AFF023B9AFF024FF8
:1039800090AD15793E00021BEA209F0090AD0D69B5
:103990003E00020BEA209AFEB79B401890AD1569D5
:1039A0003E00020BEA207E140FDA7E0440499AFFA3
:1039B000022F801690AD15693E00020BEA207E149E
:1039C0000FDA7E0440499AFF023390AD15793E002C
:1039D000021BEA20805E9F0090AD0D693E00020B45
:1039E000EA209AFEB79B28147E340FDA7E243FC962
:1039F00090AD15793E00021BEA2080389F0090AD03
:103A00000D693E00020BEA209AFEB79B501A9F11E7
:103A10007E140FDA7E043FC99AFF023390AD157908
:103A20003E00021BEA20800C9F1190AD15793E00EC
:103A3000021BEA2090AD15693E00020BEA2022909D
:103A4000B2171BEA20793E00026D117E043F809080
:103A5000B217693E00020BEA209AFEB79B400A7E2D
:103A6000340FDA7E243FC980746D117E04BF8090CC
:103A7000B217693E00020BEA209AFEB79B38109FEE
:103A8000117E140FDA7E043FC99AFF0233804E90F4
:103A9000B217693E00020BEA2090B217691E0002BD
:103AA0000BEA009AFF02377F016D337E243F809A34
:103AB000FF02339AFF023F90B21B793E00021BEADD
:103AC0002090B217693E00020BEA2090B21B691EDB
:103AD00000020BEA009AFF023B9AFF024F22909CE1
:103AE000BB1BEA00791E0002E4909CC2F0E4909CAB
:103AF000C3F0909CBB693E00020BEA204D23780482
:103B0000E4023EFEE4909CBFF0023CFC909CBF7E31
:103B1000EB607E7007AC7674012CB7909CC0F0907F
:103B20009CC0E00A2B7E348F332D327A71827A6109
:103B300083E0C423541F909CC1F0909CC1E0BEB0B0
:103B4000016803023C13909CC2E0BEB0006803020F
:103B50003CF1909CC0E00A2B7E348F342D327A7178
:103B6000827A6183E0909CC07EEBA00A2A7E348F2B
:103B7000352D327A71827A61837EEB7012349C7DAE
:103B800013909CBB693E00020BEA201B1A10909C0C
:103B9000C0E00A2B7E348F362D327A71827A6183AF
:103BA000E0909CC07EEBA00A2A7E348F372D327ABB
:103BB00071827A61837EEB7012349C7D13909CBB82
:103BC000693E00020BEA200B351B1A10909CC0E0E6
:103BD0000A2B7E348F382D327A71827A6183E0909D
:103BE0009CC07EEBA00A2A7E348F392D327A7182F6
:103BF0007A61837EEB7012349C7D13909CBB693E8E
:103C000000020BEA200B361B1A107401909CC2F0C4
:103C1000023CF1909CC1E0BEB0026803023CF1900E
:103C20009CC3E0BEB0006803023CF1909CC0E00A77
:103C30002B7E348F342D327A71827A6183E0909CAE
:103C4000C07EEBA00A2A7E348F352D327A71827ABB
:103C500061837EEB7012349C7D13909CBB693E00A7
:103C6000020BEA202E3400061B1A10909CC0E00ABA
:103C70002B7E348F362D327A71827A6183E0909C6C
:103C8000C07EEBA00A2A7E348F372D327A71827A79
:103C900061837EEB7012349C7D13909CBB693E0067
:103CA000020BEA202E3400081B1A10909CC0E00A78
:103CB0002B7E348F382D327A71827A6183E0909C2A
:103CC000C07EEBA00A2A7E348F392D327A71827A37
:103CD00061837EEB7012349C7D13909CBB693E0027
:103CE000020BEA202E34000A1B1A107401909CC3A8
:103CF000F0909CBF7EEBA074012CBAF0909CBF7E2C
:103D0000EBA07402BCAB5003023B0C909CC2E0BE23
:103D1000B0006809909CC3E0BEB0007804E4023EA5
:103D2000FE9F009099C0693E00020BEA209AFEB700
:103D30009B3803023EE56D337E243F809099C06935
:103D40001E00020BEA009AFF023B909CE0793E00C5
:103D5000021BEA20909CBB693E00020BEA202E3435
:103D600000060B1A301A261A249AFF0253909CE080
:103D7000691E00020BEA009AFF0237909CC4793E4C
:103D800000021BEA20909CBB693E00020BEA202E39
:103D90003400080B1A301A261A249AFF0253909CFA
:103DA000E0691E00020BEA009AFF0237909CC87976
:103DB0003E00021BEA20909CBB693E00020BEA20F9
:103DC0002E34000A0B1A301A261A249AFF02539036
:103DD0009CE0691E00020BEA009AFF0237909CCC1F
:103DE000793E00021BEA20909CC8693E00020BEA63
:103DF00020909CCC691E00020BEA00123903909CB3
:103E0000D8793E00021BEA20909CC8693E00020B54
:103E1000EA20909CC8691E00020BEA009AFF023754
:103E2000909CD0793E00021BEA20909CCC693E0019
:103E3000020BEA20909CCC691E00020BEA009AFF5C
:103E40000237909CD4793E00021BEA209F11909C7F
:103E5000C4691E00020BEA009AFF0233CA1B909C41
:103E6000D0693E00020BEA20909CD4691E00020B30
:103E7000EA009AFF022F9AFF023F7F01DA1B1239F4
:103E800003909CDC793E00021BEA20909CD8693E9E
:103E900000020BEA207E142EE17E0442659AFF02A6
:103EA000377F01909CBB693E00020BEA202E340054
:103EB0000C791100021B1A00909CDC693E00020B79
:103EC000EA207E142EE17E0442659AFF02377F01CC
:103ED000909CBB693E00020BEA202E340010791141
:103EE00000021B1A009F00909CBB693E00020BEA77
:103EF000202E340014791100021B1A007401229044
:103F00008FA9E090B0C0F090B0C07EEBA074016CBF
:103F1000BA90B0C1F090B0C07EEB707425ACB77EA3
:103F2000348F512D3590B0C17EEB507425ACB57EE9
:103F3000148F512D157E0400017E24000174259AF2
:103F4000FEBED090B0C17EEB707425ACB77E348FCE
:103F5000512D3590B0BE1BEA3090B0BE0BEA107EFA
:103F6000040001123ADEBEB00078061234F30240BB
:103F7000347E080001908F2F693E00020BEA202F4B
:103F80001090B0C3793E00021BEA2090B0C3691EB6
:103F900000020BEA007E24001890B0BE0BEA302D20
:103FA000327A71827A6183791E00021BEA00908F57
:103FB000A5691E00020BEA007E24001C90B0BE0B17
:103FC000EA302D327A71827A6183791E00021BEA0F
:103FD000009AFF76EC7F017E24002090B0BE0BEAB1
:103FE000302D327A71827A6183791E00021BEA00D9
:103FF00074017E24002490B0BE0BEA302D327A7119
:10400000827A6183F0A2AFE43390B0C2F0C3C2AF52
:1040100090B0C3693E00020BEA20908F2F793E00DA
:10402000021BEA2090B0C1E0908FA9F090B0C2E0EE
:1040300024FF92AF22E4908FA4F0E4908FAAF0E4E2
:10404000908F2EF0E4908F9BF0E4908FA9F09F1159
:10405000908F2F793E00021BEA209F11908FAB7941
:104060003E00021BEA209F11908FA0793E00021BA8
:10407000EA209F11908F9C793E00021BEA209F113D
:10408000908FA5793E00021BEA20E490B836F0023A
:1040900041156C5590B8367EEB407425ACB47E3437
:1040A0008F752D357A71827A61837AEB509F0090FB
:1040B000B8367EEB707425ACB77E348F692D357AB7
:1040C00071827A6183791E00021BEA009F0090B81A
:1040D000367EEB707425ACB77E348F6D2D357A71DA
:1040E000827A6183791E00021BEA009F0090B83635
:1040F0007EEB707425ACB77E348F712D357A71826A
:104100007A6183791E00021BEA0090B8367EEBA02C
:1041100074012CBAF090B8367EEBA07402BCAB50A0
:1041200003024092E490B836F080226CAA90B83630
:10413000E00A2B7E348F422D327A71827A61837A43
:10414000EBA090B8367EEBA074012CBAF090B83694
:104150007EEBA0740FBCAB40D274F8908F42F07E1F
:104160003400069AFE20A2BEB00078099AFE1FF322
:10417000BEB00068061234F30242137E34229790D8
:10418000A5011BEA307E34229590A5031BEA307E00
:1041900034229690A5051BEA307E34FFFF90A507D8
:1041A0001BEA307E3400026D227E1496807E04006D
:1041B000989AFC8F3CA2AFE43390B837F0C3C2AFFB
:1041C0007E3435817E2400FE908232793E00021BCF
:1041D000EA207E3413477E2400029AFEF8B77E342C
:1041E000005374029AFEE6CEA2B7E433BEB0006874
:1041F000149AFF76EC908F9C793E00021BEA2074A3
:1042000001908F2EF07401908FA4F090B837E024C5
:10421000FF92AFAA908FA4E0BEB00068369AFF76F6
:10422000EC1236E9A2AFE43390B838F0C3C2AF90D5
:104230008F9BE090B839F0E4908F9BF090B838E015
:1042400024FF92AF90B839E0BEB0006803123EFF81
:10425000123596AA9AFE4214AAE4AA90B3711BEAF8
:1042600000791E000290B371693E00020BEA204DF6
:10427000237803E4805EA2AFE43390B377F0C3C247
:10428000AF908FA9E090B375F090B3757EEB70742A
:1042900025ACB77E348F752D357A71827A6183E0D3
:1042A00090B376F090B3757EEB707425ACB77E3426
:1042B0008F512D3590B371691E00020BEA007E24E8
:1042C000000174259AFEBED090B377E024FF92AF30
:1042D00090B376E0AAA2AFE43390B567F0C3C2AF63
:1042E000908FAB693E00020BEA2090B563793E00E7
:1042F000021BEA2090B567E024FF92AF90B5636996
:104300003E00020BEA20AA909CE41BEA00791E0002
:1043100002909CE4693E00020BEA204D23780302E0
:1043200044027E149CE87E0400019AFE425BBEB00B
:104330000078429F00909CE4693E00020BEA2079DD
:104340001100021B1A009F00909CE4693E00020BC2
:10435000EA200B36791100021B1A009F00909CE4A2
:10436000693E00020BEA202E340008791100021B7E
:104370001A00024402909CE80BEA207CB49AFEB733
:10438000F49099C4691E00020BEA009AFF023B7F79
:1043900001909CE4693E00020BEA20791100021BA7
:1043A0001A00909CEA0BEA207CB49AFEB7F490992C
:1043B000C4691E00020BEA009AFF023B7F01909C39
:1043C000E4693E00020BEA200B36791100021B1A49
:1043D00000909CEC0BEA207CB49AFEB7F49099C450
:1043E000691E00020BEA009AFF023B7F01909CE4E9
:1043F000693E00020BEA202E340008791100021BEE
:104400001A00AA7E149F2A7E0400019AFE425BBE17
:10441000B00078049F11801A909F2E0BEA207CB484
:104420009AFEB7F49099C4691E00020BEA009AFF45
:10443000023BAA908FA4E0AA90B1231BEA20793E08
:10444000000290B11F1BEA00791E000290B123699F
:104450005E00020BEA4090B11F691E00020BEA00E9
:104460002E140007693000020B0A202F1279300049
:10447000021B0A20803390B11F693E00020BEA2024
:104480002E340013695100020B1A4090B11F691EAF
:1044900000020BEA002E140007693000020B0A200C
:1044A0009F12793000021B0A2090B11F693E000262
:1044B0000BEA202E340007691100020B1A0090B19C
:1044C0001F695E00020BEA402E540013693200029D
:1044D0000B2A20BF10289F2290B12B1BEA20793E87
:1044E000000290B1271BEA00791E000290B12B69EF
:1044F0005E00020BEA4090B127691E00020BEA0041
:104500002E14000B693000020B0A202F12793000A4
:10451000021B0A20803390B127693E00020BEA207B
:104520002E340013695100020B1A4090B127691E06
:1045300000020BEA002E14000B693000020B0A2067
:104540009F12793000021B0A2090B127693E0002B9
:104550000BEA202E34000B691100020B1A0090B1F7
:1045600027695E00020BEA402E54001369320002F4
:104570000B2A20BF10289F2290B37F1BEA00791ED0
:1045800000026D3390B3831BEA3090B37F693E0025
:10459000020BEA204D23680474018001E47E14C2FA
:1045A000007E0400FF7E3400579AFF691190B37FAC
:1045B000693E00020BEA207E1BB0BEB000680D7E93
:1045C00034000190B3831BEA300246FB740190B3C0
:1045D0007F691E00020BEA007E0B704C7B7A0B7029
:1045E0009F0090B37F693E00020BEA202E34000743
:1045F000791100021B1A009F0090B37F693E0002F0
:104600000BEA202E34000B791100021B1A0090B324
:104610007F693E00020BEA202E340013691100026C
:104620000B1A0090B37F693E00020BEA202E340083
:104630000F791100021B1A0090B37F693E00020B34
:10464000EA200B340B1A301B34683C1B34686B0BAC
:104650003568030246ED90B37F691E00020BEA0045
:104660002E140013693000020B0A2090B37F695E9C
:1046700000020BEA402E540003691200020B2A00CC
:10468000E49AFF0067806690B37F691E00020BEA20
:10469000002E140013693000020B0A203E3490B340
:1046A0007F695E00020BEA402E540003691200028B
:1046B0000B2A00E49AFF0067803390B37F691E00E5
:1046C000020BEA002E140013693000020B0A203E90
:1046D000343E3490B37F695E00020BEA402E5400F2
:1046E00003691200020B2A00E49AFF0067E490B30A
:1046F0007F693E00020BEA207A1BB090B3830BEA7D
:1047000030AA90B5D01BEA00791E000290B5D0699E
:104710003E00020BEA204D23680474018001E47E10
:1047200014C2007E0400FF7E3400789AFF69119065
:10473000B5D0693E00020BEA202E34000F6911004B
:10474000020B1A0090B5D0695E00020BEA402E54AD
:104750000013693200020B2A209F10AA90A6AA1B00
:10476000EA20793E000290A6A61BEA00791E00020C
:104770006D3390A6B21BEA309F1190A6B4793E002B
:10478000021BEA2090A6A6693E00020BEA204D23F8
:10479000680474018001E47E14C2007E0400FF7E80
:1047A0003400B49AFF691190A6AA693E00020BEA90
:1047B000204D23780D7E34000390A6B21BEA300210
:1047C0004D0790A6A6693E00020BEA207E1B700AE8
:1047D000377E2400055D236D33BD23680D7E3400D4
:1047E0000490A6B21BEA30024D07740490A6A66995
:1047F0001E00020BEA007E0B704C7B7A0B7090A6B9
:10480000A6693E00020BEA202E34000F6911000257
:104810000B1A0090A6AE693E00020BEA20BF1028DA
:1048200003024CE990A6A6693E00020BEA202E3452
:104830000007691100020B1A0090A6A6695E00022B
:104840000BEA402E540013693200020B2A209F10FD
:1048500090A6B4793E00021BEA2090A6B4691E001F
:10486000020BEA0090A6AE693E00020BEA20BF10E0
:104870003803024B7090A6A6693E00020BEA200B9B
:10488000340B1A301B3478030249841B347803023A
:104890004A750B356803024CBF90A6B4693E00020E
:1048A0000BEA20CA3990A6A6691E00020BEA002E68
:1048B000140007693000020B0A2090A6A6695E006A
:1048C000020BEA402E540003691200020B2A002D4D
:1048D0001390A6AA693E00020BEA209AFF7B3F1BB9
:1048E000FD90A6A6691E00020BEA0090A6B4693EE0
:1048F00000020BEA2012443890A6B4693E00020B75
:10490000EA207D2390A6AE691E00020BEA007D31ED
:104910009D32CA3990A6A6691E00020BEA002E1429
:104920000007693000020B0A2090A6A6695E00020B
:104930000BEA402E540003691200020B2A002D13CB
:1049400090A6B4693E00020BEA207D5390A6AA69A6
:104950003E00020BEA202D359AFF7B3F1BFD90A6FF
:10496000A6691E00020BEA0090A6B4695E00020B65
:10497000EA4090A6AE693E00020BEA209F12124464
:1049800038024CBF90A6B4693E00020BEA203E34C8
:10499000CA3990A6A6691E00020BEA002E14000771
:1049A000693000020B0A203E3490A6A6695E000220
:1049B0000BEA402E540003691200020B2A002D134B
:1049C00090A6AA693E00020BEA209AFF7B3F1BFDDE
:1049D00090A6A6691E00020BEA0090A6B4693E00EC
:1049E000020BEA2012443890A6B4691E00020BEABA
:1049F0000090A6AE693E00020BEA209F103E34CA2A
:104A00003990A6A6691E00020BEA002E1400076961
:104A10003000020B0A203E3490A6A6695E00020B0D
:104A2000EA402E540003691200020B2A002D139055
:104A3000A6B4693E00020BEA207D533E5490A6AA1C
:104A4000693E00020BEA202D359AFF7B3F1BFD904B
:104A5000A6A6691E00020BEA0090A6B4695E0002D9
:104A60000BEA4090A6AE693E00020BEA209F1212AC
:104A70004438024CBF90A6B4693E00020BEA203EC7
:104A8000343E34CA3990A6A6691E00020BEA002EF5
:104A9000140007693000020B0A203E343E3490A611
:104AA000A6695E00020BEA402E5400036912000260
:104AB0000B2A002D1390A6AA693E00020BEA209A49
:104AC000FF7B3F1BFD90A6A6691E00020BEA00902B
:104AD000A6B4693E00020BEA2012443890A6B469DD
:104AE0001E00020BEA0090A6AE693E00020BEA200F
:104AF0009F103E343E34CA3990A6A6691E00020BB0
:104B0000EA002E140007693000020B0A203E343EF2
:104B10003490A6A6695E00020BEA402E5400036999
:104B20001200020B2A002D1390A6B4693E00020B5E
:104B3000EA207D533E543E5490A6AA693E00020BE3
:104B4000EA202D359AFF7B3F1BFD90A6A6691E002B
:104B5000020BEA0090A6B4695E00020BEA4090A640
:104B6000AE693E00020BEA209F12124438024CBF8D
:104B700090A6A6693E00020BEA200B340B1A301BEC
:104B80003468701B347803024C580B356803024CB0
:104B9000BF90A6AE693E00020BEA20CA3990A6A6D5
:104BA000691E00020BEA002E140007693000020B98
:104BB0000A2090A6A6695E00020BEA402E5400036C
:104BC000691200020B2A002D1390A6AA693E00026A
:104BD0000BEA209AFF7B3F1BFD90A6A6691E0002F0
:104BE0000BEA0090A6AE693E00020BEA20124438A0
:104BF000024CBF90A6AE693E00020BEA203E34CACA
:104C00003990A6A6691E00020BEA002E140007695F
:104C10003000020B0A203E3490A6A6695E00020B0B
:104C2000EA402E540003691200020B2A002D139053
:104C3000A6AA693E00020BEA209AFF7B3F1BFD906B
:104C4000A6A6691E00020BEA0090A6AE693E00020D
:104C50000BEA20124438806790A6AE693E00020B32
:104C6000EA203E343E34CA3990A6A6691E00020BE3
:104C7000EA002E140007693000020B0A203E343E81
:104C80003490A6A6695E00020BEA402E5400036928
:104C90001200020B2A002D1390A6AA693E00020BF7
:104CA000EA209AFF7B3F1BFD90A6A6691E00020B1F
:104CB000EA0090A6AE693E00020BEA20124438904A
:104CC000A6AE695E00020BEA4090A6A6691E00022D
:104CD0000BEA002E14000F693000020B0A209F120D
:104CE000793000021B0A20800A7E34000590A6B2AB
:104CF0001BEA3074FB90A6A6691E00020BEA007E38
:104D00000B705C7B7A0B7090A6B20BEA30AA90A372
:104D10004A1BEA20793E000290A3461BEA00791E56
:104D200000026D3390A3541BEA309F1190A3567973
:104D30003E00021BEA209F1190A35A793E00021BFD
:104D4000EA2090A346693E00020BEA204D23680446
:104D500074018001E47E14C2007E0400FF7E3401F1
:104D6000679AFF691190A34E693E00020BEA204D3D
:104D700023680474018001E47E14C2007E0400FFF5
:104D80007E3401689AFF691190A34A693E00020BC4
:104D9000EA204D23780D7E34000390A3541BEA30A3
:104DA00002522290A346693E00020BEA207E1B704D
:104DB0000A377E2400035D236D33BD23682890A34A
:104DC0005A691E00020BEA0090A34E693E00020BD6
:104DD000EA20791100021B1A007E34000690A354C9
:104DE0001BEA300252C490A346691E00020BEA007F
:104DF0009AFE470290A35A793E00021BEA2090A334
:104E00004E693E00020BEA20691100020B1A009065
:104E1000A35A693E00020BEA20BF01284A90A35A18
:104E2000691E00020BEA0090A34E693E00020BEAE5
:104E300020791100021B1A007E34000790A3541B36
:104E4000EA3090A35A693E00020BEA204D237817FE
:104E500074F790A346691E00020BEA007E0B705C9B
:104E60007B7A0B700252C4740890A346691E00023C
:104E70000BEA007E0B704C7B7A0B7090A346693E68
:104E800000020BEA202E34000B691100020B1A00FD
:104E900090A346695E00020BEA402E54001369326B
:104EA00000020B2A209F1090A356793E00021BEAB5
:104EB0002090A34E693E00020BEA20691100020B0C
:104EC0001A0090A356693E00020BEA20BF01280396
:104ED000024FFC90A346693E00020BEA200B340B04
:104EE0001A301B3468621B347803024FA00B3568FC
:104EF0000302520E90A34E691E00020BEA006930B5
:104F000000020B0A20CA3990A346691E00020BEA70
:104F1000002E14000B693000020B0A207D1390A3B1
:104F200046695E00020BEA402E540003693200021B
:104F30000B2A202D3190A34A691E00020BEA009A29
:104F4000FF7B3F1BFD02520E90A34E691E00020B19
:104F5000EA00693000020B0A203E34CA3990A346A9
:104F6000691E00020BEA002E14000B693000020BD0
:104F70000A207D133E1490A346695E00020BEA40AE
:104F80002E540003693200020B2A202D3190A34ACF
:104F9000691E00020BEA009AFF7B3F1BFD02520EC6
:104FA00090A34E691E00020BEA00693000020B0A52
:104FB000203E343E34CA3990A346691E00020BEAF3
:104FC000002E14000B693000020B0A207D133E14E2
:104FD0003E1490A346695E00020BEA402E54000383
:104FE000693200020B2A202D3190A34A691E00026B
:104FF0000BEA009AFF7B3F1BFD02520E90A346690D
:105000003E00020BEA200B340B1A301B34780302EB
:1050100050BF1B3478030251640B35680302520EF3
:1050200090A356693E00020BEA20CA3990A3466954
:105030001E00020BEA002E14000B693000020B0A5E
:10504000207D1390A346695E00020BEA402E5400B7
:1050500003693200020B2A202D3190A34A691E00F9
:10506000020BEA009AFF7B3F1BFD90A34E691E00D6
:10507000020BEA00693000020B0A2090A356691E59
:1050800000020BEA007D219D32CA3990A356693E89
:1050900000020BEA2090A34A691E00020BEA002DD1
:1050A0001390A346695E00020BEA402E5400036988
:1050B0003200020B2A209AFF7B3F1BFD02520E900A
:1050C000A356693E00020BEA203E34CA3990A3463B
:1050D000691E00020BEA002E14000B693000020B5F
:1050E0000A207D133E1490A346695E00020BEA403D
:1050F0002E540003693200020B2A202D3190A34A5E
:10510000691E00020BEA009AFF7B3F1BFD90A34E35
:10511000691E00020BEA00693000020B0A2090A30E
:1051200056691E00020BEA009F103E34CA3990A354
:1051300056693E00020BEA203E3490A34A691E00E5
:10514000020BEA002D1390A346695E00020BEA40B1
:105150002E540003693200020B2A209AFF7B3F1B6A
:10516000FD02520E90A356693E00020BEA203E3427
:105170003E34CA3990A346691E00020BEA002E1481
:10518000000B693000020B0A207D133E143E149080
:10519000A346695E00020BEA402E54000369320008
:1051A000020B2A202D3190A34A691E00020BEA004F
:1051B0009AFF7B3F1BFD90A34E691E00020BEA0085
:1051C000693000020B0A2090A356691E00020BEA08
:1051D000009F103E343E34CA3990A356693E000207
:1051E0000BEA203E343E3490A34A691E00020BEACB
:1051F000002D1390A346695E00020BEA402E540076
:1052000003693200020B2A209AFF7B3F1BFD74F7D3
:1052100090A346691E00020BEA007E0B705C7B7A4D
:105220000B706D2290A3520BEA30BD32680302521C
:10523000C490A346693E00020BEA207E1BB0BEB0BC
:105240000B780C7E34000290A3541BEA30807574F6
:105250000290A346691E00020BEA007E0B704C7B95
:105260007A0B7090A346691E00020BEA0090A34ED1
:10527000695E00020BEA40693200020B2A201244E8
:10528000D890A34E693E00020BEA20695100020B40
:105290001A4090A346691E00020BEA002E14000F6C
:1052A000693000020B0A202F12793000021B0A20FD
:1052B00074FD90A346691E00020BEA007E0B705C31
:1052C0007B7A0B7090A3540BEA30AA90A9C11BEA19
:1052D0003090A9BD1BEA00791E000290A9BD693E6D
:1052E00000020BEA204D23680474018001E47E145F
:1052F000C2007E0400FF7E3402259AFF691190A946
:10530000C3691E00020BEA0090A9BD693E00020BB2
:10531000EA202E340003791100021B1A00E490A940
:10532000BD693E00020BEA207A1BB090A9C10BEACE
:105330001090A9BD693E00020BEA200B341B1A1025
:105340009F0090A9BD693E00020BEA202E340007A1
:10535000791100021B1A009F0090A9BD693E00024E
:105360000BEA202E34000B791100021B1A0090A9C1
:10537000C7691E00020BEA0090A9BD693E00020B3E
:10538000EA202E34000F791100021B1A0090A9C7E1
:10539000691E00020BEA0090A9BD693E00020BEAFB
:1053A000202E340013791100021B1A006D33AA90CD
:1053B000B7B21BEA3090B7B1F07E1400007E040053
:1053C0000190B7B1E090B7B20BEA300A369AFD39D6
:1053D0009C7E1400007E04000174F090B7B20BEACA
:1053E000309AFD399C2290B3411BEA3090B340F0D3
:1053F000740190B343F0E490B344F0E490B345F00B
:10540000740A90B346F00254A06D1190B346E01AAE
:105410003B7E2400059AFCFFF5BD21782C7E14000C
:10542000007E04000190B340E090B3410BEA300AE3
:10543000369AFD399C7E1400007E04000174F090C1
:10544000B3410BEA309AFD399C7E1400007E0400C3
:105450000190B340E09AFD3A3390B344F07E1400DB
:10546000007E04000174F09AFD3A3390B345F09049
:10547000B344E00A3B7C676C7790B345E00A2B4D60
:105480002390B3410BEA30BD327807E490B343F088
:10549000801A90B3467EEBA07E70017CBA9CB7F078
:1054A00090B346E0BEB000680302540990B343E0F5
:1054B0002290B7B4F07E1400007E04000190B7B4CF
:1054C000E09AFD3A3390B7B5F07E1400007E0400F8
:1054D0000174F09AFD3A3390B7B6F090B7B5E00A90
:1054E0002B7C456C5590B7B6E00A3B4D322290B10B
:1054F000871BEA00791E0002E490B18BF06D3390B7
:10550000B18C1BEA30740190B18EF0745C90000491
:10551000F090B187691E00020BEA002E14000569A5
:105520003000020B0A20900005793E00021BEA20A1
:1055300090B187693E00020BEA200B1A3090000000
:105540001BEA3090B187693E00020BEA200B350B55
:105550001A309000021BEA30E41254B190B18C1B57
:10556000EA3090B18C0BEA207E341324BD23681CF2
:1055700090B18C0BEA207E341311BD23680E90B1DC
:105580008C0BEA207E341313BD237807E490B18E90
:10559000F0801390B18B7EEBA074012CAB7AEBA062
:1055A0007414BCAB28B290B18EE0AA909E4B1BEA5B
:1055B00000791E00026D33909E4F1BEA306D3390D0
:1055C0009E511BEA306D33909E531BEA306D339031
:1055D0009E551BEA306D33909E571BEA306D339019
:1055E0009E591BEA306D33909E5B1BEA30E4909E1F
:1055F0005DF0E4909E5EF06D33909E5F1BEA30900C
:105600009E4B693E00020BEA202E3400060B1A3036
:10561000909E611BEA30909E4B693E00020BEA208F
:105620002E34000A0B1A30909E631BEA30909E4B7A
:10563000693E00020BEA202E34000E0B1A30909EB9
:10564000651BEA30909E4B693E00020BEA202E3427
:1056500000120B1A30909E671BEA30909E4B693EF9
:1056600000020BEA202E3400160B1A30909E691BA4
:10567000EA30909E4B693E00020BEA202E34001A5D
:105680000B1A30909E6B1BEA30909E4B693E0002D5
:105690000BEA202E34001E0B1A30909E6D1BEA3050
:1056A000909E4B693E00020BEA202E3400220B1A1A
:1056B00030909E6F1BEA3074FE7E34BEEF1253AF03
:1056C000740C7E3400031253AFE41254B1909E5F09
:1056D0001BEA30909E5F0BEA207E341324BD2368C2
:1056E00035909E5F0BEA207E341311BD236827900E
:1056F0009E5F0BEA207E341313BD236819909E5ED3
:105700007EEBA074012CAB7AEBA07414BCAB40B957
:105710007401909E5DF0025F79909E690BEA207E95
:10572000340078BD233822909E690BEA303E343E27
:1057300034909E571BEA307E240002909E4F0BEA65
:10574000304E70021BEA30804E909E690BEA207E3C
:105750003400F0BD233820909E690BEA303E34902F
:105760009E571BEA307E240001909E4F0BEA304E7C
:1057700070011BEA308020909E690BEA207E340184
:10578000E0BD233812909E690BEA30909E571BEAC9
:1057900030909E4F0BEA30909E670BEA207E3400DB
:1057A000BCBD233822909E670BEA303E343E3490D5
:1057B0009E551BEA307E240008909E4F0BEA304E27
:1057C00070081BEA30804E909E670BEA207E340101
:1057D00078BD233820909E670BEA303E34909E556A
:1057E0001BEA307E240004909E4F0BEA304E70047A
:1057F0001BEA308020909E670BEA207E3402F0BDC9
:10580000233812909E670BEA30909E551BEA309029
:105810009E4F0BEA30909E550BEA207E34034E9D3E
:10582000329000211BEA30909E5F0BEA207E3413F9
:1058300024BD2368030259B174077E348388125350
:10584000E67CAB909E5DE02CBAF09000210BEA3034
:10585000909E550BEA202D23909E690BEA107E3412
:1058600000022D31AD327E0800042F017E34FCC0D1
:105870007E24019B9AFCFFF1909E511BEA30909E82
:10588000510BEA207E3401F4BD23280A7E3401F452
:10589000909E511BEA30909E510BEA20909E650B22
:1058A000EA30BD32280C909E510BEA30909E651B69
:1058B000EA30909E650BEA106D007E34FCC07E24B9
:1058C000019B9AFCFFF17E0800049F109000210BC1
:1058D000EA00909E550BEA102D106D009AFCFFF126
:1058E000909E690BEA209D329000841BEA30900064
:1058F000840BEA207E347E20BD23180E9000840B9A
:10590000EA207E340002BD2358349000840BEA2044
:105910007E340002BD2358067E340002801A9000B7
:10592000840BEA207E347E20BD2308067E347E2050
:1059300080069000840BEA309000841BEA30909E31
:10594000650BEA106D007E34FCC07E24019B9AFC3E
:10595000FFF17E0800049F109000840BEA00909EE7
:10596000690BEA102D106D009AFCFFF1909E550B0B
:10597000EA209D329000211BEA309000210BEA20A2
:105980007E34003DBD2358067E34003D801A9000D1
:10599000210BEA207E3403FFBD2308067E3403FF7B
:1059A00080069000210BEA309000211BEA30025B58
:1059B000159000210BEA30909E550BEA202D239084
:1059C0009E690BEA107E3400042D31AD327E080052
:1059D000042F017E34FCC07E24019B9AFCFFF190D1
:1059E0009E511BEA30909E510BEA207E3401F4BD9B
:1059F00023280A7E3401F4909E511BEA30909E5178
:105A00000BEA20909E650BEA30BD32280C909E5127
:105A10000BEA30909E651BEA30909E650BEA106D94
:105A2000007E34FCC07E24019B9AFCFFF17E0800BE
:105A3000049F109000210BEA00909E550BEA102D58
:105A4000106D009AFCFFF1909E690BEA209D329048
:105A500000841BEA309000840BEA207E340BB8BD32
:105A600023180E9000840BEA207E340004BD2358D6
:105A7000349000840BEA207E340004BD2358067E57
:105A8000340004801A9000840BEA207E340BB8BDE9
:105A90002308067E340BB880069000840BEA309011
:105AA00000841BEA30909E650BEA106D007E34FC8A
:105AB000C07E24019B9AFCFFF17E0800049F109099
:105AC00000840BEA00909E690BEA102D106D009A7D
:105AD000FCFFF1909E550BEA209D329000211BEABD
:105AE000309000210BEA207E34002BBD2358067E27
:105AF00034002B801A9000210BEA207E3403FFBD76
:105B00002308067E3403FF80069000210BEA3090C4
:105B100000211BEA309000840BEA30909E690BEA6A
:105B2000202D237E3400029D23909E630BEA30BD1E
:105B300032281A9000840BEA20909E690BEA302DDF
:105B4000327E2400029D32909E631BEA30909E5567
:105B50000BEA207E3402F09D321E34909E531BEAE5
:105B600030909E530BEA306D229D23909E6B0BEA82
:105B700030BD32580E909E530BEA306E34FFFF0B4F
:105B800034801E909E530BEA20909E6B0BEA30BD32
:105B9000320808909E530BEA308006909E6B0BEA09
:105BA00030909E6B1BEA307E240001909E530BEADE
:105BB000302D321BEA30909E6B0BEA306D229D2314
:105BC000909E530BEA302D32909E591BEA30909EE6
:105BD000570BEA207E3401E09D321E34909E531B09
:105BE000EA30909E530BEA306D229D23909E6D0B00
:105BF000EA30BD32580E909E530BEA306E34FFFFF0
:105C00000B34801E909E530BEA20909E6D0BEA3061
:105C1000BD320808909E530BEA308006909E6D0BB3
:105C2000EA30909E6D1BEA307E240004909E530B58
:105C3000EA302D321BEA30909E6D0BEA20909E5385
:105C40000BEA302D32909E5B1BEA30741B7E3400D1
:105C5000011253E67CAB909E5DE02CBAF07401908B
:105C60009E590BEA301253E67CAB909E5DE02CBA55
:105C7000F07402909E5B0BEA301253E67CAB909E70
:105C80005DE02CBAF07403909E570BEA301253E695
:105C90007CAB909E5DE02CBAF07404909E550BEAAC
:105CA000301253E67CAB909E5DE02CBAF074059008
:105CB00000210BEA301253E67CAB909E5DE02CBADB
:105CC000F074069000840BEA301253E67CAB909E91
:105CD0005DE02CBAF0740A7E3401641253E67CABAA
:105CE000909E5DE02CBAF074087E3401BB1253E63E
:105CF0007CAB909E5DE02CBAF074097E3401D91221
:105D000053E67CAB909E5DE02CBAF06D22909E61D4
:105D10000BEA30BD327814740B909E630BEA30129C
:105D200053E67CAB909E5DE02CBAF0740D909E4FD4
:105D30000BEA207E3403304D321253E67CAB909E4A
:105D40005DE02CBAF074317E3400271253E67CAB50
:105D5000909E5DE02CBAF074327E34001A1253E645
:105D60007CAB909E5DE02CBAF074337E340005125B
:105D700053E67CAB909E5DE02CBAF07435909E6F3C
:105D80000BEA301253E67CAB909E5DE02CBAF090AB
:105D90009E5F0BEA207E341324BD237864747290D6
:105DA0009E4F0BEA207E340004BD3238067E34005C
:105DB0000180026D333E343E343E343E341253E6AD
:105DC0007CAB909E5DE02CBAF0740F7E3401011222
:105DD00053E67CAB909E5DE02CBAF074477E3400B5
:105DE000811253E67CAB909E5DE02CBAF074487E45
:105DF0003400EC1253E67CAB909E5DE02CBAF08050
:105E000036740F7E3400111253E67CAB909E5DE039
:105E10002CBAF074477E3400811253E67CAB909E1E
:105E20005DE02CBAF074487E3400E71253E67CAB98
:105E3000909E5DE02CBAF074077E3403881253E61E
:105E40007CAB909E5DE02CBAF0741C7E3403031290
:105E500053E67CAB909E5DE02CBAF0742C7E34004F
:105E6000031253E67CAB909E5DE02CBAF06D22905D
:105E70009E610BEA30BD32781374AF6D331253E676
:105E80007CAB909E5DE02CBAF0025F4A74A5909EB8
:105E9000610BEA301253E67CAB909E5DE02CBAF0C9
:105EA00074A67E3400021253E67CAB909E5DE02C1B
:105EB000BAF074A87E3400021253E67CAB909E5D6B
:105EC000E02CBAF074B0CAB8909E690BEA20909E9C
:105ED000670BEA30AD327E0800049AFCFFF16D11C9
:105EE0007E040001BF105818909E690BEA20909E16
:105EF000670BEA30AD327E0800049AFCFFF18004A3
:105F00007E18FFFFDAB81253E67CAB909E5DE02C62
:105F1000BAF074AE7E3400141253E67CAB909E5DF2
:105F2000E02CBAF074AF7E3401011253E67CAB90E2
:105F30009E5DE02CBAF074AD909E630BEA30125374
:105F4000E67CAB909E5DE02CBAF0909E610BEA304F
:105F50009000A51BEA30909E630BEA309000631B13
:105F6000EA30909E690BEA309000421BEA3074FEE2
:105F70007E34DEAD1253AF800C909E5DE0BEB0006B
:105F80007803025719909E5DE0AA90B7B71BEA30DC
:105F9000740190B7B9F09000420BEA309000840B86
:105FA000EA202D237E3400029D2390B7B70BEA3000
:105FB000BD3228169000420BEA209000840BEA3094
:105FC0002D327E2400029D32800690B7B70BEA3056
:105FD0009000631BEA3074FE7E34BEEF1253AF9024
:105FE00000A50BEA206D33BD23680474AD800274F4
:105FF0000B9000630BEA301253E690B7B9F074FED1
:106000007E34DEAD1253AF90B7B9E0AA90B6711BE3
:10601000EA3090B670F0740190B673F074FE7E347E
:10602000BEEF1253AF90B670E090B6710BEA30122B
:1060300053E690B673F074FE7E34DEAD1253AF902B
:10604000B673E0AAE47E34FA727E24007E7A1BB036
:1060500074019000C6F0AAA2B3E433BEB001782068
:10606000D3D2C1D3D2FBC3C2C3C3C2B7D3D2B7C387
:10607000C2B7D3D2B7D3D2C374019000E7F0802166
:106080009000E7E0BEB0006813C3C2C174897E34DB
:10609000FA717E24007E7A1BB0C3C2FBE49000E755
:1060A000F0AA90AE7FF090AE7B1BEA20793E000212
:1060B00090AE771BEA00791E00027E14C2D57E04E2
:1060C00000FF9AFEB8697E14FE507E04007E7E0BAF
:1060D000707A0B70E47E34FE517E24007E7A1BB011
:1060E00074207E14FE517E04007E7E0B704C7B7A01
:1060F0000B707E14FE517E04007E7E0B707A0B7056
:106100007E14FE517E04007E7E0B707A0B70E47E5E
:1061100034FE537E24007E7A1BB074907E34FE528F
:106120007E24007E7A1BB090AE7FE07E34FE567EE9
:1061300024007E7A1BB090AE807EEB303E303E3045
:106140007E20804C2390AE817EEB304C327E34FA40
:10615000707E24007E7A1B30E47E34FA727E240046
:106160007E7A1BB07E08000190AE7B693E00020B78
:10617000EA209F107D130A127E34FA867E24007E68
:106180007A1B307E18000190AE7B691E00020BEA7C
:10619000009F017E34FA737E24007E7A1B3090AE1D
:1061A00077693E00020BEA207D130A127E34FA77EB
:1061B0007E24007E7A1B3090AE77693E00020BEAA7
:1061C000207D137E34FA787E24007E7A1B30E47EB4
:1061D00034FA7E7E24007E7A1BB0E47E34FA7F7E21
:1061E00024007E7A1BB0AA90B29F1BEA00791E00A1
:1061F0000290B29F693E00020BEA202E340014691F
:106200001100020B1A009F119AFEB79B501790B213
:106210009F691E00020BEA002E1400146930000270
:106220000B0A2080087E3440007E24461C90B2A3D6
:10623000793E00021BEA207E1440007E04461C903A
:10624000B2A3693E00020BEA209AFEB79B28127E99
:106250003440007E24461C90B2A3793E00021BEA23
:106260002090B2A3693E00020BEA202290B7381BAF
:10627000EA20793E00026D117E04412090B7386912
:106280003E00020BEA209AFEB79B28086D337E245D
:10629000412080286D117E04C12090B738693E00EE
:1062A000020BEA209AFEB79B50086D337E24C12072
:1062B000800A90B738693E00020BEA202290AABDFE
:1062C0001BEA20793E000290AAB91BEA00791E0061
:1062D0000290AABD691E00020BEA001261E790AAB3
:1062E000C3793E00021BEA2090AABD693E00020B62
:1062F000EA200B36691100020B1A0090AAB9693E18
:1063000000020BEA20791100021B1A0090AABD6955
:106310003E00020BEA202E340008691100020B1A1D
:106320000090AAB9693E00020BEA200B36791100F1
:10633000021B1A0090AABD693E00020BEA202E340F
:10634000000C691100020B1A0090AAB9693E000204
:106350000BEA202E340008791100021B1A00740188
:1063600090AAB9693E00020BEA202E34000C7A1B79
:10637000B090AAC3693E00020BEA209AFEB7E17F03
:106380000190AAB9693E00020BEA202E34000D7973
:106390001100021B1A0090AAC3691E00020BEA003A
:1063A00090AAB9693E00020BEA202E34001179113F
:1063B00000021B1A0090AABD693E00020BEA202EC3
:1063C000340010691100020B1A009F119AFEB79B4E
:1063D00050057E300180026C3390AAB9693E0002FC
:1063E0000BEA202E3400157A1B3090AABD691E00DE
:1063F000020BEA002E140010693000020B0A209AEA
:10640000FEB7E17F0190AAB9693E00020BEA202E97
:10641000340016791100021B1A0090AABD693E00D3
:10642000020BEA202E340010691100020B1A0090B2
:10643000AAB9693E00020BEA202E34001A79110035
:10644000021B1A00E490AAB9693E00020BEA202E52
:1064500034001E7A1BB09F0090AAB9693E00020B5F
:10646000EA202E34001F791100021B1A009F0090B1
:10647000AAB9693E00020BEA202E340023791100EC
:10648000021B1A009F0090AAB9693E00020BEA2085
:106490002E340027791100021B1A009F0090AAB920
:1064A000693E00020BEA202E34002B791100021BFA
:1064B0001A009F0090AAB9693E00020BEA202E3410
:1064C000002F791100021B1A00740190AAB9693ECD
:1064D00000020BEA202E3400337A1BB090AAC10BC5
:1064E000EA1090AAB9693E00020BEA202E3400346B
:1064F0001B1A107E14000190AAB9693E00020BEA33
:10650000202E3400361B1A10227E34000190AAC1BE
:106510001BEA307E1487837E0400017E3487F07E80
:106520002400011262BD6D3390AAC11BEA307E14B3
:1065300087347E0400017E3488087E2400011262C4
:10654000BD7E1487837E0400019F119AFE00E17EC8
:106550001487347E0400019F119AFE00E122A2AF4D
:10656000E43390B88CF0C3C2AF7E34000190AAC16E
:106570001BEA307E1487837E0400017E3487F07E20
:106580002400011262BD7E1487837E0400019AFEFE
:1065900001D490B88CE024FF92AFAAA2AFE433906C
:1065A000B88DF0C3C2AF6D3390AAC11BEA307E1420
:1065B00087347E0400017E3488087E240001126244
:1065C000BD7E1487347E0400019AFE01D490B88DFC
:1065D000E024FF92AFAA7E346B6F7E2400FE90A869
:1065E00051793E00021BEA207E14BD4C7E0400FF60
:1065F0007E3487F07E24000174019AFD51DB7E34E5
:10660000655E7E2400FE90A851793E00021BEA20C0
:106610007E14BD487E0400FF7E3487F47E24000192
:1066200074019AFD51DB7E34655E7E2400FE90A8E5
:1066300051793E00021BEA207E14BD447E0400FF17
:106640007E3487F87E24000174019AFD51DB7E348C
:106650006B6F7E2400FE90A851793E00021BEA2059
:106660007E14BD407E0400FF7E3488087E24000135
:1066700074019AFD51DB7E34659B7E2400FE90A858
:1066800051793E00021BEA207E14BD3C7E0400FFCF
:106690007E34880C7E24000174019AFD51DB7E3427
:1066A000659B7E2400FE90A851793E00021BEA20E3
:1066B0007E14BD387E0400FF7E3488107E240001E5
:1066C00074019AFD51DB9F1190A891793E00021B45
:1066D000EA207E14BD337E0400FF7E346A467E24A9
:1066E00000FE9AFD53559F1190A891793E00021B20
:1066F000EA207E14BD2D7E0400FF7E346A577E247E
:1067000000FE9AFD5355229F119087FC793E0002AE
:106710001BEA209F11908814793E00021BEA209FFB
:1067200011908800793E00021BEA209F1190881882
:10673000793E00021BEA207E3440007E24461C90F5
:106740008804793E00021BEA207E3440007E244605
:106750001C90881C793E00021BEA207E34000190C8
:10676000AAC11BEA307E1487837E0400017E348731
:10677000F07E2400011262BD6D3390AAC11BEA3085
:106780007E1487347E0400017E3488087E24000154
:106790001262BD7E1487837E0400019AFE00007E93
:1067A0001487347E0400019AFE00009F119087F048
:1067B000793E00021BEA209F11908808793E000272
:1067C0001BEA209F11908718793E00021BEA209F48
:1067D0001190871C793E00021BEA209F11908720B0
:1067E000793E00021BEA209F11908724793E000227
:1067F0001BEA209F11908728793E00021BEA209F08
:106800001190872C793E00021BEA209F119087305F
:10681000793E00021BEA20E49087E2F06D33908716
:10682000E01BEA309F119087D3793E00021BEA20DB
:106830009F119087D7793E00021BEA209F11908715
:10684000DB793E00021BEA20E49087DFF09F119085
:1068500087E7793E00021BEA209F119087E3793E8B
:1068600000021BEA209F119087EC793E00021BEA90
:1068700020E49087EBF0E49087D2F01265D67E3466
:106880006CC27E2400FE90A90F793E00021BEA2014
:106890007E340005CA397E1403E890B5CC693E0009
:1068A000020BEA209AFCFFEB7F01DA399AFED81E30
:1068B0007E34003074039AFEE6CE7E14BD157E044D
:1068C00000FF9AFEB8697E14BD157E0400FF9AFE93
:1068D0009469AA7E14A2447E0400019AFE6C7E9004
:1068E000A244693E00020BEA20909DD1793E00024D
:1068F0001BEA2090A248693E00020BEA20909DCD41
:10690000793E00021BEA2090A24C693E00020BEA8D
:1069100020909DC9793E00021BEA2090A250693E5A
:1069200000020BEA20909DC5793E00021BEA207E02
:1069300014BCFF7E0400FF9AFEB869AA9F119087DD
:10694000E7793E00021BEA209F119087E3793E0021
:10695000021BEA209F11908718793E00021BEA2053
:106960009F1190871C793E00021BEA209F1190879F
:1069700028793E00021BEA209F1190872C793E0067
:10698000021BEA209F11908730793E00021BEA200B
:10699000E49087E2F01265099AFF608C22A2AFE4CE
:1069A0003390B88EF0C3C2AF7E3400029087E01BF4
:1069B000EA3090B88EE024FF92AFAAA2AFE4339001
:1069C000B88FF0C3C2AF7E3400039087E01BEA307B
:1069D00090B88FE024FF92AFAA90B858F0A2AFE42D
:1069E0003390B859F0C3C2AF90B8587EEBA09087EF
:1069F000D2E04CBAF090B859E024FF92AFAA90B818
:106A00005AF0A2AFE43390B85BF0C3C2AF90B85A6B
:106A1000E07CAB6EA0FF9087D2E05CBAF090B85BF0
:106A2000E024FF92AFAAA2AFE43390B85CF0C3C2F7
:106A3000AF9087D2E090B85DF090B85CE024FF9210
:106A4000AF90B85DE0AA9AFE699D7E14BCF27E0408
:106A500000FF9AFE9469AA9AFE69BB7E14BCE47E8C
:106A60000400FF9AFE9469AA9F119087E7793E007F
:106A7000021BEA209F119087E3793E00021BEA2067
:106A80009F11908718793E00021BEA209F11908782
:106A90001C793E00021BEA209F11908728793E0056
:106AA000021BEA209F1190872C793E00021BEA20EE
:106AB0006D337E243F80908730793E00021BEA20B0
:106AC00074019087E2F01265099AFF608C2290B2FF
:106AD000AB1BEA00791E000290B2A71BEA20793EA8
:106AE000000290B2A7693E00020BEA2090B2AB69A7
:106AF0001E00020BEA007401126AFCAA90AF93F028
:106B000090AF8F1BEA00791E000290AF8B1BEA202A
:106B1000793E0002A2AFE43390AF94F0C3C2AF90CD
:106B2000AF8B693E00020BEA209087D3793E0002CA
:106B30001BEA2090AF8F693E00020BEA209087D7B6
:106B4000793E00021BEA2090AF93E09087DFF0903F
:106B500087DB691E00020BEA007E1800012F107906
:106B60003E00021BEA2090AF94E024FF92AF22A2E5
:106B7000AFE43390B10EF0C3C2AF9087F0693E002E
:106B8000020BEA2090B106793E00021BEA209088B1
:106B900008693E00020BEA2090B10A793E00021B10
:106BA000EA2090B10EE024FF92AF90B106693E005A
:106BB000020BEA2090B10A691E00020BEA0074027F
:106BC000126AFCAAA2AFE43390AAD4F0C3C2AF9079
:106BD00087D3693E00020BEA2090AAC7793E0002E3
:106BE0001BEA209087D7693E00020BEA2090AACBCF
:106BF000793E00021BEA209087DB693E00020BEA27
:106C00002090AACF793E00021BEA209087DFE09017
:106C1000AAD3F090AAD4E024FF92AF9087EC691E2B
:106C200000020BEA0090AACF693E00020BEA20BFE7
:106C300010684A90AAC7693E00020BEA2012626CF3
:106C40009087E7793E00021BEA2090AACB693E00BC
:106C5000020BEA2012626C9087E3793E00021BEA85
:106C60002090AACF693E00020BEA209087EC793E83
:106C700000021BEA2090AAD3E09087EBF02290B5A7
:106C8000C71BEA00791E000290B5C7693E00020BDF
:106C9000EA204D23682BA2AFE43390B5CBF0C3C2FA
:106CA000AF7E34871890B5C7691E00020BEA007EDC
:106CB000240001741C9AFEBED090B5CBE024FF9254
:106CC000AFAA126BC4126EFE9AFF5C157E14A33E2F
:106CD0007E0400019AFF6D469087E7693E00020B33
:106CE000EA2090A336793E00021BEA209087E369F0
:106CF0003E00020BEA2090A33A793E00021BEA20F4
:106D00006D117E043F00908730693E00020BEA203F
:106D10009AFEB79B400474018001E490A32DF0908B
:106D2000A32DE0BEB0006803026DB79087E2E0BE1D
:106D3000B00068071265099AFF608CE49087E2F062
:106D400090A33E693E00020BEA20908720793E0026
:106D5000021BEA2090A342693E00020BEA209087C2
:106D600024793E00021BEA2090A336693E00020B04
:106D7000EA20908718793E00021BEA2090A33A6926
:106D80003E00020BEA2090871C793E00021BEA209D
:106D90009F11908728793E00021BEA209F1190875F
:106DA0002C793E00021BEA209F11908730793E002B
:106DB000021BEA20026EFD90A33E693E00020BEA30
:106DC0002090A3AE793E00021BEA207E34126F7E33
:106DD000243A8390A3B2793E00021BEA207E1487F6
:106DE000837E04000190A336693E00020BEA209ADC
:106DF000FE03B09AFEB82C90A32E793E00021BEA47
:106E00002090A342693E00020BEA2090A3AE793E97
:106E100000021BEA207E34126F7E243A8390A3B2D4
:106E2000793E00021BEA207E1487347E0400019024
:106E3000A33A693E00020BEA209AFE03B09AFEB81C
:106E40002C90A332793E00021BEA2090A32E693ECB
:106E500000020BEA2090A332691E00020BEA009A9E
:106E6000FF610C74019087E2F090A336693E000246
:106E70000BEA20908718793E00021BEA2090A33A83
:106E8000693E00020BEA2090871C793E00021BEA53
:106E90002090A33E693E00020BEA20908720793EB5
:106EA00000021BEA2090A342693E00020BEA2090F8
:106EB0008724793E00021BEA2090A32E693E00023F
:106EC0000BEA207CB49AFEB7EF908728793E000247
:106ED0001BEA2090A332693E00020BEA207CB49AA0
:106EE000FEB7EF90872C793E00021BEA206D337EBF
:106EF000243F80908730793E00021BEA20AAA2AF8F
:106F0000E43390B73EF0C3C2AF9087E00BEA309015
:106F1000B73C1BEA306D339087E01BEA309087D294
:106F2000E090B73FF090B73EE024FF92AF90B73FBC
:106F3000E0BEB000680E12693CE49AFF5C629AFF02
:106F40005C15804090B73C0BEA207E340001BD23E5
:106F5000780512693C802D90B73C0BEA207E340006
:106F600002BD23780E12693CE49AFF5C629AFF5CD2
:106F700015801190B73C0BEA207E340003BD2378C6
:106F800003126A682290B0B91BEA20793E00029091
:106F9000B0B51BEA00791E0002E490B0BDF0801D80
:106FA00090B0B5693E00020BEA207E1BA00B34793D
:106FB0003E00021BEA2090B0BDE02CBAF090B0B9C0
:106FC000693E00020BEA207E2800017F019F0279C2
:106FD0001E00021BEA004D2378C690B0BDE022904F
:106FE000A9971BEA2090A996F090A9921BEA007934
:106FF0001E000290A9901BEA309F1190A99B793E38
:1070000000021BEA2074AA908690F0740290869188
:10701000F090A992693E00020BEA204D2368046DAE
:107020005580047E5400013E543E543E543E5490DC
:10703000A9900BEA303E343E343E343E343E347C3C
:10704000A74CAB90A996E04CBA908692F074089049
:107050008693F090A9970BEA307C676C777E24FFCB
:10706000005D2390A9970BEA300A364D3290869442
:107070001BEA3090A9990BEA307C676C777E24FF7D
:10708000005D2390A9990BEA300A364D329086961E
:107090001BEA307E1486907E0400017E1800089062
:1070A000B20B695E00020BEA40992890A9900BEAA6
:1070B000301B35682A1B3468420B35785A90A999E1
:1070C0000BEA3090A9970BEA20AD321E341E341E15
:1070D000346D2290A99B793E00021BEA20803890F3
:1070E000A9990BEA3090A9970BEA20AD326D229056
:1070F000A99B793E00021BEA20801C90A9990BEA0B
:107100003090A9970BEA20AD323E346D2290A99BB6
:10711000793E00021BEA2090A992693E00020BEA28
:10712000204D23682090A992691E00020BEA00906E
:10713000A99B693E00020BEA2090B20B695E000237
:107140000BEA409928AA90AF731BEA2090AF6F1BFF
:10715000EA00791E000290AF6D1BEA3074AA908598
:10716000DBF074039085DCF074089085DEF090AF5E
:107170006D0BEA3090864E1BEA3090AF6F693E008F
:10718000020BEA20908646793E00021BEA2090AF6F
:10719000730BEA3090864A1BEA3090AF750BEA30E9
:1071A00090864C1BEA30AA909C911BEA00791E0045
:1071B00002E4909C95F0E4909C96F07E34B9927E27
:1071C0002400FF7E149C977E04000174249AFEBE66
:1071D000D0909C91693E00020BEA200B347E1BA0EC
:1071E000740F5CBA909C98F0E4909C96F00272D375
:1071F000909C967EEB707404ACB7909C91693E00B5
:10720000020BEA202D352E3400077E1B50909C96F1
:107210007EEB407404ACB47E349C9B2D357A718235
:107220007A61837AEB50909C967EEB707404ACB7D5
:10723000909C91693E00020BEA202D352E34000609
:107240007E1B30909C967EEB207404ACB27E349C06
:107250009B2D357E2400010B347A1B30909C967E4A
:10726000EB707404ACB7909C91693E00020BEA206D
:107270002D352E3400057E1B30909C967EEB2074BD
:1072800004ACB27E349C9B2D357E2400010B357AF4
:107290001B30909C967EEB707404ACB7909C916907
:1072A0003E00020BEA202D350B367E1B30909C965B
:1072B0007EEB207404ACB27E349C9B2D357E240082
:1072C000012E3400037A1B30909C967EEBA0740153
:1072D0002CBAF0909C987EEBA0909C96E0BCBA50A3
:1072E000030271F074AA909C97F0909C98E00A5B5E
:1072F0007E4400089D453E443E447E5400249D54F7
:10730000909C95F0909C95E0909C9AF07EA01090B7
:107310009C98E04CBAF0E4909C99F07E149C977E87
:10732000040001909C95E00A3B6D22126F85909CB1
:1073300099F0909C95E00A3B6D227E149C977E0408
:10734000000190B20B695E00020BEA409928AA90F6
:10735000B36A1BEA00791E00026D3390B36F1BEA1B
:10736000309085DF0BEA3090B36F1BEA3090B36F3B
:107370000BEA307C676C777E24FF005D2390B36F4F
:107380000BEA300A364D3290B36F1BEA309085DD40
:10739000E00A3B7E2400205D236D33BD23680F7E11
:1073A00034000290B36F0BEA20AD321BEA307E143A
:1073B00085DB7E0400017E18000890B20B695E0038
:1073C000020BEA409928E490B36EF002748D90B3FA
:1073D0006E7EEB707404ACB790B36A691E00020B4A
:1073E000EA002D152E14000A693000020B0A204D08
:1073F00023683590B36E7EEB707404ACB790B36ABB
:10740000693E00020BEA202D352E34000A69110076
:10741000020B1A0090B36F0BEA306D2290B20B6929
:107420005E00020BEA40992890B36E7EEB70740404
:10743000ACB790B36A691E00020BEA002D152E143A
:10744000002A693000020B0A204D23683590B36E84
:107450007EEB707404ACB790B36A693E00020BEA2D
:10746000202D352E34002A691100020B1A0090B32A
:107470006F0BEA306D2290B20B695E00020BEA409E
:10748000992890B36E7EEBA074012CBAF090B36E85
:107490007EEBA07408BCAB50030273CEAA90A1246B
:1074A0001BEA00791E000290A1221BEA2090A12075
:1074B0001BEA30E490A13CF0E490A13DF0E490A1FF
:1074C0003EF090A1220BEA307C676C777E24FF00AF
:1074D0005D2390A1220BEA300A364D329085DF1BE6
:1074E000EA30E49085E1F0E490A13CF080499F000F
:1074F00090A13C7EEB707404ACB77E3486502D3581
:107500007A71827A6183791E00021BEA009F0090E3
:10751000A13C7EEB707404ACB77E3486702D357A56
:1075200071827A6183791E00021BEA0090A13C7E81
:10753000EBA074012CBAF090A13C7EEBA07403BCCC
:10754000AB40AB90A1200BEA301B34780302766588
:107550001B34780302776C0B35680302791A90A10B
:1075600024693E00020BEA204D23684190A13D7E34
:10757000EBA074012CBAF07EA0019085E1E04CBA3A
:10758000F090A124691E00020BEA0090A13C7EEB62
:107590007074012CB7F07404ACB77E3486502D356E
:1075A0007A71827A6183791E00021BEA0090A12819
:1075B000693E00020BEA204D23684190A13D7EEB1D
:1075C000A074012CBAF07EA0029085E1E04CBAF0E4
:1075D00090A128691E00020BEA0090A13C7EEB708E
:1075E00074012CB7F07404ACB77E3486502D357A14
:1075F00071827A6183791E00021BEA0090A12C69D6
:107600003E00020BEA204D23684190A13D7EEBA095
:1076100074012CBAF07EA0049085E1E04CBAF090A1
:10762000A12C691E00020BEA0090A13C7EEB707455
:10763000012CB7F07404ACB77E3486502D357A71C6
:10764000827A6183791E00021BEA0090864C0BEA65
:10765000207E3400FFBD32400302791A740190A1EC
:107660003EF002791A90A130693E00020BEA204DEB
:1076700023684190A13D7EEBA074012CBAF07EA05E
:10768000019085E1E04CBAF090A130691E00020B38
:10769000EA0090A13C7EEB7074012CB7F07404AC4E
:1076A000B77E3486702D357A71827A6183791E00B7
:1076B000021BEA0090A134693E00020BEA204D2330
:1076C000684190A13D7EEBA074012CBAF07EA0022F
:1076D0009085E1E04CBAF090A134691E00020BEAFB
:1076E0000090A13C7EEB7074012CB7F07404ACB731
:1076F0007E3486702D357A71827A6183791E00021C
:107700001BEA0090A138693E00020BEA204D236875
:107710004190A13D7EEBA074012CBAF07EA00490B4
:1077200085E1E04CBAF090A138691E00020BEA0036
:1077300090A13C7EEB7074012CB7F07404ACB77E62
:107740003486702D357A71827A6183791E00021B2E
:10775000EA0090864A0BEA207E3400FFBD324003E7
:1077600002791A740190A13EF002791A90A124695D
:107770003E00020BEA204D23687690A130693E005E
:10778000020BEA204D23686890A13D7EEBA07401B6
:107790002CBAF07EA0019085E1E04CBAF090A124D3
:1077A000691E00020BEA0090A13C7EEB707404ACF1
:1077B000B77E3486502D357A71827A6183791E00C6
:1077C000021BEA0090A130691E00020BEA0090A1A2
:1077D0003C7EEB7074012CB7F07404ACB77E348639
:1077E000702D357A71827A6183791E00021BEA005E
:1077F00090A128693E00020BEA204D23687690A1F3
:1078000034693E00020BEA204D23686890A13D7E5A
:10781000EBA074012CBAF07EA0029085E1E04CBA96
:10782000F090A128691E00020BEA0090A13C7EEBBB
:10783000707404ACB77E3486502D357A71827A61CB
:1078400083791E00021BEA0090A134691E00020B1E
:10785000EA0090A13C7EEB7074012CB7F07404AC8C
:10786000B77E3486702D357A71827A6183791E00F5
:10787000021BEA0090A12C693E00020BEA204D2376
:10788000687690A138693E00020BEA204D236868B3
:1078900090A13D7EEBA074012CBAF07EA0049085EF
:1078A000E1E04CBAF090A12C691E00020BEA0090B6
:1078B000A13C7EEB707404ACB77E3486502D357AD3
:1078C00071827A6183791E00021BEA0090A13869F7
:1078D0001E00020BEA0090A13C7EEB7074012CB7F5
:1078E000F07404ACB77E3486702D357A71827A617B
:1078F00083791E00021BEA0090864A0BEA207E3440
:1079000000FFBD32400E90864C0BEA207E3400FF13
:10791000BD325006740190A13EF090A1200BEA50B8
:107920003E543E543E543E543E543E547CAB90A193
:107930003EE0C42354E04CAB90A13DE04CBA9085AE
:10794000DDF0AAE4908C83F09F11908C84793E0046
:10795000021BEA207E340008908C881BEA307E34BB
:10796000B9B67E2400FF7E148C8E7E0400017480E4
:107970009AFEBED09F11908D0E793E00021BEA2028
:10798000C3C205A2AF9205C3C2AF7E148C8E7E0423
:1079900000017E18008090B207695E00020BEA4089
:1079A0009928908C84793E00021BEA20908C84698F
:1079B0003E00020BEA204D236828908C84693E002B
:1079C000020BEA2090A6AE793E00021BEA207E144C
:1079D00086077E0400017E348C8E7E2400019AFE90
:1079E000475C027BDC7E180008908C84793E0002A4
:1079F0001BEA207E348C847E24000190A34E793EC5
:107A000000021BEA207E34000190A3521BEA307E64
:107A10001486077E0400017E348C8E7E2400019A39
:107A2000FE4D0E7E348C8E7E2400017E1BB0BEB0D7
:107A30005568117E180001908C84793E00021BEA83
:107A400020027BAE7E348C8E7E240001908C8A795D
:107A50003E00021BEA20908C8A693E00020BEA205D
:107A60002E3400037E1BB0908C83F0E4908C8A69E6
:107A70003E00020BEA202E3400037A1BB07E148CE9
:107A80008E7E0400017E180008126F857CAB908CFE
:107A900083E0BCBA6803027BA0908C8A693E000236
:107AA0000BEA200B367E1B30908C8A693E00020B5D
:107AB000EA200B357E1B200A227E3400019D233EE6
:107AC000243E247E3486262D327E2400012E34006E
:107AD000037A1B30908C8A693E00020BEA202E3418
:107AE00000057E1B30908C8A693E00020BEA200B59
:107AF000357E1B200A227E3400019D233E243E2435
:107B00007E3486262D327E2400010B357A1B309080
:107B10008C8A693E00020BEA202E3400067E1B3060
:107B2000908C8A693E00020BEA200B357E1B200AEE
:107B3000227E3400019D233E243E247E3486262D61
:107B4000327E2400010B347A1B30908C8A693E000F
:107B5000020BEA202E3400077E1B50908C8A691E8F
:107B600000020BEA000B157E0BB07E4004ACB47E25
:107B70003486222D357A71827A61837AEB507401D2
:107B8000908C8A693E00020BEA200B357E1BA00A0E
:107B90002A7E34861D2D327A71827A6183F0800EBE
:107BA0007E180001908C84793E00021BEA207E340E
:107BB0008C847E24000190A34E793E00021BEA20B3
:107BC0006D3390A3521BEA307E1486077E040001B9
:107BD0007E348C8E7E2400019AFE4D0E7E14860724
:107BE0007E0400019AFE47027F01908C880BEA30E8
:107BF0006D22BF1038030279E5A20592AFAA9086E4
:107C00004C0BEA3090A9991BEA3090864E0BEA3073
:107C1000908646691E00020BEA009085DD7EEBA08F
:107C2000740F5CBA90864A0BEA209AFE6FDF90854B
:107C3000DD7EEBA0740F5CBABEB000680C7E1486CB
:107C4000467E0400019AFE734FAA7E3486987E24F5
:107C5000000190A9C3793E00021BEA207E18008033
:107C600090A9C7793E00021BEA207E1486077E0495
:107C700000016D339AFE52CBAA908A97691E0002CA
:107C80000BEA009F119AFEB79B500C908A97693EB1
:107C900000020BEA2080066D337E2440A022127C75
:107CA0007990B287793E00021BEA20908A93693E60
:107CB00000020BEA2090B28B793E00021BEA209072
:107CC0008A87693E00020BEA20908A00793E000212
:107CD0001BEA20908A8B693E00020BEA20908A04FE
:107CE000793E00021BEA20908A8F693E00020BEA6F
:107CF00020908A08793E00021BEA207401908A0CC9
:107D0000F09F1190B287691E00020BEA009AFF02F1
:107D100033908A0D793E00021BEA2090B287693EBB
:107D200000020BEA20908A11793E00021BEA2090A3
:107D3000B28B691E00020BEA009F119AFEB79B509E
:107D40000474018001E4908A15F09F1190B28B6950
:107D50001E00020BEA009AFF0233908A16793E0059
:107D6000021BEA2090B28B693E00020BEA20908A47
:107D70001A793E00021BEA20E4908A1EF09F1190BF
:107D80008A1F793E00021BEA209F11908A23793EC8
:107D900000021BEA209F11908A27793E00021BEA0D
:107DA000209F11908A2B793E00021BEA209F1190A0
:107DB0008A2F793E00021BEA207401908A33F07EFC
:107DC000340001908A341BEA306D33908A361BEA06
:107DD0003022127C9E7E148A007E0400019F119A3C
:107DE000FE00E122A2AFE43390B889F0C3C2AF1223
:107DF0007C9E7E148A007E0400019AFE01D490B815
:107E000089E024FF92AFAA7E347DE47E2400FE90B8
:107E1000A851793E00021BEA207E14B7EE7E0400D2
:107E2000FF7E348A877E24000174019AFD51DB7E37
:107E3000347DE47E2400FE90A851793E00021BEAC6
:107E4000207E14B7DF7E0400FF7E348A8B7E240000
:107E50000174019AFD51DB7E347DE47E2400FE90A6
:107E6000A851793E00021BEA207E14B7D07E0400A0
:107E7000FF7E348A8F7E24000174019AFD51DB7EDF
:107E8000347DE47E2400FE90A851793E00021BEA76
:107E9000207E14B7B57E0400FF7E348A937E2400D2
:107EA0000174019AFD51DB7E347DE47E2400FE9056
:107EB000A851793E00021BEA207E14B79C7E040084
:107EC000FF7E348A977E24000174019AFD51DB7E87
:107ED00014B7897E0400FF7E348A9B7E24000174DF
:107EE000019AFD519A7E14B76D7E0400FF7E348A9C
:107EF000537E24000174019AFD519A7E14B7577E77
:107F00000400FF7E348A4F7E24000174019AFD51E3
:107F10009A7E14B7407E0400FF7E348A9F7E240040
:107F20000174019AFD519A2290B5BD1BEA00791E99
:107F3000000290B5BD693E00020BEA204D23682B7C
:107F4000A2AFE43390B5C1F0C3C2AF90B5BD693EF6
:107F500000020BEA207E148A577E04000174309AD6
:107F6000FEBED090B5C1E024FF92AF229AFEC5516B
:107F70009AFF76EC9095BA793E00021BEA207E14B7
:107F8000957A7E0400019AFEC79B9095B8F0E49024
:107F900095B9F09095B8E0BEB00078359F119095F6
:107FA00086793E00021BEA209F1190958A793E0057
:107FB000021BEA209F1190958E793E00021BEA2059
:107FC0009F119095AA793E00021BEA20E49095B695
:107FD000F09095B6E0BEB00078030280819095AA3B
:107FE000693E00020BEA204D237803028081908ACB
:107FF000A3691E00020BEA009095AA693E00020BDD
:10800000EA20BF10687BA2AFE4339095B7F0C3C2FB
:10801000AF7E148AAC7E04000190958E693E00020A
:108020000BEA209AFF6ABC908AB5793E00021BEAEF
:10803000209095B7E024FF92AF9095AA693E000288
:108040000BEA20908AA3793E00021BEA209095B2A9
:10805000693E00020BEA209089FC793E00021BEA8F
:108060002074019089F6F074019095B9F0908AB46B
:10807000E0BEB000680BE4908AB4F074029AFE6926
:10808000FE9089F6E0BEB000781C9089F8691E0069
:10809000020BEA009095BA693E00020BEA209F109D
:1080A000BE1803E850259089F6E0BEB00068319014
:1080B00089FC691E00020BEA009095BA693E000235
:1080C0000BEA209F10BE1801F44015908AB4E0BE60
:1080D000B000780C7401908AB4F074029AFE69D9E9
:1080E0009095B9E0BEB000680C7E14957A7E0400CD
:1080F000019AFEB0C1AA7E1490307E0400019AFE5F
:10810000C79BBEB000781D9F11909044793E00023D
:108110001BEA209F11909060793E00021BEA20E448
:1081200090906CF09AFF76EC90909D793E00021B47
:10813000EA20909044693E00020BEA2090ADB179AC
:108140003E00021BEA207E148AAC7E0400016D33DF
:108150007E243F009AFF6A03909044693E00020B20
:10816000EA20908AB5793E00021BEA20909060696F
:108170003E00020BEA20908AA3793E00021BEA200F
:1081800090906CE0BEB000680C909068693E000270
:108190000BEA20800A90909D693E00020BEA209035
:1081A00089FC793E00021BEA2090909D693E000206
:1081B0000BEA209089F8793E00021BEA2090906C2F
:1081C000E0BEB0006812909060693E00020BEA20A9
:1081D0004D23680474018001E49089F6F0E4908AEC
:1081E000B4F09AFEAEF4127C9E7E148A007E0400E7
:1081F000019AFE00006D117E043F00908A9B693E4B
:1082000000020BEA209AFEB79B400474018001E44F
:108210009089F7F09F1190906D793E00021BEA2043
:108220009F11909071793E00021BEA209F1190905F
:1082300075793E00021BEA209F11909079793E00EB
:10824000021BEA209F1190907D793E00021BEA20DC
:108250009F11909081793E00021BEA209F1190901F
:1082600085793E00021BEA209F11909089793E009B
:10827000021BEA209F1190908D793E00021BEA209C
:108280009F11909091793E00021BEA209F119090DF
:1082900095793E00021BEA209089F7E0BEB00068A5
:1082A000086D337E243F8080029F11909099793E23
:1082B00000021BEA207E14906D7E040001127F28CC
:1082C000127E077E3483A07E2400FE90A90F793EA3
:1082D00000021BEA207E340006CA397E1403E890AF
:1082E000B5CC693E00020BEA209AFCFFEB7E14003D
:1082F000059AFEBEC77F01DA399AFED81E7E340089
:108300003174039AFEE6CE7E347F6C7E2400FE90AC
:10831000A90F793E00021BEA207E340007CA397E8D
:108320001403E890B5CC693E00020BEA209AFCFFEA
:10833000EB7F01DA399AFED81E7E34003274039A3C
:10834000FEE6CE7E14B71E7E0400FF9AFEB8697E5C
:1083500014B71E7E0400FF9AFE9469AA90B5C21B52
:10836000EA00791E000290B5C2693E00020BEA20C5
:108370004D23682BA2AFE43390B5C6F0C3C2AF7EE5
:10838000348A5790B5C2691E00020BEA007E2400B1
:108390000174309AFEBED090B5C6E024FF92AFAA19
:1083A0009AFF58E69AFF34289AFF0E971283B0AAD4
:1083B0007E148AEC7E0400019AFF58227E148B0002
:1083C0007E0400019AFF33E4908AB5693E00020BF7
:1083D000EA20908AE0793E00021BEA20908AF46944
:1083E0003E00020BEA20908ABC793E00021BEA2084
:1083F000908ABC693E00020BEA20908AC0793E0058
:10840000021BEA20908B08693E00020BEA20908A4A
:10841000C4793E00021BEA209AFF0E8C908AD47920
:108420003E00021BEA206D117E043F00908A4F69D6
:108430003E00020BEA209AFEB79B4023908A5369C4
:108440003E00020BEA20908AC8793E00021BEA2017
:108450009F11908AC4793E00021BEA200286C190D7
:108460009FB8693E00020BEA20908ABC691E000298
:108470000BEA009AFF0237908AC8793E00021BEA95
:10848000209F00908A9F693E00020BEA209AFEB767
:108490009B380302856E908AA7E0BEB00078030285
:1084A000856E908A9F693E00020BEA207E14D70AEF
:1084B0007E043BA39AFF0237908B3C793E00021B5F
:1084C000EA20908AC8693E00020BEA20908AA869D7
:1084D0001E00020BEA009AFF0233908B40793E00A7
:1084E000021BEA20908B3C691E00020BEA00908B75
:1084F00040693E00020BEA209AFEB79B2816908B3B
:108500003C693E00020BEA20908B40793E00021B42
:10851000EA208038908B3C693E00020BEA209AFEEC
:10852000B7E17F01908B40693E00020BEA209AFE82
:10853000B79B5018908B3C693E00020BEA209AFED4
:10854000B7E1908B40793E00021BEA20908AA8692F
:108550003E00020BEA20908B40691E00020BEA00ED
:108560009AFF022F908AC8793E00021BEA20908A67
:10857000C8693E00020BEA20908AA8793E00021BDF
:10858000EA207401908AA7F07E148B3C7E040001DF
:108590009AFDD63C908B3C0BEA207E340004BD2330
:1085A00068030286626D117E043F00908B42693E33
:1085B00000020BEA209AFEB79B50030286627E34CB
:1085C00067A17E24405F908B52793E00021BEA2017
:1085D0006D337E244140908ABC691E00020BEA0084
:1085E0009AFF0237908AC8793E00021BEA20908BDE
:1085F00052691E00020BEA00908AC8693E00020B15
:10860000EA209AFEB79B2816908B52693E00020B17
:10861000EA20908AC8793E00021BEA208038908BBD
:1086200052693E00020BEA209AFEB7E17F01908A70
:10863000C8693E00020BEA209AFEB79B5018908B47
:1086400052693E00020BEA209AFEB7E1908AC8798F
:108650003E00021BEA209F11908AC4793E00021B53
:10866000EA20908AC8693E00020BEA20908AD879F5
:108670003E00021BEA20906CD5E0BEB00068426D5F
:10868000337E243F00906F3F691E00020BEA009A80
:10869000FF02377F01908AD8693E00020BEA209AD8
:1086A000FF022F908AD8793E00021BEA20908AD8D8
:1086B000693E00020BEA20908AC8793E00021BEA5C
:1086C000206D337E24BF80908AC4691E00020BEAAD
:1086D000009AFF0237908ACC793E00021BEA209074
:1086E0008AE0693E00020BEA207E14FA357E043CE3
:1086F0008E9AFF0237908ADC793E00021BEA206DD9
:10870000117E043F00908A9B693E00020BEA209A8A
:10871000FEB79B400474018001E4908ABBF0908A0C
:10872000BBE0BEB00078309089F7E0BEB0006803CF
:10873000127DD29F11908AD0793E00021BEA209FC1
:1087400011908AE4793E00021BEA20E49089F7F058
:10875000E4908AA7F08071127C9E908ADC693E00CA
:10876000020BEA2090A3AE793E00021BEA207E3481
:10877000D70A7E243BA390A3B2793E00021BEA20D5
:108780007E148A007E040001908AC8693E00020BB4
:10879000EA209AFE03B0908AD0793E00021BEA20BC
:1087A000908AD0693E00020BEA20908ACC691E00B4
:1087B000020BEA009AFF022F908AE4793E00021B26
:1087C000EA2074019089F7F0908AE4693E00020B78
:1087D000EA206D117E043F009AFF0237908AE87903
:1087E0003E00021BEA20908ABC693E00020BEA2090
:1087F000908B0C793E00021BEA20908ACC693E00E7
:10880000020BEA20908B10793E00021BEA20908A2E
:10881000C0693E00020BEA20908B14793E00021BD7
:10882000EA20908AD4693E00020BEA20908B1879E6
:108830003E00021BEA20908AD8693E00020BEA2023
:10884000908B1C793E00021BEA20908ADC693E0076
:10885000020BEA20908B20793E00021BEA20908ACE
:10886000E4693E00020BEA20908B24793E00021B53
:10887000EA20908AE8693E00020BEA20908B287972
:108880003E00021BEA209F11908AE8691E00020B3D
:10889000EA009AFF0233908B2C793E00021BEA20FB
:1088A0006D337E243F80908AD4691E00020BEA005B
:1088B0009AFF0237908B28691E00020BEA009AFF8C
:1088C000022F908B30793E00021BEA206D337E240C
:1088D0003F80908AD4691E00020BEA009AFF02379B
:1088E000908B2C691E00020BEA009AFF022F908BDE
:1088F00034793E00021BEA20908ABBE0BEB00068DB
:10890000086D337E243F8080029F11908B38793E22
:1089100000021BEA20908B30693E00020BEA209097
:108920008B34691E00020BEA009AFE6ACE7E148B1D
:108930000C7E040001127F28908AB90BEA207E3455
:1089400000012D321BEA30908AB90BEA207E3400F8
:10895000C8BD2340086D33908AB91BEA302290B01D
:10896000EAF090B0E61BEA20793E000290B0E21BEC
:10897000EA00791E000290B0E6693E00020BEA2090
:108980000B1A207E34007FBD23503690B0EAE09071
:10899000B0E6693E00020BEA200B1A1090B0E269C3
:1089A0003E00020BEA202D317A1BB090B0E6691E22
:1089B00000020BEA000B0A207E3400012D321B0A54
:1089C000302290AD351BEA20793E000290AD311B7C
:1089D000EA00791E000290AD39693E00020BEA20E0
:1089E0004D2378127E34BACF7E2400FF90AD3979C2
:1089F0003E00021BEA20803790AD31691E00020B59
:108A0000EA0090AD35693E00020BEA2090AD39696D
:108A10005E00020BEA407E2BB012895E90AD396990
:108A20003E00020BEA200B34793E00021BEA209044
:108A3000AD39693E00020BEA207E1BB0BEB0007863
:108A4000B72290A1A5F090A19D1BEA20793E0002DB
:108A500090A1991BEA00791E0002E490A1B2F09067
:108A6000A1A6E0BEB000680A7E34BABE7E2400FF34
:108A700080087E34BAAD7E2400FF90A1B3793E0019
:108A8000021BEA2090A1A1693E00020BEA204D23BF
:108A9000781C90A199691E00020BEA0090A19D69C3
:108AA0003E00020BEA20743012895E028B63806202
:108AB00090A1A5E00A1B6D0090A1A1693E00020BE8
:108AC000EA209AFCFFE790A1B3693E00020BEA207E
:108AD0002D317E1BA090A1B2E00A2B7E34A1A72DE0
:108AE000327A71827A61837AEBA090A1B27EEBA098
:108AF00074012CBAF090A1A5E00A1B6D0090A1A111
:108B0000693E00020BEA209AFCFFE7793E00021B57
:108B1000EA2090A1A1693E00020BEA204D23789043
:108B2000803890A1B27EEBA07E70017CBA9CB7F039
:108B300090A199691E00020BEA0090A19D693E0078
:108B4000020BEA2090A1B2E00A4B7E54A1A72D545B
:108B50007AB1827AA183E012895E90A1B2E0BEB0C0
:108B60000078BF2290A89D1BEA20793E000290A8C1
:108B7000991BEA00791E000290A8A1693E00020B31
:108B8000EA20BE180000585690A899691E00020BF2
:108B9000EA0090A89D693E00020BEA20742D12891C
:108BA0005E90A8A1691E00020BEA007E1800012F4A
:108BB000106E34FFFF6E24FFFF0B1C90A8A5793EBA
:108BC00000021BEA2090A8A5691E00020BEA007EA5
:108BD0001800012F10793E00021BEA20801490A893
:108BE000A1693E00020BEA2090A8A5793E00021B75
:108BF000EA2090A8A5693E00020BEA2090A1A17985
:108C00003E00021BEA20E490A1A6F090A899691EFC
:108C100000020BEA0090A89D693E00020BEA207456
:108C20000A128A422290B58BF07E18000190B58C12
:108C3000793E00021BEA2080277E14000A90B58C42
:108C4000693E00020BEA209AFEBEC7793E00021B75
:108C5000EA2090B58B7EEBA07E70017CBA9CB7F0C9
:108C600090B58BE0BEB00078D090B58C693E000224
:108C70000BEA202290A00CF090A0041BEA20793E81
:108C8000000290A0001BEA00791E000290A00C7E5A
:108C9000EBA07406BCAB2806740690A00CF090A064
:108CA00008691E00020BEA009F119AFEB79B28314B
:108CB00090A000691E00020BEA0090A004693E002B
:108CC000020BEA20742D12895E90A008693E000212
:108CD0000BEA209AFEB7E190A008793E00021BEA59
:108CE0002090A008693E00020BEA209AFEB82C9062
:108CF000A012793E00021BEA2090A00CE0128C2505
:108D000090A00E793E00021BEA2090A012693E005E
:108D1000020BEA20E49AFEB7EF7F0190A008693EBB
:108D200000020BEA209AFEB5BF90A01A793E00021D
:108D30001BEA2090A00E693E00020BEA20E49AFE96
:108D4000B7EF7F0190A01A693E00020BEA209AFE5D
:108D5000B67A6D117E043F009AFEB5C29AFEB82C19
:108D600090A016793E00021BEA2090A00E691E001A
:108D7000020BEA0090A016693E00020BEA20BF1029
:108D8000403490A012691E00020BEA007E18000118
:108D90002F10793E00021BEA2090A00E691E0002EF
:108DA0000BEA0090A016693E00020BEA209F1079A2
:108DB0003E00021BEA2090A012693E00020BEA204E
:108DC00090A1A1793E00021BEA20E490A1A6F090B8
:108DD000A000691E00020BEA0090A004693E000298
:108DE0000BEA20740A128A4290A00CE0BEB0007810
:108DF00003028EC290A000691E00020BEA0090A040
:108E000004693E00020BEA20742E12895E7E140073
:108E10000A90A00E693E00020BEA209AFCFFEB903C
:108E2000A01E793E00021BEA20E490A00DF0028E05
:108E3000B190A000691E00020BEA00CA0B90A004CA
:108E4000693E00020BEA20CA1B90A01E691E0002A8
:108E50000BEA0090A016693E00020BEA209AFCFF84
:108E6000E77E2800302F21DA1BDA0B12895E90A0F2
:108E70001E691E00020BEA0090A016693E00020B5C
:108E8000EA209AFCFFE7791E00021BEA007E14002C
:108E90000A90A01E693E00020BEA209AFCFFEB79C3
:108EA0003E00021BEA2090A00D7EEBA074012CBABC
:108EB000F090A00C7EEBA090A00DE0BCBA50030295
:108EC0008E312290A8AD1BEA20793E000290A8A91D
:108ED0001BEA00791E00026D3390A8B71BEA30022E
:108EE000936590A8AD693E00020BEA207E1BB0BEE0
:108EF000B025683890A8A9691E00020BEA007E34EC
:108F0000A8B77E24000190A8AD695E00020BEA407C
:108F10007E2BB012895E90A8AD693E00020BEA205C
:108F20000B34793E00021BEA2002936590A8AD69DC
:108F30003E00020BEA200B34793E00021BEA20902F
:108F4000A8AD693E00020BEA207E1BB0BEB00078DF
:108F50001A90A8A9691E00020BEA007E34A8B77E09
:108F6000240001742512895E02937A740390A8B6D6
:108F7000F090A8AD693E00020BEA207E1BB0BEB0A7
:108F800025782D90A8A9691E00020BEA007E34A85E
:108F9000B77E240001742512895E90A8AD693E0059
:108FA000020BEA200B34793E00021BEA2002936593
:108FB00090A8AD693E00020BEA207E1BB0BEB02E29
:108FC000680302906C90A8AD693E00020BEA200B8A
:108FD00034793E00021BEA2090A8AD693E00020BE6
:108FE000EA207E1BA07430BCAB485090A8AD693E0F
:108FF00000020BEA207E1BA07439BCAB183D90A880
:10900000AD693E00020BEA207E1BB07EA0309CBA08
:1090100090A8B6F090A8B67EEBA07406BCAB28066C
:10902000740690A8B6F090A8AD693E00020BEA2045
:109030000B34793E00021BEA20803190A8A9691EFA
:1090400000020BEA007E34A8B77E240001742512CA
:10905000895E90A8A9691E00020BEA007E34A8B7B9
:109060007E240001742E12895E02936590A8AD697A
:109070003E00020BEA207E1BB0BEB000781A90A81A
:10908000A9691E00020BEA007E34A8B77E24000105
:10909000742512895E02937A90A8AD693E00020B96
:1090A000EA207E1BB090A8B5F090A8B5E024A8BE39
:1090B000B02140030293107EA003A49090BF7302DE
:1090C000927C029310029310029310029310029369
:1090D0001002931002931002931002931002931047
:1090E0000291220291A00293100292C702931002F1
:1090F00093100291A0029310029310029310029316
:109100001002931002931002931002931002931016
:1091100002915A0293100291E602931002931002F8
:10912000923190A8A9691E00020BEA007E34A8B70C
:109130007E24000190A8B1695E00020BEA401B5535
:10914000795E00021BEA4090A8B1695E00020BEA5A
:10915000400B2A5012895E02934090A8B1693E00EC
:10916000020BEA201B36793E00021BEA2090A8B1D0
:10917000691E00020BEA00693000020B0A2090AD64
:1091800039793E00021BEA2090A8A9691E00020B53
:10919000EA007E34A8B77E2400011289C2029340FF
:1091A00090A8B1693E00020BEA201B35793E00020F
:1091B0001BEA2090A8B1693E00020BEA200B1A308E
:1091C0001A261A2490A8A1793E00021BEA2090A832
:1091D000A9691E00020BEA007E34A8B77E240001B4
:1091E000128B6402934090A8B1693E00020BEA2002
:1091F0001B35793E00021BEA2090A8B1693E0002AF
:109200000BEA200B1A306D2290A1A1793E00021BBF
:10921000EA20E490A1A6F090A8A9691E00020BEA3A
:10922000007E34A8B77E240001740A128A42029399
:109230004090A8B1693E00020BEA201B35793E0040
:10924000021BEA2090A8B1693E00020BEA200B1A2B
:10925000306D2290A1A1793E00021BEA20E490A18A
:10926000A6F090A8A9691E00020BEA007E34A8B7F8
:109270007E2400017410128A4202934090A8B169C2
:109280003E00020BEA201B35793E00021BEA2090CB
:10929000A8B1693E00020BEA200B1A306D2290A1A2
:1092A000A1793E00021BEA20740190A1A6F090A8CB
:1092B000A9691E00020BEA007E34A8B77E240001D3
:1092C0007410128A42807990A8B1693E00020BEABC
:1092D000201B36793E00021BEA2090A8B1691E00CF
:1092E000020BEA00693000020B0A2090A008793EC8
:1092F00000021BEA2090A8A9691E00020BEA007E6A
:1093000034A8B77E24000190A8B6E0128C74803097
:1093100090A8A9691E00020BEA007E34A8B77E243B
:109320000001742512895E90A8A9691E00020BEA4B
:10933000007E34A8B77E24000190A8B5E012895EB3
:1093400090A8AD693E00020BEA207E1BB0BEB000C3
:10935000681390A8AD693E00020BEA200B34793EF9
:1093600000021BEA2090A8AD693E00020BEA207EB5
:109370001BB0BEB0006803028EE2E490A8B70BEA0F
:109380001090A8A9693E00020BEA202D317A1BB08B
:1093900090A8B70BEA302290B2731BEA20793E0006
:1093A0000290B26F1BEA00791E000290B26F693E14
:1093B00000020BEA204D23780C90B273693E000244
:1093C0000BEA20801890B26F691E00020BEA009031
:1093D000B273693E00020BEA209AFF4BC2AA9AFFC1
:1093E0004DAA7E34003F74039AFEE6CE7E14BA8CFA
:1093F0007E0400FF9AFEB8697E14BA8C7E0400FFDA
:109400009AFE9469AA7E14BA6E7E0400FF9AFEB892
:10941000697E14BA527E0400FF9AFE94697E14BAE3
:10942000367E0400FF9AFEB869AA90B27B1BEA2040
:10943000793E000290B2771BEA00791E000290B2DA
:1094400077693E00020BEA204D2378049F118018B3
:1094500090B277691E00020BEA0090B27B693E0071
:10946000020BEA209AFF4C71AA9098CC1BEA007973
:109470001E00029098CC693E00020BEA204D237832
:10948000059F11029536A2AFE4339098D6F0C3C27F
:10949000AF90902FE0BEB000680D9098D6E024FF0A
:1094A00092AF9F11029536740190902FF09098D64C
:1094B000E024FF92AF7E3498CC7E2400019098D7B0
:1094C000793E00021BEA209098D7693E00020BEA21
:1094D0002090A8B1793E00021BEA207E148FAF7E57
:1094E0000400019098CC693E00020BEA20128EC362
:1094F0009098D01BEA307E148FAF7E0400019098C4
:10950000D00BEA306D229AFE93979098D2793E0064
:10951000021BEA20A2AFE4339098D6F0C3C2AFE4B6
:1095200090902FF09098D6E024FF92AF9098D26957
:109530003E00020BEA20AA90A74C1BEA20793E00CD
:109540000290A7481BEA00791E00027E14A7507EF5
:1095500004000190A74C693E00020BEA209AFF46E6
:109560000BBEB0007803E4806D90A7500BEA10901A
:10957000A748693E00020BEA201B1A1090A7520B65
:10958000EA1090A748693E00020BEA200B351B1A2F
:109590001090A7560BEA1090A748693E00020BEA0C
:1095A000200B361B1A1090A7580BEA1090A7486999
:1095B0003E00020BEA202E3400061B1A1090A7541E
:1095C0000BEA1090A748693E00020BEA202E3400F7
:1095D000081B1A10740122E49096C3F002972E9093
:1095E00096C37EEB707402ACB77E3489B42D357AA5
:1095F00071827A61830BEA306D229AFF02537F01F8
:109600009096C37EEB707404ACB77E3496C72D354C
:109610007A71827A6183791E00021BEA009096C3F8
:109620007EEB707402ACB77E3489BE2D357A7182C0
:109630007A61830BEA306D229AFF02537F01909684
:10964000C37EEB707404ACB77E3496DB2D357A7133
:10965000827A6183791E00021BEA009096C37EEB3A
:10966000707402ACB77E3489B42D357A71827A6118
:10967000830BEA209096C37EEB707402ACB77E3405
:1096800089BE2D357A71827A61830BEA30BD32282A
:10969000739096C37EEB707402ACB77E3489B42DA0
:1096A000357A71827A61830BEA209096C37EEB70E3
:1096B0007402ACB77E3489BE2D357A71827A6183AB
:1096C0000BEA309D329096C51BEA309096C50BEAA6
:1096D000306D229AFF02537F016D337E2442C89A77
:1096E000FF023B7F019096C37EEB707404ACB77EA3
:1096F0003496EF2D357A71827A6183791E00021BD0
:10970000EA00801F9F009096C37EEB707404ACB794
:109710007E3496EF2D357A71827A6183791E00024C
:109720001BEA009096C37EEBA074012CBAF09096D1
:10973000C37EEBA07405BCAB50030295DFA2AFE47F
:10974000339096C4F0C3C2AFE49096C3F002980978
:109750009096C37EEB707404ACB77E3496C72D35FB
:109760007A71827A6183691E00020BEA009096C3C7
:109770007EEB707404ACB77E34893C2D357A7182EF
:109780007A6183791E00021BEA009096C37EEB701B
:109790007404ACB77E3496DB2D357A71827A61839E
:1097A000691E00020BEA009096C37EEB707404AC55
:1097B000B77E3489542D357A71827A6183791E009F
:1097C000021BEA009096C37EEB707404ACB77E3443
:1097D00096EF2D357A71827A6183691E00020BEA59
:1097E000009096C37EEB707404ACB77E3489282D4C
:1097F000357A71827A6183791E00021BEA009096A5
:10980000C37EEBA074012CBAF09096C37EEBA074DB
:1098100005BCAB50030297509096C4E024FF92AF72
:1098200022E4909642F0029B33E4909643F0804904
:109830009096437EEB707402AC7B9096427EEB5028
:10984000740EAC5B2D237E34896E2D327A71827A50
:1098500061830BEA209096437EEB707402ACB77E76
:1098600034964D2D357A71827A61831BEA20909669
:10987000437EEBA074012CBAF09096437EEBA0746B
:1098800007BCAB40AB90964D0BEA309096491BEA73
:109890003090964D0BEA3090964B1BEA3090964DE7
:1098A0000BEA306D22909645793E00021BEA207447
:1098B00001909643F00299759096437EEB70740286
:1098C000ACB77E34964D2D357A71827A61830BEA7E
:1098D000106D00909645693E00020BEA202F10792A
:1098E0003E00021BEA209096437EEB707402ACB7F8
:1098F0007E34964D2D357A71827A61830BEA209001
:1099000096490BEA30BD23501F9096437EEB70744E
:1099100002ACB77E34964D2D357A71827A61830B15
:10992000EA309096491BEA309096437EEB707402C1
:10993000ACB77E34964D2D357A71827A61830BEA0D
:109940002090964B0BEA30BD23281F9096437EEB68
:10995000707402ACB77E34964D2D357A71827A617F
:10996000830BEA3090964B1BEA309096437EEBA037
:1099700074012CBAF09096437EEBA07407BCAB50F8
:10998000030298B89096490BEA106D0090964569CD
:109990003E00020BEA209F1090964B0BEA106D00E0
:1099A0009F109AFF02537E14CCCD7E043E4C9AFF4A
:1099B00002377F019096427EEB707404ACB77E3420
:1099C000965B2D357A71827A6183791E00021BEADB
:1099D000009096427EEB707404ACB77E3489282DDB
:1099E000357A71827A6183691E00020BEA009F1149
:1099F0009AFEB79B40229F009096427EEB707404C3
:109A0000ACB77E34966F2D357A71827A6183791E78
:109A100000021BEA00029B289096427EEB707404C1
:109A2000ACB77E14965B2D157A31827A2183693E1C
:109A300000020BEA209096427EEB907404AC9B7E71
:109A400054893C2D547AB1827AA183691E00020B9D
:109A5000EA009AFF02339096427EEB907404AC9B2E
:109A60007E5489282D547AB1827AA183691E00021E
:109A70000BEA009AFF02377F019096427EEB7074EA
:109A800004ACB77E34966F2D357A71827A61837912
:109A90001E00021BEA009096427EEB707404ACB785
:109AA0007E34966F2D357A71827A6183691E000249
:109AB0000BEA009F119AFEB79B28219F00909642C7
:109AC0007EEB707404ACB77E34966F2D357A71825C
:109AD0007A6183791E00021BEA00804C9096427ED8
:109AE000EB707404ACB77E34966F2D357A71827A40
:109AF0006183691E00020BEA006D337E2443969A4F
:109B0000FEB79B50236D117E0443969096427EEBE8
:109B1000707404ACB77E34966F2D357A71827A6199
:109B200083791E00021BEA009096427EEBA074012E
:109B30002CBAF09096427EEBA07405BCAB500302A9
:109B40009829A2AFE433909644F0C3C2AFE4909654
:109B500042F0029BD49096427EEB707404ACB77EC8
:109B600034965B2D357A71827A6183691E00020B0F
:109B7000EA009096427EEB707404ACB77E3489C8DC
:109B80002D357A71827A6183791E00021BEA00907A
:109B900096427EEB707404ACB77E34966F2D357AA6
:109BA00071827A6183691E00020BEA009096427E00
:109BB000EB707404ACB77E3489DC2D357A71827A0F
:109BC0006183791E00021BEA009096427EEBA0742E
:109BD000012CBAF09096427EEBA07405BCAB50030A
:109BE000029B55909644E024FF92AF229AFF76ECB8
:109BF00090A56D793E00021BEA207E14A55F7E04CD
:109C000000017E34A5697E240001129537BEB000A4
:109C10007838908924691E00020BEA0090A56D69CE
:109C20003E00020BEA209F10BE1803E84015908901
:109C3000F0E0BEB000780C74019089F0F074049AE2
:109C4000FE69D99AFF46BB029DF79089F1E0BEB04C
:109C5000006850908968691E00020BEA0090A569AF
:109C6000693E00020BEA20BF107838908950691EC7
:109C700000020BEA0090A56D693E00020BEA209FEE
:109C800010BE1801F440159089F0E0BEB000780CC9
:109C900074019089F0F074049AFE69D99AFF46BB6A
:109CA000029DF790A569693E00020BEA2090896841
:109CB000793E00021BEA2090A56D693E00020BEA86
:109CC00020908950793E00021BEA2074019089F1AE
:109CD000F09089F0E0BEB000680BE49089F0F07479
:109CE000049AFE69FE90896CE0BEB0006803029D94
:109CF00078E490A55DF08067E490A55EF0804990DF
:109D0000A55D7EEB707402ACB77E34A55F2D357A0D
:109D100071827A61830BEA2090A55E7EEB707402FB
:109D2000AC7B90A55D7EEB30740EAC3B2D137E3486
:109D3000896E2D317A71827A61831BEA2090A55E4B
:109D40007EEBA074012CBAF090A55E7EEBA07407A8
:109D5000BCAB40AB90A55D7EEBA074012CBAF0903B
:109D6000A55D7EEBA07405BCAB408DE490896DF0E1
:109D7000740190896CF08078E490A55DF080499042
:109D8000A55D7EEB707402ACB77E34A55F2D357A8D
:109D900071827A61830BEA2090896D7EEB70740288
:109DA000AC7B90A55D7EEB30740EAC3B2D137E3406
:109DB000896E2D317A71827A61831BEA2090A55DCC
:109DC0007EEBA074012CBAF090A55D7EEBA074052B
:109DD000BCAB40AB90896D7EEBA074012CBAF090C7
:109DE000896D7EEBA07407BCAB4005E490896DF0F3
:109DF0001298219AFF46BBAA9AFF443AE490AD79A3
:109E0000F080266D2290AD797EEB707402ACB77E47
:109E100034AD7B2D357A71827A61831BEA2090AD57
:109E2000797EEBA074012CBAF090AD797EEBA07432
:109E300005BCAB40CE7E14AD7B7E0400019F1112A9
:109E40009537E490AD79F08067E490AD7AF0804981
:109E500090AD797EEB707402ACB77E34AD7B2D355E
:109E60007A71827A61830BEA2090AD7A7EEB70740E
:109E700002AC7B90AD797EEB30740EAC3B2D137E43
:109E800034896E2D317A71827A61831BEA2090AD1C
:109E90007A7EEBA074012CBAF090AD7A7EEBA074C0
:109EA00007BCAB40AB90AD797EEBA074012CBAF04F
:109EB00090AD797EEBA07405BCAB408DE490896DCC
:109EC000F0E490896CF09F11908968793E00021B44
:109ED000EA209AFF76EC908950793E00021BEA2036
:109EE000908950693E00020BEA20908924793E0057
:109EF000021BEA20E49089F1F0E49089F0F01295D9
:109F0000D71298217E349BEC7E2400FE90A90F7915
:109F10003E00021BEA207E340004CA397E1442400F
:109F20007E04000F90B5CC693E00020BEA209AFC3B
:109F3000FFE77E1403E89AFEBEC77F01DA399AFE76
:109F4000D81E7E34002174039AFEE6CE7E14BF7BB9
:109F50007E0400FF9AFEB8697E14BF7B7E0400FF7A
:109F60009AFE9469AA9AFF76EC9089F2691E000223
:109F70000BEA009F10BE180021500302A0089AFFB0
:109F800076EC9089F2793E00021BEA207E149D5DFA
:109F90007E0400019AFEA009909D71693E00020BAB
:109FA000EA209098C8793E00021BEA20909D7569CE
:109FB0003E00020BEA209098C4793E00021BEA2082
:109FC000909D79693E00020BEA209098C0793E008E
:109FD000021BEA20909D7D693E00020BEA209098CA
:109FE000BC793E00021BEA20909D81693E00020B75
:109FF000EA209098B8793E00021BEA207E14BF60E8
:10A000007E0400FF9AFE9469AA90B48D1BEA007941
:10A010001E000290B48D693E00020BEA204D2378A9
:10A020000302A0D1A2AFE43390B492F0C3C2AFE474
:10A0300090B491F002A0BA90B4917EEB707404AC2D
:10A04000B77E3489C82D357A71827A6183691E00A2
:10A05000020BEA0090B4917EEB707404ACB790B43C
:10A060008D693E00020BEA202D35791100021B1A82
:10A070000090B4917EEB707404ACB77E3489DC2D13
:10A08000357A71827A6183691E00020BEA0090B40E
:10A09000917EEB707404ACB790B48D693E00020BF6
:10A0A000EA202D352E340014791100021B1A00907D
:10A0B000B4917EEBA074012CBAF090B4917EEBA029
:10A0C0007405BCAB500302A03790B492E024FF9219
:10A0D000AFAA90A4BF1BEA00791E000290A4BD1B8A
:10A0E000EA309F1190A4C7793E00021BEA209F111D
:10A0F00090A4CB793E00021BEA206D3390A4CF1BC5
:10A10000EA3090A4C3693E00020BEA20BE18271073
:10A11000380474018001E47E14B24E7E0400FF7E98
:10A120003400B69AFF691190A4BF691E00020BEAC1
:10A130000090B5CC693E00020BEA209AFCFFE77D57
:10A14000326D2290A4CF1BEA3090A4BF691E00029A
:10A150000BEA0090B5CC693E00020BEA209AFCFFA6
:10A16000E790A4CB793E00021BEA2090A4CF0BEA33
:10A17000007E1400012D1090A4CB693E00020BEA72
:10A18000209AFCFFEB7E0800019F1090A4CB793E43
:10A1900000021BEA2090A4C3693E00020BEA20BE25
:10A1A000182710684090A4C3693E00020BEA20E41F
:10A1B0009AFEB7EF7E1440007E04461C9AFEB71A42
:10A1C0007F0190A4CB693E00020BEA20E49AFEB71F
:10A1D000EF9AFEB67A9AFEB82C90A4C7793E000298
:10A1E0001BEA20801A7E08000190A4CB693E000281
:10A1F0000BEA202F1090A4C7793E00021BEA2090A2
:10A20000A4CF0BEA307D130A1290A4BD0BEA307D77
:10A21000231A240E240E240E240E240E247E340031
:10A22000075D321A261A242F112F117E54B2907E08
:10A230004400FF2F21693200020B2A207A1B309044
:10A24000A4CF0BEA1090A4BD0BEA307D231A240E94
:10A25000240E240E240E240E247E3400075D321AB0
:10A26000261A247F212F222F227E34B2907E2400B2
:10A27000FF2F12695100020B1A407E1800012F12A5
:10A280007A1B3090A4CB693E00020BEA207C36900A
:10A29000A4BD0BEA307D231A240E240E240E240EB6
:10A2A000240E247E3400075D321A261A242F112F23
:10A2B000117E54B3207E4400FF2F21693200020B2F
:10A2C0002A207A1B3090A4CB691E00020BEA009072
:10A2D000A4BD0BEA307D231A240E240E240E240E76
:10A2E000240E247E3400075D321A261A247F212F83
:10A2F000222F227E34B3207E2400FF2F12695100CA
:10A30000020B1A407E1800012F127A1B3090A4C74E
:10A31000693E00020BEA207C3690A4BD0BEA307D3A
:10A32000231A240E240E240E240E240E247E340020
:10A33000075D321A261A247F212F222F2290A4BDD6
:10A340000BEA307D231A240E240E240E247E3400C2
:10A35000035D321A261A242F122F112F117E54B2A8
:10A36000C07E4400FF2F21693200020B2A207A1B95
:10A370003090A4C7691E00020BEA0090A4BD0BEA4E
:10A38000307D231A240E240E240E240E240E247E47
:10A390003400075D321A261A247F212F222F2290A3
:10A3A000A4BD0BEA307D231A240E240E240E247E35
:10A3B0003400035D321A261A242F127F212F222FF8
:10A3C000227E34B2C07E2400FF2F12695100020B9E
:10A3D0001A407E1800012F127A1B30AA90A9DB1BAD
:10A3E000EA00791E000290A9D91BEA3090A9D90B86
:10A3F000EA307D231A240E240E240E240E240E246B
:10A400007E3400075D321A261A242F112F117E1474
:10A41000B3207E0400FF2F01693000020B0A207E6A
:10A420001B700A277C456C5590A9D90BEA301A3667
:10A430000E340E340E340E340E347E1400075D13C9
:10A440001A021A007F202F222F227E14B3207E04AE
:10A4500000FF2F02695000020B0A407E0800012F06
:10A46000027E0B700A374D326D2290A9E3793E00CF
:10A47000021BEA2090A9DB693E00020BEA20BE180D
:10A480002710380474018001E47E14B24E7E04006B
:10A49000FF7E3400DE9AFF691190A9DB693E00025D
:10A4A0000BEA20BE182710684090A9DB693E000225
:10A4B0000BEA20E49AFEB7EF7E1440007E04461CAF
:10A4C0009AFEB71A7F0190A9E3693E00020BEA20C9
:10A4D000E49AFEB7EF9AFEB67A9AFEB82C90A9DFFE
:10A4E000793E00021BEA20801A7E08000190A9E351
:10A4F000693E00020BEA202F1090A9DF793E00028E
:10A500001BEA2090A9DF693E00020BEA207C36900E
:10A51000A9D90BEA307D231A240E240E240E240E12
:10A52000240E247E3400075D321A261A247F212F40
:10A53000222F2290A9D90BEA307D231A240E240E53
:10A54000240E247E3400035D321A261A242F122F83
:10A55000112F117E54B2C07E4400FF2F21693200BA
:10A56000020B2A207A1B3090A9DF691E00020BEA39
:10A570000090A9D90BEA307D231A240E240E240E54
:10A58000240E240E247E3400075D321A261A247FFE
:10A59000212F222F2290A9D90BEA307D231A240ED5
:10A5A000240E240E247E3400035D321A261A242F32
:10A5B000127F212F222F227E34B2C07E2400FF2F53
:10A5C00012695100020B1A407E1800012F127A1BEB
:10A5D00030AA90A6BA1BEA00791E000290A6B81B0A
:10A5E000EA306D3390A6C21BEA309F1190A6C47961
:10A5F0003E00021BEA206D3390A6C81BEA3090A6ED
:10A60000BE693E00020BEA20BE1827103804740110
:10A610008001E47E14B24E7E0400FF7E3401009A75
:10A62000FF691190A6B80BEA207E3400FF5D327EF0
:10A6300024000174017E1400109AFDC56490A6BA2E
:10A64000691E00020BEA0090B5CC693E00020BEADD
:10A65000209AFCFFE77D326D2290A6C81BEA30905D
:10A66000A6BA691E00020BEA0090B5CC693E000252
:10A670000BEA209AFCFFE790A6C4793E00021BEA91
:10A680002090A6C80BEA007E1400012D1090A6C4ED
:10A69000693E00020BEA209AFCFFEB7E0800019F56
:10A6A0001090A6C4793E00021BEA2090A6BE693E27
:10A6B00000020BEA20BE182710683C90A6BE693E37
:10A6C00000020BEA20E49AFEB7EF7E1440007E04FD
:10A6D000461C9AFEB71A7F0190A6C4693E00020B81
:10A6E000EA20E49AFEB7EF9AFEB67A9AFEB82C906A
:10A6F000A6C21BEA30801890A6C4693E00020BEA8D
:10A70000207D237E3400012D3290A6C21BEA3090BA
:10A71000A6C80BEA307D130A1290A6B80BEA307D6A
:10A72000231A240E240E240E240E240E247E34001C
:10A73000075D321A261A242F112F117E54B2907EF3
:10A740004400FF2F21693200020B2A207A1B30902F
:10A75000A6C80BEA1090A6B80BEA307D231A240E87
:10A76000240E240E240E240E247E3400075D321A9B
:10A77000261A247F212F222F227E34B2907E24009D
:10A78000FF2F12695100020B1A407E1800012F1290
:10A790007A1B3090A6C4693E00020BEA207C3690FA
:10A7A000A6B80BEA307D231A240E240E240E240EA4
:10A7B000240E247E3400075D321A261A242F112F0E
:10A7C000117E54B3207E4400FF2F21693200020B1A
:10A7D0002A207A1B3090A6C4691E00020BEA009062
:10A7E000A6B80BEA307D231A240E240E240E240E64
:10A7F000240E247E3400075D321A261A247F212F6E
:10A80000222F227E34B3207E2400FF2F12695100B4
:10A81000020B1A407E1800012F127A1B3090A6C23C
:10A820000BEA307D130A1290A6B80BEA307D231A8A
:10A83000240E240E240E240E240E247E3400075DE4
:10A84000321A261A247F212F222F2290A6B80BEA33
:10A85000307D231A240E240E240E247E3400035D42
:10A86000321A261A242F122F112F117E54B2C07EB5
:10A870004400FF2F21693200020B2A207A1B3090FE
:10A88000A6C20BEA1090A6B80BEA307D231A240E5C
:10A89000240E240E240E240E247E3400075D321A6A
:10A8A000261A247F212F222F2290A6B80BEA307D72
:10A8B000231A240E240E240E247E3400035D321A43
:10A8C000261A242F127F212F222F227E34B2C07EFF
:10A8D0002400FF2F12695100020B1A407E1800015C
:10A8E0002F127A1B3090A6B80BEA307D531A5A0EFD
:10A8F000540E547E4400015D453E4490A6B80BEAD8
:10A90000507D351A360E340E340E347E5400015DFF
:10A91000533E543E542D547E34000160053E3414A1
:10A9200078FB7C6790A6B80BEA207D021A000E0423
:10A930000E040E040E040E047E1400075D101A02AD
:10A940001A007F202F2290A6B80BEA207D021A0061
:10A950000E040E040E047E1400035D100E141A0281
:10A960001A002F022F002F007E54B3807E4400FF78
:10A970002F20691200020B2A007E0B704C767A0B96
:10A9800070746090A6B80BEA307D231A240E240E52
:10A99000240E240E240E247E3400075D321A261A5B
:10A9A000247F012F002F0090A6B80BEA307D231AD8
:10A9B000240E240E240E247E3400035D321A261A3F
:10A9C000242F107F012F002F007E34B3C87E240077
:10A9D000FF2F10691100020B1A007E0B704C7B7A5E
:10A9E0000B70740890A6B80BEA307D231A240E244D
:10A9F0000E240E240E240E247E3400075D321A2607
:10AA00001A247F012F002F0090A6B80BEA307D2377
:10AA10001A240E240E240E247E3400035D321A26DE
:10AA20001A242F107F012F002F007E34B3C87E24FC
:10AA300000FF2F10691100020B1A007E0B704C7B77
:10AA40007A0B7090A6B80BEA307D531A5A0E540E4A
:10AA5000540E547E4400035D453E4490A6B80BEA74
:10AA6000507D351A360E340E347E5400015D532D60
:10AA7000547E34000160053E341478FB7C6790A658
:10AA8000B80BEA207D021A000E040E040E040E0418
:10AA90000E047E1400075D101A021A002F002F000A
:10AAA0007E54B2A87E4400FF2F20691200020B2AB8
:10AAB000007E0B704C767A0B7090A6B80BEA307D56
:10AAC000431A480E440E440E447E5400035D543E27
:10AAD0005490A6B80BEA307D231A247E3400035D1F
:10AAE0003260053E341478FB7C6790A6B80BEA20F0
:10AAF0007D021A000E040E040E040E040E047E14D1
:10AB000000075D101A021A002F002F007E54B33880
:10AB10007E4400FF2F20691200020B2A007E0B707A
:10AB20004C767A0B70748090A6B80BEA307D231AAD
:10AB3000240E240E240E240E240E247E3400075DE1
:10AB4000321A261A247F012F002F007E34B2787E1D
:10AB50002400FF2F10691100020B1A007E0B704CAD
:10AB60007B7A0B70740190A6B80BEA307D231A240F
:10AB70000E240E240E240E240E247E3400075D3293
:10AB80001A261A247F012F002F007E34B3B07E24B2
:10AB900000FF2F10691100020B1A007E0B704C7B16
:10ABA0007A0B70AA90AD4D1BEA00791E000290ADA1
:10ABB000491BEA20793E00029F0090AD4D693E009E
:10ABC000020BEA209AFEB79B282990AD49693E0006
:10ABD000020BEA2090AD4D691E00020BEA009AFFBD
:10ABE000023B9AFF024F90AD51793E00021BEA20D2
:10ABF00002ACD59F0090AD4D693E00020BEA209A51
:10AC0000FEB79B507290AD49693E00020BEA20905E
:10AC1000AD4D691E00020BEA009AFF023B9AFF024B
:10AC20004F90AD51793E00021BEA209F0090AD4944
:10AC3000693E00020BEA209AFEB79B401890AD5186
:10AC4000693E00020BEA207E140FDA7E0440499A26
:10AC5000FF022F801690AD51693E00020BEA207E64
:10AC6000140FDA7E0440499AFF023390AD51793EC9
:10AC700000021BEA20805E9F0090AD49693E000201
:10AC80000BEA209AFEB79B28147E340FDA7E243F0D
:10AC9000C990AD51793E00021BEA2080389F009098
:10ACA000AD49693E00020BEA209AFEB79B501A9FFD
:10ACB000117E140FDA7E043FC99AFF023390AD5122
:10ACC000793E00021BEA20800C9F1190AD51793E25
:10ACD00000021BEA2090AD51693E00020BEA2022DF
:10ACE00090A5391BEA20793E000290A5351BEA00A9
:10ACF000791E000290A535693E00020BEA204D2323
:10AD0000780302AE3490A539693E00020BEA204D6B
:10AD100023780302AE3490A53D693E00020BEA2081
:10AD20004D23780302AE3490A535691E00020BEA6C
:10AD3000002E14001C693000020B0A2090A5356912
:10AD40005E00020BEA402E540020691200020B2A1A
:10AD50000012ABA490A541793E00021BEA209F118E
:10AD600090A535695E00020BEA402E540018691266
:10AD700000020B2A009AFF023390A535695E00029B
:10AD80000BEA402E540020691200020B2A0012AB7D
:10AD9000A490A545793E00021BEA2090A541693E9A
:10ADA00000020BEA207E142EE17E0442659AFF0227
:10ADB000377F0190A539693E00020BEA2079110026
:10ADC000021B1A0090A545693E00020BEA207E1482
:10ADD0002EE17E0442659AFF02377F0190A53D690E
:10ADE0003E00020BEA20791100021B1A009F00901E
:10ADF000A53D695E00020BEA40693200020B2A2081
:10AE00009AFEB79B502E90A53D691E00020BEA00EA
:10AE1000693000020B0A206D117E0443B49AFF02D0
:10AE20002F7F0190A53D693E00020BEA20791100B9
:10AE3000021B1A002290AD551BEA00791E000290F9
:10AE4000AD55693E00020BEA204D23780B7E34B7E6
:10AE5000177E2438D102AEF390AD55691E00020B67
:10AE6000EA002E140038693000020B0A20908EE8A8
:10AE7000691E00020BEA009F1090AD59793E000256
:10AE80001BEA2090AD59693E00020BEA204D237861
:10AE90000A7E34B7177E2438D1805890AD59693E68
:10AEA00000020BEA209AFF02537E14B7177E043883
:10AEB000D19AFF023790AD5D793E00021BEA2090E7
:10AEC000AD5D691E00020BEA007E34D70A7E243C89
:10AED000A39AFEB79B50127E34D70A7E243CA390DF
:10AEE000AD5D793E00021BEA2090AD5D693E000237
:10AEF0000BEA20229F1190ADB1793E00021BEA209F
:10AF00007E148EB27E0400016D337E243F009AFFD2
:10AF10006A039F1190ADB1793E00021BEA207E14B6
:10AF20008EAA7E0400016D337E243F009AFF6A03DF
:10AF30009F11908EE4793E00021BEA209F11908EB3
:10AF4000E8793E00021BEA20E4908EBAF09F11904F
:10AF50008F15793E00021BEA209F11908F19793ED0
:10AF600000021BEA209F11908F1D793E00021BEA10
:10AF7000209F11908F21793E00021BEA209F1190A3
:10AF80008F25793E00021BEA209F11908F29793E80
:10AF900000021BEA20E4908F2DF0AA90AD651BEA19
:10AFA00000791E000290AD611BEA20793E000290FC
:10AFB000AD61693E00020BEA2090AD65691E00029A
:10AFC0000BEA009AFF023390AD69793E00021BEA5A
:10AFD000206D117E04433490AD69693E00020BEA96
:10AFE000209AFEB79B282090AD61693E00020BEAD3
:10AFF000206D117E0443B49AFF023390AD61793E17
:10B0000000021BEA2080346D117E04C33490AD69C8
:10B01000693E00020BEA209AFEB79B501E90AD617C
:10B02000693E00020BEA206D117E0443B49AFF02D0
:10B030002F90AD61793E00021BEA2090AD61693E20
:10B0400000020BEA202290B7201BEA20793E000282
:10B050006D117E0443B490B720693E00020BEA20D4
:10B060009AFEB79B402090B720693E00020BEA2071
:10B070006D117E0443B49AFF023390B720793E00ED
:10B08000021BEA2080309F0090B720693E00020B2F
:10B09000EA209AFEB79B501E90B720693E00020B33
:10B0A000EA206D117E0443B49AFF022F90B72079F5
:10B0B0003E00021BEA2090B720693E00020BEA2006
:10B0C0002290A2FB1BEA00791E000290A2FB693EBF
:10B0D00000020BEA204D23780302B4A590A2FB697D
:10B0E0003E00020BEA202E34003C7E1BB0BEB000B6
:10B0F000780302B4A590A2FB691E00020BEA002EA1
:10B10000140030693000020B0A204D23780302B48A
:10B11000A590A2FB693E00020BEA202E34003069A4
:10B120001100020B1A00908EE4693E00020BEA2027
:10B13000BF01780302B4A57E34A3047E24000190ED
:10B14000A53D793E00021BEA2090A2FB691E000289
:10B150000BEA007E34A3007E24000112ACE07E14D2
:10B160008EAA7E04000190A2FB695E00020BEA40F9
:10B170002E54000C693200020B2A209AFF6ABC9000
:10B18000A30C793E00021BEA207E148EB27E0400DE
:10B190000190A2FB695E00020BEA402E5400146984
:10B1A0003200020B2A209AFF6ABC90A310793E005D
:10B1B000021BEA20908EBAE0BEB000680302B2958E
:10B1C0007E34126F7E243A8390A58D793E00021B57
:10B1D000EA207E349BA67E243B4490A591793E00D4
:10B1E000021BEA207E34C28F7E243CF590A595791F
:10B1F0003E00021BEA207E148EEC7E04000190A328
:10B2000000693E00020BEA209AFEC7EE7E34126F00
:10B210007E243A8390A58D793E00021BEA207E347D
:10B220009BA67E243B4490A591793E00021BEA2018
:10B230007E34CCCD7E243D4C90A595793E00021BFA
:10B24000EA207E148EBB7E04000190A304693E00B8
:10B25000020BEA209AFEC7EE90A300693E00020BA3
:10B26000EA20908F15793E00021BEA2090A3046922
:10B270003E00020BEA20908F19793E00021BEA2063
:10B280009F11908F1D793E00021BEA207401908E61
:10B29000BAF002B3FC90A2FB691E00020BEA001296
:10B2A000AE3590A308793E00021BEA2090A30C69FA
:10B2B0003E00020BEA20909D8D793E00021BEA20A1
:10B2C00090A308693E00020BEA20909D91793E0010
:10B2D000021BEA207E148EEC7E04000190A300691C
:10B2E0003E00020BEA209AFECA03908F15793E00B9
:10B2F000021BEA2090A304693E00020BEA20908E14
:10B30000BB691E00020BEA0012AF9B90A304793EBA
:10B3100000021BEA2090A30C693E00020BEA209079
:10B320009D8D793E00021BEA2090A308693E000231
:10B330000BEA20909D91793E00021BEA207E148E3C
:10B34000BB7E04000190A304693E00020BEA209A30
:10B35000FECA0312B046908F19793E00021BEA2004
:10B3600090A310693E00020BEA2090A308691E001A
:10B37000020BEA009AFF02377F01908F1D693E00A1
:10B38000020BEA209AFF022F908F1D793E00021BCC
:10B39000EA20908F1D691E00020BEA006D337E24A7
:10B3A00043349AFEB79B5020908F1D693E00020BDC
:10B3B000EA206D117E0443B49AFF0233908F1D7909
:10B3C0003E00021BEA208034908F1D691E00020B94
:10B3D000EA006D337E24C3349AFEB79B281E908FFB
:10B3E0001D693E00020BEA206D117E0443B49AFFF2
:10B3F000022F908F1D793E00021BEA2090A2FB696C
:10B400001E00020BEA002E140030693000020B0A05
:10B4100020908EE4793E00021BEA2090A2FB691E78
:10B4200000020BEA002E140038693000020B0A20DB
:10B43000908EE8793E00021BEA20A2AFE43390A28E
:10B44000FFF0C3C2AF90A310693E00020BEA209048
:10B450008F21793E00021BEA2090A2FB691E0002A8
:10B460000BEA002E140030693000020B0A20908F86
:10B4700025793E00021BEA2090A2FB691E00020B08
:10B48000EA002E140038693000020B0A20908F2940
:10B49000793E00021BEA207401908F2DF090A2FFEC
:10B4A000E024FF92AFAA7E14977F7E0400019AFEEB
:10B4B000C79BBEB000680C7E14977F7E0400019A83
:10B4C000FEB0C1AA90B5951BEA00791E000290B5A6
:10B4D00095693E00020BEA204D23780302B5BBA21A
:10B4E000AFE43390B599F0C3C2AF908F15691E00D9
:10B4F000020BEA0090B595693E00020BEA20791133
:10B5000000021B1A00908F19691E00020BEA0090BE
:10B51000B595693E00020BEA200B36791100021B3B
:10B520001A00908F1D691E00020BEA0090B5956904
:10B530003E00020BEA202E340008791100021B1A8B
:10B5400000908F21691E00020BEA0090B595693EBC
:10B5500000020BEA202E34000C791100021B1A00A5
:10B56000908F25691E00020BEA0090B595693E0098
:10B57000020BEA202E340010791100021B1A0090F1
:10B580008F29691E00020BEA0090B595693E000202
:10B590000BEA202E340014791100021B1A00908F40
:10B5A0002DE090B595693E00020BEA202E3400187C
:10B5B0007A1BB090B599E024FF92AFAA02B8F36E5F
:10B5C00000807CB1337CB033680D0468EF7CB53308
:10B5D0007CB43378037F10AA0468E17D5092F77D34
:10B5E000457D51BF2140067C807F017F1212B8B695
:10B5F0007EA1D05CB004780320D5C17CB00478076C
:10B600005002B2D502B8FB92D5BE80FF68F67CB876
:10B610009CB06C00602AB418057C4102B8CF50FB86
:10B6200080032F00047C9B5E900778F630E4067C54
:10B63000437D106D0030E3087C437C327C210A009E
:10B6400030F5199F10780EAA02B8F81B8068F92F00
:10B650001150020B707CB530E7F1801B2D317CB5A9
:10B66000A5397C5B50110B80780302B8FB1E3413A4
:10B6700050034E60801A2B02B8CF5D22680D5D002A
:10B6800078122D220B4068099F11AA2D000B00781B
:10B69000F902B8F312B8B65C800B806808248150B8
:10B6A000072CB0500A02B8FB2CB0400302B8F87C5B
:10B6B0008B5D1178267CB17CA5BE1080680A5D3355
:10B6C000780DA5BD80057F1002B8E56D0080307F44
:10B6D000017C5B7CB17CA5AD1280245D337806A52E
:10B6E000BD80F080E1CA887D41AD437CB17CA5ADD1
:10B6F000122D1450020B047C5BAD232F01DA88A4B9
:10B700002D05BE008040060B80780480982F007CB9
:10B71000437C507C617C7202B8CFBE24FFFF680678
:10B72000BE04FFFF780302B8F312B8B65CB0046839
:10B73000F57CB8A54868EF7CB870039F11AAA5B83E
:10B74000000302B8FB2E008150079C80380702B826
:10B75000F89C8050ED0A51C2E74D51780302B8E5DC
:10B760007E5400807E901A6C0080061B9068142F17
:10B7700011BF1040049F104CAB0330E7EECAA86C19
:10B78000AA80E8DA39DA587C4ABE5080500A1B8019
:10B7900068BC2F1150020B7002B8CF74F86CAA6EFF
:10B7A00040806E0080BEB0FF68277C837C975C3B46
:10B7B0005C7BBF10682AF4400D7C382D15F45C3B8F
:10B7C000500F0B04800B7C792D35F45C7B50020B01
:10B7D00024BF10680B7CB020E7067CB420E701B3DF
:10B7E000AA5D226809BE24FFFF68036E4080AA7E1E
:10B7F000A020800C7EA01080057EA0086C556D33C3
:10B800003392D5500A6E34FFFF6E24FFFF0B1CA548
:10B81000EC3340062F11D5F0F6AA7CBA247EA2D5CF
:10B82000137C767C65A5CC92E77C5BAA7CB5337CE7
:10B83000B43392D54E5080248140039F11AA7C4599
:10B840007C567C676C7724E0500E7E1CFFFFAA1E9E
:10B85000341E2450034E60800478F430D50A6E34D0
:10B86000FFFF6E24FFFF0B1CAA7F507EC400017EE9
:10B87000D49DD57E94B87A02B9344001AA7CEACA34
:10B8800089CA5BCA6B9AFF68FEDA6BDA5BDA897E7B
:10B8900094B87A7CAE227F707F517EC400017ED442
:10B8A0009DFD7E94B8A902B9344005E47A7BB0AA24
:10B8B0007A7BB00B7C222D0092D50E104E10807D2D
:10B8C000422D445002B2D54E50806C447CB8222C9C
:10B8D0004450120B1C7E40005E507FBE1800007862
:10B8E000040B806816A2D57CB8137C4B7CB592E71C
:10B8F0007C5BAA7E1CFFFFAA9F11AA7E24FF8020EA
:10B90000D5026C456D33AA540F2490D43440D43002
:10B91000F30CBEB0414007BEB05B500224204CCCBB
:10B9200068021BC00B84D389944CCC680B74201222
:10B93000B91E80F5CA3B6D889F337CAE7E5BB00B31
:10B940005C7007C37D38DA3B8994B42569C2F37E05
:10B950005BB00B5CA5F824D0BEB00A501B7E500A29
:10B9600020F60DAC5CA52D7CCB70034EF00180DD84
:10B97000AC5DA52D7CDB80D524CFBEB01AA5E850E8
:10B98000055E00DFD2F390BD09A3E4936011BCB063
:10B9900078F77417934CAB30F6B34EF08080AEA3BB
:10B9A000E4936010BCB078F77416937C3B742393D7
:10B9B0007C2B89147CB08013742012B91E20F205F0
:10B9C000BEC00250F31B6D29B6000112B91E02B9A8
:10B9D000291B6E691600020B6A00BE080000780879
:10B9E0007E0400FF7E14000720F21E4CCC681A7FF4
:10B9F00010E47E1B804C8868070B1C04BCBD78F2E9
:10BA0000C2F6CA0B12BB08DA0B7E0BB060C0CA0BC1
:10BA100012B91EDA0B0B0C4CDD68EE1BD078EA80F5
:10BA2000ADD2F07E101080037E10085EB05F800AF9
:10BA3000D2F67E100A80057E100AC2F66D119F11A3
:10BA40007E00201B6C7E6B7030F6021A3720F105E9
:10BA50001B6C7E6B6030F6041A261A2430F0051B2E
:10BA60006D0B6A20A5EC3382F692F6500A7CEA9FB1
:10BA7000229F217F127CAE4C44780F7C457C567C03
:10BA8000676C772E00F878EF80122F117CB3337C2F
:10BA90003B9CB140047C3B0B70A5D8EE7CB230E0FF
:10BAA00005DAB8C44C3BCA380B207E00207E30003B
:10BAB000BE18000078C1BE1008780730F404C2F444
:10BAC00080B5CA287CB2BCBD38027CBD12BB08DA86
:10BAD00028BC2D500A1BD0E4CA2812B90780F07C7C
:10BAE000B213DAB84004C4CAB8C4CA28BEF0804051
:10BAF000095CDD7805A5DA0260065EF07F12B90701
:10BB0000DA28A5DADA02B929BEF001680F30F402AA
:10BB1000240220F50620F70330F6010420F229BCA8
:10BB2000BC5025CAB87CBF13B0E6742050117430E5
:10BB30007C8A5E80F0680812BB485EA00F8003120A
:10BB4000B91EDAB8BCBC78DB30F40F743012B91E01
:10BB5000745830F302747812B91E30F605742D0251
:10BB6000B91E742B20F5F8742020F7F3221B6C7E8D
:10BB70006BB010F1021B6C20F60B30E704F404D21A
:10BB8000F27CCB800520E7057CDB02B94D5EF07FBF
:10BB900080F81B6E691600020B6A0030F0076D22F8
:10BBA0001B0A200B0D1B0A8002B938E46C22BE3040
:10BBB00007500B7F1F2D312E34FFF77E39B0227CCA
:10BBC000BF20E7A8742E4EF08002B91E12BCF240CE
:10BBD0003D7CBD7003047CDB12BE0B7C3D4C3368A6
:10BBE000101B307CBE20E40912BBAB70044C3378D0
:10BBF000F07CBD7CD3BEA0FD481CBCAB5818E49CB7
:10BC0000BA2CB31801E47CDB02BC9312BCF2406E88
:10BC10007CBD0412BE0B7AFBA07CAE7CBDA2F4926C
:10BC2000F0C2F44002600104240512BB087E30FF1C
:10BC30000B3012BBABCA3812B90720F0044CDD68D8
:10BC40000312BBBFDA38BC3D78E6740E12B9077434
:10BC50002B7EFBA030F707742D6EA0FF0BA07AFBA4
:10BC6000A012B91E7EA00A7EFBB0847AFBA012B996
:10BC7000077EFBB012B9079EF8000802B929D2F27C
:10BC80007ED00002B9E812BCF240F37CBA2CBD04AD
:10BC900012BE0B7AFBA07CBA7CAE30E701E4042034
:10BCA000F4044CDD6805D2F0C2F4042CBD12BB08CC
:10BCB0006C337EFBB0601B20E712147AFBB012BB22
:10BCC000ABCA3812B907DA380B3080E6047AFBB019
:10BCD0001B3012BBABCA3812B9074CDD680712BB68
:10BCE000BF1BD080E19EF8000930F00312BBBF02F9
:10BCF000B9297CEA7CAF10F7037ED0067CFA1B6E74
:10BD0000693600020B6A2002BD512D2B204C42489F
:10BD1000232E0053584F44494355502A4E46454719
:10BD2000000420800102001040D123283030BD37AC
:10BD3000216D92860BCCB9BABABABAB9BABABBBB42
:10BD4000BCBCBB4E614E002B494E46002D494E46B1
:10BD5000007D522D557CBE92E67CEB7CBA601F04C0
:10BD600070287CB5C2E77E0400FE60067E14BD43E9
:10BD7000D3227E14BD4C40047E14BD47D322DA0981
:10BD80009F22CA2BCA2BC3CA09220A0A7E144D104D
:10BD9000AD109E083AF09E10267CB5C2E77EA056F4
:10BDA0007C9BA46E54FFFF2E54C511ACA92D15E445
:10BDB000A539CAB8CA1B20E70B12BE7EDA1B9AFE51
:10BDC000B71A800BF40412BE7EDA1B9AFEB67ADA3A
:10BDD000A87CB5337CB4334E50806C4424822F1140
:10BDE0001478FBDA497407BE400A40099E400ACA2B
:10BDF0000201140BA0CA486C442F117F012F112F90
:10BE0000112F101478EFCA48CA49227F0F20E73A51
:10BE1000BEB007400274070A0B2D109E1400097E65
:10BE200019B02EB0FB501F4C116817E47A19B01BE3
:10BE3000147E19B0047A19B0B40A0BE47A19B0A5CB
:10BE4000D9ED0BA074017A19B0225EE0BF223F80C9
:10BE500000004120000042C80000447A0000461C57
:10BE6000400047C35000497424004B1896804CBED4
:10BE7000BC205A0E1BCA6753C21C749DC5AE7C7B86
:10BE8000600654076817232312BEA47CB754386891
:10BE90000B7F1012BEA19AFEB67A7F01227CB754A6
:10BEA0003803241C6CAA2E54BE4E7E4400FE0B2A7E
:10BEB0000069120002227D51AD037D027D21AD0596
:10BEC0002D12AD352D21AA7D02AD31AD102D21AA47
:10BED0006CAABE08000068201E540B5450167E1B2E
:10BEE000807A0B800B1C0B0C800A0B1A401B0A403B
:10BEF0000B1D0B0D1B5478F2AA9AFF76EC90B6EC52
:10BF0000793E00021BEA209092A20BEA301B3468B3
:10BF1000300B34783F9092EF691E00020BEA0090DC
:10BF2000B6EC693E00020BEA209F10BE184E20407E
:10BF3000239AFEC6027E3400019092A21BEA308052
:10BF4000139AFEC622BEB000680A7E3400029092A8
:10BF5000A21BEA302290B8481BEA309F119092F958
:10BF6000793E00021BEA206D339092F31BEA309079
:10BF7000B8480BEA309092ED1BEA302290B6F01BE5
:10BF8000EA00791E000290B6F0693E00020BEA203A
:10BF90004D23780302C09E9092ED0BEA207E340080
:10BFA00001BD2378779092F9693E00020BEA209058
:10BFB000B6F0695E00020BEA402E540014691200CC
:10BFC000020B2A009AFF022F9092F9793E00021B81
:10BFD000EA209092F30BEA207E3400012D321BEA16
:10BFE000309092F30BEA207E3400C8BD3228030261
:10BFF000C09E9092F9693E00020BEA207E14D70A97
:10C000007E043BA39AFF02379092A8793E00021B60
:10C01000EA207E34000212BF5502C09E9092ED0BC2
:10C02000EA207E340002BD2378749092F9693E00C4
:10C03000020BEA2090B6F0695E00020BEA402E5433
:10C04000000C691200020B2A009AFF022F9092F94D
:10C05000793E00021BEA209092F30BEA207E340026
:10C06000012D321BEA309092F30BEA207E3400C897
:10C07000BD32382A9092F9693E00020BEA207E1404
:10C08000D70A7E043BA39AFF02379092A4793E0020
:10C09000021BEA207E3400039092ED1BEA302290CE
:10C0A000B24B1BEA20793E000290B2471BEA0079AE
:10C0B0001E000290B247693E00020BEA204D237831
:10C0C0000302C41B90B24B693E00020BEA204D23D1
:10C0D000780302C41B90B24B693E00020BEA200BAE
:10C0E0001A1090B247693E00020BEA201B1A10900A
:10C0F000B24B693E00020BEA200B350B1A1090B2CE
:10C1000047693E00020BEA200B351B1A1090B24B18
:10C11000693E00020BEA200B360B1A1090B24769F9
:10C120003E00020BEA200B361B1A1090B24B693E00
:10C1300000020BEA202E3400060B1A1090B2476959
:10C140003E00020BEA202E3400061B1A1090B24B60
:10C15000693E00020BEA202E3400080B1A1090B240
:10C1600047693E00020BEA202E3400081B1A10908B
:10C17000B24B693E00020BEA202E34000A0B1A1063
:10C1800090B247693E00020BEA202E34000A1B1AC7
:10C190001090B24B693E00020BEA200B1A301A26AF
:10C1A0001A249AFF02539092F5691E00020BEA00CE
:10C1B0009AFF02377F0190B247693E00020BEA20E6
:10C1C0002E34000C791100021B1A0090B24B693E0C
:10C1D00000020BEA200B350B1A301A261A249AFF9C
:10C1E00002539092F5691E00020BEA009AFF023793
:10C1F0007F0190B247693E00020BEA202E34001006
:10C20000791100021B1A0090B24B693E00020BEA42
:10C21000200B360B1A301A261A249AFF02539092DA
:10C22000F5691E00020BEA009AFF02377F0190B207
:10C2300047693E00020BEA202E34001479110002F7
:10C240001B1A0090B24B693E00020BEA202E34000C
:10C25000060B1A301A261A249AFF02539092E969A3
:10C260001E00020BEA009AFF02377F0190B2476975
:10C270003E00020BEA202E340018791100021B1A2E
:10C280000090B24B693E00020BEA202E3400080BEE
:10C290001A301A261A249AFF02539092E9691E0056
:10C2A000020BEA009AFF02377F0190B247693E0015
:10C2B000020BEA202E34001C791100021B1A009098
:10C2C000B24B693E00020BEA202E34000A0B1A30F2
:10C2D0001A261A249AFF02539092E9691E00020B53
:10C2E000EA009AFF02377F0190B247693E00020BD5
:10C2F000EA202E340020791100021B1A0090B24B64
:10C30000693E00020BEA202E34000C691100020B7A
:10C310001A0090B247693E00020BEA202E34002436
:10C32000791100021B1A0090B24B693E00020BEA21
:10C33000202E340010691100020B1A0090B24769D8
:10C340003E00020BEA202E340028791100021B1A4D
:10C350000090B24B693E00020BEA202E34001469B3
:10C360001100020B1A0090B247693E00020BEA204E
:10C370002E34002C791100021B1A0090B24B693E3A
:10C3800000020BEA202E340018691100020B1A007B
:10C3900090B247693E00020BEA202E34003079113A
:10C3A00000021B1A0090B24B693E00020BEA202EDD
:10C3B00034001C691100020B1A0090B247693E005C
:10C3C000020BEA202E340034791100021B1A00906F
:10C3D000B24B693E00020BEA202E340020691100A6
:10C3E000020B1A0090B247693E00020BEA202E347D
:10C3F0000038791100021B1A0090B24B693E00020E
:10C400000BEA202E3400247E1B3090B247693E0098
:10C41000020BEA202E34003C7A1B302290B5681BB8
:10C42000EA00791E000290B568693E00020BEA201E
:10C430004D23682BA2AFE43390B56CF0C3C2AF902C
:10C44000B568693E00020BEA207E1492AC7E0400BF
:10C4500001743D9AFEBED090B56CE024FF92AF22ED
:10C46000E49092E8F09F119092DC793E00021BEA82
:10C47000209F119092FD793E00021BEA209F1190AF
:10C4800092A4793E00021BEA209F119092A8793E67
:10C4900000021BEA209F119092E9793E00021BEAFC
:10C4A000209F119092F5793E00021BEA209AFE40EF
:10C4B000359AFE4433BEB00068609099C0691E0092
:10C4C000020BEA009F119AFEB79B504E9099C469E7
:10C4D0001E00020BEA009F119AFEB79B503C6D3381
:10C4E0007E243F809099C0691E00020BEA009AFFEB
:10C4F000023B9092E9793E00021BEA206D337E24D4
:10C500003F809099C4691E00020BEA009AFF023B2B
:10C510009092F5793E00021BEA206D339092A21BA7
:10C52000EA309AFF76EC9092EF793E00021BEA2007
:10C530007E14C3F97E0400FF9AFEB8697E14C3F925
:10C540007E0400FF9AFE9469AA9AFE421412BEF974
:10C55000AA7E14917F7E0400019AFE425BBEB00069
:10C56000780302C6019092FD691E00020BEA00905A
:10C570009197693E00020BEA20BF10780302C601C2
:10C580007E1491A47E0400017E34917F7E240001FC
:10C5900012C09F7E1491A47E04000112BF7C909172
:10C5A000B0693E00020BEA209092A4691E00020BC3
:10C5B000EA009AFF02339091B0793E00021BEA2014
:10C5C0009091B8693E00020BEA209092A8691E0083
:10C5D000020BEA009AFF02339091B8793E00021BE9
:10C5E000EA207E1491A47E04000112C41C9091974D
:10C5F000693E00020BEA209092FD793E00021BEAA0
:10C6000020AA9F119092A4793E00021BEA209F115C
:10C610009092A8793E00021BEA207E34000112BFEE
:10C6200055AA9092ED0BEA207E340003BD237804D6
:10C6300074018001E4AA9092ED0BEA207E3400019F
:10C64000BD23680E9092ED0BEA207E340002BD23DC
:10C65000780474018001E4AA9F119092A8793E00A9
:10C66000021BEA207E34000112BF55AA9F1190924E
:10C67000A4793E00021BEA207E34000212BF55AAB4
:10C680009096011BEA00791E0002909601693E0017
:10C69000020BEA204D23780302C77A7E1496057EAA
:10C6A0000400019AFEC79BBEB00078589F00909688
:10C6B00001693E00020BEA20791100021B1A009F5B
:10C6C00000909601693E00020BEA200B36791100BA
:10C6D000021B1A009F00909601693E00020BEA209F
:10C6E0002E340008791100021B1A009F0090960159
:10C6F000693E00020BEA202E34000C791100021B67
:10C700001A008076909611691E00020BEA0090963E
:10C7100001693E00020BEA20791100021B1A009009
:10C720009615691E00020BEA00909601693E000210
:10C730000BEA200B36791100021B1A00909619693A
:10C740001E00020BEA00909601693E00020BEA20EF
:10C750002E340008791100021B1A00909635691ECC
:10C7600000020BEA00909601693E00020BEA202EBF
:10C7700034000C791100021B1A00AA7E1497427E25
:10C780000400019AFEC79BBEB00078049F11800A86
:10C79000909756693E00020BEA20AA90B4811BEAEA
:10C7A00000791E000290B481693E00020BEA204D20
:10C7B000237803E48037A2AFE43390B486F0C3C299
:10C7C000AF7E3492AC90B481691E00020BEA007E09
:10C7D000240001743D9AFEBED09092E8E090B485AA
:10C7E000F090B486E024FF92AF90B485E0AA90A5C3
:10C7F000891BEA20793E000290A5851BEA00791E7C
:10C80000000290A585693E00020BEA204D237803C3
:10C8100002C92690A589691E00020BEA0090A58531
:10C82000693E00020BEA20791100021B1A009F00EA
:10C8300090A585693E00020BEA200B3679110002B3
:10C840001B1A009F0090A585693E00020BEA202E6E
:10C85000340008791100021B1A009F0090A5856919
:10C860003E00020BEA202E34000C791100021B1A44
:10C87000009F0090A585693E00020BEA202E34003F
:10C8800010791100021B1A009F0090A585693E00D7
:10C89000020BEA202E340014791100021B1A009FAB
:10C8A0000090A585693E00020BEA202E340018791D
:10C8B0001100021B1A0090A58D691E00020BEA00F0
:10C8C00090A585693E00020BEA202E34001C7911E8
:10C8D00000021B1A0090A591691E00020BEA00904D
:10C8E000A585693E00020BEA202E34002079110054
:10C8F000021B1A0090A595691E00020BEA0090A584
:10C9000085693E00020BEA202E34002479110002D2
:10C910001B1A00740190A585693E00020BEA202EC7
:10C920003400287A1BB0AA90B2BB1BEA20793E00E3
:10C930000290B2B71BEA00791E000290B2B7693EBE
:10C9400000020BEA204D23780302CA0290B2BB69B1
:10C950001E00020BEA0090B2B7693E00020BEA200B
:10C96000791100021B1A009F0090B2B7693E0002C5
:10C970000BEA200B36791100021B1A009F0090B2BF
:10C98000B7693E00020BEA202E340008791100023C
:10C990001B1A009F0090B2B7693E00020BEA202EDE
:10C9A00034000C791100021B1A009F0090B2B76985
:10C9B0003E00020BEA202E340010791100021B1AEF
:10C9C000009F0090B2B7693E00020BEA202E3400AF
:10C9D00014791100021B1A009F0090B2B7693E0043
:10C9E000020BEA202E340018791100021B1A007481
:10C9F0000190B2B7693E00020BEA202E3400287A7B
:10CA00001BB0AA909D891BEA20793E0002909D856B
:10CA10001BEA00791E0002909D85693E00020BEA28
:10CA2000204D2378059F1102D010909D85693E000E
:10CA3000020BEA202E3400287E1BB0BEB000680333
:10CA400002CACC909D85691E00020BEA002E1400DC
:10CA50001C693000020B0A2090A58D793E00021B54
:10CA6000EA20909D85691E00020BEA002E1400202A
:10CA7000693000020B0A2090A591793E00021BEA62
:10CA800020909D85691E00020BEA002E1400246987
:10CA90003000020B0A2090A595793E00021BEA2087
:10CAA000909D85691E00020BEA00909D89693E00F9
:10CAB000020BEA209AFEC7EE909D85691E00020BCC
:10CAC000EA00693000020B0A2002D0109F00909DFE
:10CAD00091693E00020BEA209AFEB79B38127E3421
:10CAE000B7177E2438D1909D91793E00021BEA2031
:10CAF000909D8D693E00020BEA20909D85695E0045
:10CB0000020BEA400B56691200020B2A009AFF0240
:10CB1000337F01909D85693E00020BEA202E340090
:10CB200008791100021B1A00909D91693E00020BCA
:10CB3000EA20909D85695E00020BEA402E540008B1
:10CB4000691200020B2A009AFF02377F01909D852F
:10CB5000695E00020BEA40693200020B2A209AFF4C
:10CB6000022F7F01909D85693E00020BEA2079111A
:10CB700000021B1A00909D91693E00020BEA209072
:10CB80009D85695E00020BEA402E54001869120070
:10CB9000020B2A009AFF0237909D85695E00020B06
:10CBA000EA402E540010691200020B2A009AFF027C
:10CBB00033CA1B9F11909D85693E00020BEA202E0F
:10CBC000340014691100020B1A009AFF0233909D81
:10CBD00085693E00020BEA202E34001C6911000218
:10CBE0000B1A009AFF022F7F01DA1B9AFF022F7F98
:10CBF00001909D91693E00020BEA209AFF02377F67
:10CC000001909D85695E00020BEA402E54000C697C
:10CC10003200020B2A209AFF022F7F01909D856926
:10CC20003E00020BEA202E34000C791100021B1A80
:10CC300000909D91693E00020BEA20909D85695EFF
:10CC400000020BEA402E540018691200020B2A0061
:10CC50009AFF02377F01909D85695E00020BEA40D2
:10CC60002E540010693200020B2A209AFF02337FF3
:10CC700001909D85693E00020BEA202E3400107958
:10CC80001100021B1A00909D91693E00020BEA20E0
:10CC9000909D85695E00020BEA402E5400186912CF
:10CCA00000020B2A009AFF02377F01909D85695E82
:10CCB00000020BEA402E540014693200020B2A20B5
:10CCC0009AFF02337F01909D85693E00020BEA20A6
:10CCD0002E340014791100021B1A00909D85691EE4
:10CCE00000020BEA002E140020693000020B0A201B
:10CCF000909D91691E00020BEA009AFF02377F01A6
:10CD0000909D85695E00020BEA402E54001869323E
:10CD100000020B2A209AFF022F7F01909D85693E19
:10CD200000020BEA202E340018791100021B1A00B1
:10CD3000909D85691E00020BEA002E14000C6930DC
:10CD400000020B0A20909D85695E00020BEA402ECE
:10CD5000540024691200020B2A009AFF022F909DB2
:10CD60009D793E00021BEA209F00909D9D693E0038
:10CD7000020BEA209AFEB79B3814909D85691E002D
:10CD8000020BEA00693000020B0A2002D010909DCD
:10CD900085691E00020BEA002E14000C69300002A7
:10CDA0000B0A20909D9D691E00020BEA009AFF026B
:10CDB0003B909DA1793E00021BEA20909D85691E53
:10CDC00000020BEA002E140014693000020B0A2046
:10CDD000909D9D691E00020BEA009AFF023B909D08
:10CDE000A5793E00021BEA20909D89693E00020B56
:10CDF000EA20909D85695E00020BEA4069120002FC
:10CE00000B2A009AFF0233909DA9793E00021BEA8B
:10CE100020909DA1693E00020BEA20909DA9691E09
:10CE200000020BEA009AFF02377F01909D85695E40
:10CE300000020BEA40693200020B2A209AFF022FFF
:10CE40007F01909D85693E00020BEA207911000266
:10CE50001B1A00909DA5693E00020BEA20909DA937
:10CE6000691E00020BEA009AFF02377F01909D8540
:10CE7000695E00020BEA400B56693200020B2A2061
:10CE80009AFF022F7F01909D85693E00020BEA20E8
:10CE90000B36791100021B1A00909D85691E000255
:10CEA0000BEA002E14000C693000020B0A20909D42
:10CEB00095793E00021BEA20909D85691E00020BB9
:10CEC000EA002E140010693000020B0A20909D9990
:10CED000793E00021BEA20909DA1693E00020BEA08
:10CEE00020909D95691E00020BEA009AFF02377F91
:10CEF00001909D85695E00020BEA402E54000C698A
:10CF00003200020B2A209AFF02337F01909D85692F
:10CF10003E00020BEA202E34000C791100021B1A8D
:10CF200000909DA1693E00020BEA20909D99691E28
:10CF300000020BEA009AFF02377F01909D85695E2F
:10CF400000020BEA402E540010693200020B2A2026
:10CF50009AFF02337F01909D85693E00020BEA2013
:10CF60002E340010791100021B1A00909DA5693E15
:10CF700000020BEA20909D95691E00020BEA009AC0
:10CF8000FF02377F01909D85695E00020BEA402E0B
:10CF9000540014693200020B2A209AFF02337F01E9
:10CFA000909D85693E00020BEA202E340014791111
:10CFB00000021B1A00909DA5693E00020BEA20901A
:10CFC0009D99691E00020BEA009AFF02377F0190CB
:10CFD0009D85695E00020BEA402E540018693200FC
:10CFE000020B2A209AFF02337F01909D85693E0043
:10CFF000020BEA202E340018791100021B1A00904F
:10D000009D85691E00020BEA00693000020B0A20B0
:10D01000AA90B7401BEA00791E000290B740693E13
:10D0200000020BEA204D2378049F11801190B74035
:10D03000691E00020BEA00693000020B0A20AA9068
:10D04000B81D7AEB7090B81CF0C3C2B47E340002F5
:10D0500090B81CE090B81D7EEB509AFC97D5D3D2C7
:10D06000B42290B81EF0E490B81FF0C3C2B47E346E
:10D07000000290B81E7EEBA074804CBA9AFC9AA66F
:10D0800090B81FF0D3D2B490B81FE02290B0B11B7B
:10D09000EA20793E000290B0AD1BEA00791E000242
:10D0A00090B0ACF0C3C2B490B0B1693E00020BEADC
:10D0B0002090AE73793E00021BEA207E340002907D
:10D0C000B0AC7EEBA074804CBA90B0AD691E00028B
:10D0D0000BEA009AFC9ACAD3D2B42290B4537AEBEA
:10D0E0006090B4527AEB7090B451F0E490B454F084
:10D0F0006D3390B4551BEA3090B451E03EB0F074FB
:10D10000176C7712D03F741590B4517EEB7012D02B
:10D110003F741690B4527EEB7012D03F742190B4DD
:10D12000537EEB7012D03F74147E704C12D03F804F
:10D130003790B4550BEA207E3400012D321BEA30C3
:10D140007E3400FFBD325008740190B454F080204A
:10D150007E1403E890B5CC693E00020BEA209AFCED
:10D16000FFEB2F119AFF73B7742212D06230E7C120
:10D1700090B454E02290B6997AEB7090B698F06D26
:10D180003390B69A1BEA3090B698E03EB0F0741532
:10D1900090B6987EEB707E60014C7612D03F74168C
:10D1A00090B6997EEB7012D03F74177E700112D04A
:10D1B0003F74147E704C12D03F802F90B69A0BEAC9
:10D1C000207E3400012D321BEA307E3400FFBD3258
:10D1D00040207E1403E890B5CC693E00020BEA20A3
:10D1E0009AFCFFEB2F119AFF73B7742212D06230B2
:10D1F000E0C9740212D0622290B8217AEB7090B824
:10D2000020F090B820E03EB0F0741590B8207EEB8E
:10D21000707E60014C7612D03F741690B8217EEB80
:10D220007012D03F74177E700612D03F74147E7057
:10D230006C12D03F22E490B69CF0E490B69DF06D65
:10D240003390B69E1BEA30805E90B69E0BEA207E3D
:10D250003400012D321BEA307E3400FFBD3250080D
:10D26000740190B69CF08048740F12D06290B69D05
:10D27000F090B69DE00A3B909DD31BEA307E14B837
:10D28000C27E0400FF9AFEB8697E1403E890B5CC14
:10D29000693E00020BEA209AFCFFEB7E14000A9A1A
:10D2A000FEBEC79AFF73B790B69DE0BEB06B78998B
:10D2B00090B69CE022E490B6A0F0E490B6A1F06DA8
:10D2C0003390B6A21BEA30804990B6A20BEA207ECA
:10D2D0003400012D321BEA307E3400FFBD3250088D
:10D2E000740190B6A0F08033740D7E700D12D1756C
:10D2F00090B6A1F07E1403E890B5CC693E00020B15
:10D30000EA209AFCFFEB7E14000A9AFEBEC79AFF41
:10D3100073B790B6A1E0BEB0FF78AE90B6A0E022A1
:10D3200074287E14B4577E0400017E18000612D0C3
:10D330008C90B458E00A2B7C456C5590B457E00AA9
:10D340003B4D3290A15D1BEA3090B45AE00A2B7C31
:10D35000456C5590B459E00A3B4D3290A15F1BEAF1
:10D360003090B45CE00A2B7C456C5590B45BE00ACD
:10D370003B4D3290A1611BEA30AA74227E14B45D49
:10D380007E0400017E18000612D08C90B45EE00A84
:10D390002B7C456C5590B45DE00A3B4D3290A16901
:10D3A0001BEA3090B460E00A2B7C456C5590B45F6A
:10D3B000E00A3B4D3290A16B1BEA3090B462E00A68
:10D3C0002B7C456C5590B461E00A3B4D3290A16DC9
:10D3D0001BEA30AA74017E704012D03F742212D032
:10D3E0006290B355F090B355E030E05974027E146A
:10D3F000B3567E0400017E18000612D08C90B357FD
:10D40000E00A2B7C456C5590B356E00A3B4D3290B8
:10D41000A1631BEA3090B359E00A2B7C456C559010
:10D42000B358E00A3B4D3290A1651BEA3090B35BE4
:10D43000E00A2B7C456C5590B35AE00A3B4D329084
:10D44000A1671BEA3074016C7712D03FAAE490B850
:10D450006DF07E1403E890B5CC693E00020BEA2023
:10D460009AFCFFEB7E14000A9AFEBEC79AFF73B7C0
:10D470007E34229790A5151BEA307E34229590A524
:10D48000171BEA307E34229690A5191BEA307E34B1
:10D49000FFFF90A51B1BEA307E3400026D227E1434
:10D4A00096807E0400989AFC9E317E3400447E244F
:10D4B000000174017E1400109AFDC56474016C773C
:10D4C00012D03F74127E700112D03F7E1403E89098
:10D4D000B5CC693E00020BEA209AFCFFEB2F119AB3
:10D4E000FF73B774016C7712D03F12D235BEB00013
:10D4F00068157E14B89A7E0400FF9AFEB86974011C
:10D5000090B86DF002D819740D7E700312D03F7E72
:10D510003400022E34000068221B34683A1B346841
:10D52000521B34686A80007E14B8717E0400FF9A32
:10D53000FEB869740190B86DF0806E74107E703022
:10D5400012D03F7E3412007E24468090A16F793E37
:10D5500000021BEA20805274107E703812D03F7E89
:10D560003414007E24460090A16F793E00021BEA2D
:10D5700020803674107E703C12D03F7E3410007EC6
:10D5800024458090A16F793E00021BEA20801A7426
:10D59000107E703412D03F7E3410007E24450090FF
:10D5A000A16F793E00021BEA2090B86DE0BEB00189
:10D5B000780302D8197E3400042E34000068311B31
:10D5C00034684A1B3468621B34687A1B347803025F
:10D5D000D6611B34780302D67D80007E14B8477E66
:10D5E0000400FF9AFEB869740190B86DF002D697F6
:10D5F00074117E705212D03F7E34999A7E24436417
:10D6000090A173793E00021BEA2002D69774117E26
:10D61000705012D03F7E34999A7E2442E490A173D8
:10D62000793E00021BEA20806E74117E705412D085
:10D630003F7E3466667E24426490A173793E000288
:10D640001BEA20805274117E705812D03F7E34CC79
:10D65000CD7E2441E490A173793E00021BEA208034
:10D660003674117E705C12D03F7E34CCCD7E244166
:10D670006490A173793E00021BEA20801A74117E27
:10D68000705112D03F7E3433337E2440E390A17337
:10D69000793E00021BEA2090B86DE0BEB00178032D
:10D6A00002D81974127E704412D03F74137E700237
:10D6B00012D03F74146C7712D03F74156C7712D06F
:10D6C0003F74166C7712D03F74187E700112D03FF1
:10D6D00074017E704012D03F74147E708012D03F6F
:10D6E0007E1403E890B5CC693E00020BEA209AFC58
:10D6F000FFEB2F119AFF73B774146C7712D03F7E33
:10D700001403E890B5CC693E00020BEA209AFCFFB6
:10D71000EB2F119AFF73B7740D7E700A7E60801232
:10D72000D0DB7E1403E890B5CC693E00020BEA2002
:10D730009AFCFFEB2F119AFF73B7740D7E700A6C81
:10D740006612D0DB7E1403E890B5CC693E00020B74
:10D75000EA209AFCFFEB2F119AFF73B712D2B5BEE5
:10D76000B00068157E14B8267E0400FF9AFEB869E2
:10D77000740190B86DF002D8197E3400012E340087
:10D7800000681A1B34683580007E14B7FD7E0400E3
:10D79000FF9AFEB869740190B86DF0803C740D7EFC
:10D7A00070097E600912D0DB7E3480007E24463B07
:10D7B00090A177793E00021BEA20801D740D7E70D7
:10D7C000097E601912D0DB7E3480007E24453B90B8
:10D7D000A177793E00021BEA2090B86DE0BEB0014F
:10D7E0006837740D7E700B7E600112D0DB740D6C97
:10D7F0007712D1F874016C7712D03F7E1403E89051
:10D80000B5CC693E00020BEA209AFCFFEB7E1400C7
:10D81000149AFEBEC79AFF73B790B86DE0AA90A99C
:10D820000B1BEA00791E000290A9091BEA30E49064
:10D83000A913F06D3390A9141BEA306D3390A9162B
:10D840001BEA3090A9090BEA307E2400029AFF7A85
:10D850005D7E14C2AB7E0400FF7E3400409AFF69F7
:10D86000117E14FF017E0400FE90A90B693E0002A8
:10D870000BEA20BF10380302D9AF7E14000C90A928
:10D880000B693E00020BEA209AFCFFEB793E000296
:10D890001BEA2090A9090BEA50BE54000E40030277
:10D8A000DAC27EA003A490D8AA7302D8D402D8DA30
:10D8B00002D8E002D8E602D8EC02D8F202D9070278
:10D8C000D91C02D93102D94602D95B02D97002D9DA
:10D8D0008502D99A538E7F02DAC2538EBF02DAC212
:10D8E000538EFB02DAC253DDFD02DAC253DDDF02E2
:10D8F000DAC274FD7E14FBB37E04007E7E0B705C86
:10D900007B7A0B7002DAC274DF7E14FBB37E0400F4
:10D910007E7E0B705C7B7A0B7002DAC274FD7E1423
:10D92000FBBB7E04007E7E0B705C7B7A0B7002DAA0
:10D93000C274DF7E14FBBB7E04007E7E0B705C7BBA
:10D940007A0B7002DAC274FD7E14FBC37E04007E83
:10D950007E0B705C7B7A0B7002DAC274DF7E14FB84
:10D96000C37E04007E7E0B705C7B7A0B7002DAC291
:10D9700074EF7E14FE787E04007E7E0B705C7B7AF2
:10D980000B7002DAC274FD7E14FBCB7E04007E7E37
:10D990000B705C7B7A0B7002DAC274DF7E14FBCBF7
:10D9A0007E04007E7E0B705C7B7A0B7002DAC29084
:10D9B000A9090BEA50BE54000E400302DAC27EA051
:10D9C00003A490D9C67302D9F002D9F602D9FC0299
:10D9D000DA0202DA0802DA0E02DA2302DA3802DAAE
:10D9E0004C02DA6002DA7402DA8802DA9C02DAB0F7
:10D9F000438E8002DAC2438E4002DAC2438E0402B2
:10DA0000DAC243DD0202DAC243DD2002DAC2740266
:10DA10007E14FBB37E04007E7E0B704C7B7A0B7011
:10DA200002DAC274207E14FBB37E04007E7E0B708B
:10DA30004C7B7A0B7002DAC274027E14FBBB7E044C
:10DA4000007E7E0B704C7B7A0B70807674207E1487
:10DA5000FBBB7E04007E7E0B704C7B7A0B70806279
:10DA600074027E14FBC37E04007E7E0B704C7B7AB6
:10DA70000B70804E74207E14FBC37E04007E7E0BF0
:10DA8000704C7B7A0B70803A74107E14FE787E04A2
:10DA9000007E7E0B704C7B7A0B70802674027E14A5
:10DAA000FBCB7E04007E7E0B704C7B7A0B70801269
:10DAB00074207E14FBCB7E04007E7E0B704C7B7A40
:10DAC0000B7090A90B693E00020BEA207CB590A96F
:10DAD00013F090A913E00A3B6D227E0800012F018C
:10DAE00090A90B693E00020BEA209AFCFFE790A97F
:10DAF000141BEA3090A9140BEA306E34FFFF0B348C
:10DB000090A9161BEA3090A9090BEA50BE54000EEA
:10DB1000400302DF527EA003A490DB1D7302DB47AB
:10DB200002DB7602DBA502DBD102DBFD02DC2C028C
:10DB3000DC8802DCE402DD4002DD9C02DDF802DE6E
:10DB40005402DE9E02DEF990A913E07E34FEA07E30
:10DB500024007E7A1BB05389F090A9160BEA50F589
:10DB60008A90A9160BEA307D530A5AF58CD3D28CD1
:10DB7000D3D2A902DF5290A913E07E34FEA17E2405
:10DB8000007E7A1BB053890F90A9160BEA50F58BD3
:10DB900090A9160BEA307D530A5AF58DD3D28ED355
:10DBA000D2AB02DF5290A913E07E34FEA27E2400A5
:10DBB0007E7A1BB090A9160BEA50F5D790A9160BE8
:10DBC000EA307D530A5AF5D6438E1043AF0402DF84
:10DBD0005290A913E07E34FEA37E24007E7A1BB00F
:10DBE00090A9160BEA50F5D590A9160BEA307D5393
:10DBF0000A5AF5D443DD0843AF2002DF5290A9133F
:10DC0000E07E34FEA47E24007E7A1BB090A9160B21
:10DC1000EA50F5D390A9160BEA307D530A5AF5D293
:10DC200043DD9053DDFB43AF4002DF5290A913E088
:10DC30007E34FBB07E24007E7A1BB090A9160BEADE
:10DC4000107E34FBB77E24007E7A1B3090A9160B21
:10DC5000EA307D130A127E34FBB67E24007E7A1BE6
:10DC60003074087E14FBB37E04007E7E0B704C7B08
:10DC70007A0B7074017E14FBB27E04007E7E0B7002
:10DC80004C7B7A0B7002DF5290A913E07E34FBB11B
:10DC90007E24007E7A1BB090A9160BEA107E34FB1E
:10DCA000B57E24007E7A1B3090A9160BEA307D13D6
:10DCB0000A127E34FBB47E24007E7A1B3074807E90
:10DCC00014FBB37E04007E7E0B704C7B7A0B707469
:10DCD000107E14FBB27E04007E7E0B704C7B7A0BB0
:10DCE0007002DF5290A913E07E34FBB87E24007EE0
:10DCF0007A1BB090A9160BEA107E34FBBF7E24007D
:10DD00007E7A1B3090A9160BEA307D130A127E34FE
:10DD1000FBBE7E24007E7A1B3074087E14FBBB7E23
:10DD200004007E7E0B704C7B7A0B7074017E14FBBA
:10DD3000BA7E04007E7E0B704C7B7A0B7002DF5241
:10DD400090A913E07E34FBB97E24007E7A1BB0904C
:10DD5000A9160BEA107E34FBBD7E24007E7A1B30B0
:10DD600090A9160BEA307D130A127E34FBBC7E2488
:10DD7000007E7A1B3074807E14FBBB7E04007E7EA6
:10DD80000B704C7B7A0B7074107E14FBBA7E04000F
:10DD90007E7E0B704C7B7A0B7002DF5290A913E0F1
:10DDA0007E34FBC07E24007E7A1BB090A9160BEA5D
:10DDB000107E34FBC77E24007E7A1B3090A9160BA0
:10DDC000EA307D130A127E34FBC67E24007E7A1B65
:10DDD0003074087E14FBC37E04007E7E0B704C7B87
:10DDE0007A0B7074017E14FBC27E04007E7E0B7081
:10DDF0004C7B7A0B7002DF5290A913E07E34FBC19A
:10DE00007E24007E7A1BB090A9160BEA107E34FBAC
:10DE1000C57E24007E7A1B3090A9160BEA307D1354
:10DE20000A127E34FBC47E24007E7A1B3074807E0E
:10DE300014FBC37E04007E7E0B704C7B7A0B7074E7
:10DE4000107E14FBC27E04007E7E0B704C7B7A0B2E
:10DE50007002DF5290A913E07E34FE797E24007EAA
:10DE60007A1BB090A9160BEA107E34FE7B7E24004C
:10DE70007E7A1B3090A9160BEA307D130A127E348D
:10DE8000FE7A7E24007E7A1B3074827E14FE787EB9
:10DE900004007E7E0B704C7B7A0B7002DF5290A9DF
:10DEA00013E07E34FBC87E24007E7A1BB090A91656
:10DEB0000BEA107E34FBCF7E24007E7A1B3090A9C3
:10DEC000160BEA307D130A127E34FBCE7E24007ED0
:10DED0007A1B3074087E14FBCB7E04007E7E0B70B0
:10DEE0004C7B7A0B7074017E14FBCA7E04007E7E2C
:10DEF0000B704C7B7A0B70805990A913E07E34FB39
:10DF0000C97E24007E7A1BB090A9160BEA107E34DD
:10DF1000FBCD7E24007E7A1B3090A9160BEA307D63
:10DF2000130A127E34FBCC7E24007E7A1B30748070
:10DF30007E14FBCB7E04007E7E0B704C7B7A0B70D4
:10DF400074107E14FBCA7E04007E7E0B704C7B7ABC
:10DF50000B7090A90F691E00020BEA0090A9090B33
:10DF6000EA203E243E247E34986C2D327A71827AE7
:10DF70006183791E00021BEA00AA90A701E0BEB0EF
:10DF80000D50717EA003A490DF8B7302DFB202DF1D
:10DF9000B802DFF402DFBE02DFF402DFC402DFCA30
:10DFA00002DFD002DFD602DFDC02DFE202DFE802BE
:10DFB000DFEE9AFEDFF980409AFEE1BE803A9AFEDB
:10DFC000E29D80349AFEE372802E9AFEE3E380287D
:10DFD0009AFEE4DD80229AFEE4E2801C9AFEE56B64
:10DFE00080169AFEE63580109AFEE68E800A9AFE2A
:10DFF000E6C980049AFF12B0AA90A7007EEBA07435
:10E00000805CBABEB080782090A703E0BEB00078F4
:10E010001790A702E0BEB000780E90A7060BEA208A
:10E020007E340002BD2368079AFF12B002E1BD9062
:10E03000A7007EEBA0740F5CBA1468451478030245
:10E04000E0C20BB1680302E1B390A705E0BEB000E7
:10E05000780990A704E0BEB00068079AFF12B002EA
:10E06000E1BD7E340A3E7E2400FF90A70C793E007D
:10E07000021BEA207E34000290A70A1BEA3002E16C
:10E08000B990A708E0BEB004781290A705E0BEB032
:10E0900000780990A704E0BEB00068079AFF12B0AC
:10E0A00002E1BD7E340A3E7E2400FF90A70C793E3B
:10E0B00000021BEA207E34000290A70A1BEA30020D
:10E0C000E1B990A708E0BEB004780990A705E0BECA
:10E0D000B00068079AFF12B002E1BD90A7047EEB82
:10E0E000A0740F5CBA90B871F090A704E014686453
:10E0F000247F680604680302E1AD90B871E07E34C5
:10E10000000160053E341478FB90A710E00A2B5DF7
:10E11000236D33BD23681F7E340A407E2400FF90A8
:10E12000A70C793E00021BEA207E34000290A70A69
:10E130001BEA3002E1B97E340A3E7E2400FF90A73C
:10E140000C793E00021BEA207E34000290A70A1BD5
:10E15000EA30806590B871E07E34000160053E349D
:10E160001478FB90A711E00A2B5D236D33BD236863
:10E170001E7E340A407E2400FF90A70C793E0002E8
:10E180001BEA207E34000290A70A1BEA30802A7E18
:10E19000340A3E7E2400FF90A70C793E00021BEA61
:10E1A000207E34000290A70A1BEA30800C9AFF12EE
:10E1B000B0800A9AFF12B080049AFF12C0AA90A7FA
:10E1C00008E0BEB004783090A700E0BEB002782727
:10E1D00090A705E0BEB000781E90A703E0BEB00097
:10E1E000781590A702E0BEB000780C6D2290A706CB
:10E1F0000BEA30BD3268079AFF12B002E29C90A78A
:10E20000047EEBA0740F5CBA90B872F090A704E0A3
:10E21000146843247F680304787890B872E07E34F1
:10E22000000160053E341478FB7CB77CAB6EA0FF28
:10E2300090A710E05CBAF0740E90B8727EEB709A02
:10E24000FF103E74117E70409AFF103E740E6C7782
:10E250009AFF103E804290B872E07E340001600563
:10E260003E341478FB7CB77CAB6EA0FF90A711E026
:10E270005CBAF0740E90B8727EEB709AFF103E7428
:10E28000147E70809AFF103E740E6C779AFF103ED9
:10E2900080069AFF12B080049AFF12E4AA90A708A1
:10E2A000E0BEB004783090A700E0BEB002782790BE
:10E2B000A705E0BEB000781E90A703E0BEB00078CE
:10E2C0001590A702E0BEB000780C6D2290A7060B57
:10E2D000EA30BD3268079AFF12B002E37190A704DA
:10E2E0007EEBA0740F5CBA90B873F090A704E014B2
:10E2F000683E247F680304786E90B873E07E340033
:10E300000160053E341478FB7CA790A710E04CBA5E
:10E31000F0740E90B8737EEB709AFF103E74117E0D
:10E3200070109AFF103E740E6C779AFF103E803D7D
:10E3300090B873E07E34000160053E341478FB7CB5
:10E34000A790A711E04CBAF0740E90B8737EEB70F2
:10E350009AFF103E74147E70209AFF103E740E6C6B
:10E36000779AFF103E80069AFF12B080049AFF123F
:10E37000E4AA90A700E0BEB000783390A705E0BE05
:10E38000B000782A90A704E0BEB000782190A703DF
:10E39000E0BEB000781890A7027EEBA07480BCAB02
:10E3A000500C6D2290A7060BEA30BD3268069AFF2A
:10E3B00012B0802E90A702E090B874F0E490B87488
:10E3C0007EEB709AFF103E90B874E0BEB000680813
:10E3D000740390A708F08006740290A708F09AFFD3
:10E3E00012E4AA90A7007EEBA074805CBABEB08055
:10E3F00068079AFF12B002E4DC90A703E01BB16843
:10E40000291468440BB1680302E4B67E3409E97E3E
:10E410002400FF90A70C793E00021BEA207E340006
:10E420001290A70A1BEA3002E4BC7E3409FB7E246A
:10E4300000FF90A70C793E00021BEA207E340043C7
:10E4400090A70A1BEA30807490A702E01468251494
:10E4500068400BB1785A7E3409E57E2400FF90A70E
:10E460000C793E00021BEA207E34000490A70A1BB0
:10E47000EA3080487E340A427E2400FF90A70C795F
:10E480003E00021BEA207E34000890A70A1BEA30F7
:10E49000802A7E3409C77E2400FF90A70C793E00B5
:10E4A000021BEA207E34001E90A70A1BEA30800C73
:10E4B0009AFF12B080269AFF12B0802090A7060B18
:10E4C000EA2090A70A0BEA30BD32280C90A7060B71
:10E4D000EA3090A70A1BEA309AFF12C0AA9AFF12EC
:10E4E000B0AA90A700E0BEB080783290A703E0BE4B
:10E4F000B000782990A702E0BEB000782090A70570
:10E50000E0BEB000781790A704E0BEB000780E908F
:10E51000A7060BEA207E340001BD2368069AFF128D
:10E52000B0804790A708E0BEB004781E7E340A4051
:10E530007E2400FF90A70C793E00021BEA207E3467
:10E54000000190A70A1BEA30801C7E340A3E7E241C
:10E5500000FF90A70C793E00021BEA207E340001E8
:10E5600090A70A1BEA309AFF12C0AA90A708E0BE43
:10E57000B002683090A700E0BEB000782790A703F3
:10E58000E0BEB000781E90A705E0BEB00078159000
:10E59000A704E0BEB000780C6D2290A7060BEA300D
:10E5A000BD3268079AFF12B002E63490A702E0BEBF
:10E5B000B001786A740490A708F0E490A710F0E422
:10E5C00090A711F0740E7E70019AFF103E74127EB7
:10E5D00070209AFF103E74107E70089AFF103E74EF
:10E5E0000E7E70029AFF103E74127E70209AFF1009
:10E5F0003E74107E70089AFF103E740E7E70019A71
:10E60000FF103E74126C779AFF103E74137E7008F0
:10E610009AFF103E740E6C779AFF103E80127403BE
:10E6200090A708F074FF90A710F074FF90A711F066
:10E630009AFF12E4AA90A708E0BEB004782990A738
:10E6400000E0BEB081782090A703E0BEB00078174C
:10E6500090A705E0BEB000780E90A7060BEA207EDA
:10E66000340001BD2368069AFF12B080207E340A70
:10E670003E7E2400FF90A70C793E00021BEA207E1C
:10E6800034000190A70A1BEA309AFF12C0AA90A793
:10E6900008E0BEB004782790A700E0BEB001781E65
:10E6A00090A703E0BEB000781590A705E0BEB000CB
:10E6B000780C6D2290A7060BEA30BD3268069AFFEF
:10E6C00012B080049AFF12E4AA9AFF12B0AA90B77F
:10E6D0007AF090B7781BEA306D2290B7780BEA3069
:10E6E0000E340E340E340E34BD32784E90B7780BA3
:10E6F000EA307C677E700F5C7690B77A7EEBA07410
:10E70000015CAB7CB760053EA01478FB7CBA42B8D4
:10E7100090B7780BEA307C677E700F5C7690B77AA2
:10E720007EEB601E607EA0015CA67CB760053EA00B
:10E730001478FB7CBA42B702ED6D90B7780BEA20F3
:10E740000E240E240E240E247E340001BD23784EA8
:10E7500090B7780BEA307C677E700F5C7690B77A62
:10E760007EEBA074015CAB7CB760053EA01478FB27
:10E770007CBA42B590B7780BEA307C677E700F5C4C
:10E780007690B77A7EEB601E607EA0015CA67CB7B7
:10E7900060053EA01478FB7CBA42B602ED6D90B7DE
:10E7A000780BEA200E240E240E240E247E34000260
:10E7B000BD23787390B7780BEA302E34FFDF6835CD
:10E7C0000B34680302ED6D90B77A7EEBA074015CA8
:10E7D000AB7E71DF74FE5CB74CBAF5DF90B77AE0C0
:10E7E0001EB07EA0015CAB7E71EE74FE5CB74CBACD
:10E7F000F5EE02ED6D90B77A7EEBA074015CAB3E56
:10E80000A07E71DF74FD5CB74CBAF5DF90B77AE09B
:10E810001EB07EA0015CAB3EA07E71EE74FD5CB7C5
:10E820004CBAF5EE02ED6D90B7780BEA509E5400AD
:10E8300030BE54002C400302ED6D7EA003A490E88E
:10E84000427302E8C602E8F302E92002E94D02E958
:10E850007A02E9A702E9D402EA0102EA2E02EA5D9D
:10E8600002EA8C02EABB02EAEA02EB1902EB480276
:10E87000EB7702EBA602ED6D02ED6D02ED6D02EDA0
:10E880006D02ED6D02ED6D02ED6D02ED6D02ED6D4F
:10E8900002ED6D02ED6D02ED6D02ED6D02ED6D02AA
:10E8A000ED6D02EBD502EBD502EBD502EBD502EB19
:10E8B000D502EBD502EBD502EBD502ECA302ECA31B
:10E8C00002ECA302ECA374F97E14FBB27E04007E7A
:10E8D0007E0B705C7B7A0B7090B77A7EEB603E604B
:10E8E0007E14FBB27E04007E7E0B704C767A0B7039
:10E8F00002ED6D743F7E14FBB27E04007E7E0B70D1
:10E900005C7B7A0B7090B77AE0030354C07E14FBF3
:10E91000B27E04007E7E0B704C7B7A0B7002ED6D34
:10E9200074F97E14FBBA7E04007E7E0B705C7B7AE9
:10E930000B7090B77A7EEB603E607E14FBBA7E046B
:10E94000007E7E0B704C767A0B7002ED6D743F7E0C
:10E9500014FBBA7E04007E7E0B705C7B7A0B709099
:10E96000B77AE0030354C07E14FBBA7E04007E7EB7
:10E970000B704C7B7A0B7002ED6D74F97E14FBC248
:10E980007E04007E7E0B705C7B7A0B7090B77A7E83
:10E99000EB603E607E14FBC27E04007E7E0B704CFA
:10E9A000767A0B7002ED6D743F7E14FBC27E04001C
:10E9B0007E7E0B705C7B7A0B7090B77AE003035419
:10E9C000C07E14FBC27E04007E7E0B704C7B7A0BF3
:10E9D0007002ED6D74F97E14FBCA7E04007E7E0B1E
:10E9E000705C7B7A0B7090B77A7EEB603E607E1431
:10E9F000FBCA7E04007E7E0B704C767A0B7002EDB3
:10EA00006D743F7E14FBCA7E04007E7E0B705C7BBF
:10EA10007A0B7090B77AE0030354C07E14FBCA7E71
:10EA200004007E7E0B704C7B7A0B7002ED6D74F3EC
:10EA30007E14FA387E04007E7E0B705C7B7A0B704D
:10EA400090B77A7EEB603E603E607E14FA387E04BA
:10EA5000007E7E0B704C767A0B7002ED6D74F37E47
:10EA600014FA487E04007E7E0B705C7B7A0B7090FB
:10EA7000B77A7EEB603E603E607E14FA487E04000A
:10EA80007E7E0B704C767A0B7002ED6D74F37E1403
:10EA9000FA587E04007E7E0B705C7B7A0B7090B718
:10EAA0007A7EEB603E603E607E14FA587E04007E03
:10EAB0007E0B704C767A0B7002ED6D74F37E14FA57
:10EAC000687E04007E7E0B705C7B7A0B7090B77A58
:10EAD0007EEB603E603E607E14FA687E04007E7EBF
:10EAE0000B704C767A0B7002ED6D74F37E14F76048
:10EAF0007E04007E7E0B705C7B7A0B7090B77A7E12
:10EB0000EB603E603E607E14F7607E04007E7E0B0C
:10EB1000704C767A0B7002ED6D74F37E14F7907E74
:10EB200004007E7E0B705C7B7A0B7090B77A7EEB74
:10EB3000603E603E607E14F7907E04007E7E0B7027
:10EB40004C767A0B7002ED6D74F37E14F7C07E0480
:10EB5000007E7E0B705C7B7A0B7090B77A7EEB60E8
:10EB60003E603E607E14F7C07E04007E7E0B704CDB
:10EB7000767A0B7002ED6D74F37E14F7F07E04006C
:10EB80007E7E0B705C7B7A0B7090B77A7EEB603E7A
:10EB9000603E607E14F7F07E04007E7E0B704C7643
:10EBA0007A0B7002ED6D74F37E14FA707E04007EB1
:10EBB0007E0B705C7B7A0B7090B77A7EEB603E6068
:10EBC0003E607E14FA707E04007E7E0B704C767A76
:10EBD0000B7002ED6D90B77AE00A2B1E246D33BDE9
:10EBE00023682B90B7780BEA507CAB740F5CBA7E2D
:10EBF00034000160053E341478FB7C677E14FD61AF
:10EC00007E04007E7E0B704C767A0B70802B90B762
:10EC1000780BEA507CAB740F5CBA7E34000160055F
:10EC20003E341478FB7CB764FF7E14FD617E0400E3
:10EC30007E7E0B705C7B7A0B7090B77AE00A3B7E2D
:10EC40002400015D236D33BD23682C90B7780BEA57
:10EC5000507CAB740F5CBA7E34000160053E341406
:10EC600078FB7C677E14FD607E04007E7E0B704C1A
:10EC7000767A0B7002ED6D90B7780BEA507CAB742E
:10EC80000F5CBA7E34000160053E341478FB7C676B
:10EC90007E14FD607E04007E7E0B704C767A0B70D5
:10ECA00002ED6D90B77AE00A2B1E246D33BD236808
:10ECB0002B90B7780BEA507CAB740F5CBA7E3400B3
:10ECC0000160053E341478FB7C677E14FD637E048E
:10ECD000007E7E0B704C767A0B70802B90B7780B91
:10ECE000EA507CAB740F5CBA7E34000160053E34A0
:10ECF0001478FB7CB764FF7E14FD637E04007E7E87
:10ED00000B705C7B7A0B7090B77AE00A3B7E240034
:10ED1000015D236D33BD23682B90B7780BEA507CDF
:10ED2000AB740F5CBA7E34000160053E341478FB8E
:10ED30007C677E14FD627E04007E7E0B704C767ACA
:10ED40000B70802990B7780BEA507CAB740F5CBADB
:10ED50007E34000160053E341478FB7C677E14FD30
:10ED6000627E04007E7E0B704C767A0B70AAC3C262
:10ED7000AFAAD3D2AFAACA7990A87D1BEA20793E68
:10ED8000000290A8791BEA00791E000290A87D6914
:10ED90003E00020BEA2090A5EF793E00021BEA201C
:10EDA00090A881693E00020BEA2090A5F3793E000D
:10EDB000021BEA2090A885693E00020BEA2090A57C
:10EDC000F7793E00021BEA206D33742990A8796917
:10EDD0001E00020BEA009AFC74176D776D339AFCE3
:10EDE0006C16BD377803E480027401DA7922CA799F
:10EDF0006D777E34028690A9F01BEA306D3374295A
:10EE00007E089C407E2402879AFC66BABD37780350
:10EE1000E48002740190A829F090A829E0BEB00017
:10EE2000780474018001E490A827F07E3400879A6A
:10EE3000FDBFC190A832F07E3400869AFDBFC1901C
:10EE4000A82FF0DA79AA90A827E0BEB00078049A3B
:10EE5000FEEDEEE490B7C0F074E590B7C1F0E49039
:10EE6000B7C2F07E34B7C27E24000190A881793EFB
:10EE700000021BEA207E18000190A885793E00025E
:10EE80001BEA207E14B7C07E0400017E1800021227
:10EE9000ED767CAB90A829E04CBAF090B7C2E09038
:10EEA000A826F07E3400879AFDBFC190A832F07E7C
:10EEB0003400869AFDBFC190A82FF0AA90A834E034
:10EEC000BEB000780302F0976D3390B5571BEA305F
:10EED000E490B554F0743190B555F07E34B5567E5B
:10EEE00024000190A881793E00021BEA207E1800D0
:10EEF0000190A885793E00021BEA207E14B5547E5D
:10EF00000400017E18000212ED767CAB90A829E087
:10EF10004CBAF090B556E090A831F090B556E0BEEE
:10EF2000B000780302F088E490B554F0748690B590
:10EF300055F0740190B556F07E34B5547E2400012E
:10EF400090A881793E00021BEA209F1190A8857944
:10EF50003E00021BEA207E14B5547E0400017E1898
:10EF6000000312ED767CAB90A829E04CBAF0E49057
:10EF7000B554F0748990B555F07E34B5567E2400B2
:10EF80000190A881793E00021BEA207E18000190C2
:10EF9000A885793E00021BEA207E14B5547E040049
:10EFA000017E18000212ED767CAB90A829E04CBAE5
:10EFB000F090B556E090A82AF090B556E0BEB08922
:10EFC000680302F077E490B554F0749690B555F06C
:10EFD0007E34B5547E24000190A881793E00021B46
:10EFE000EA207E18000290A885793E00021BEA20E4
:10EFF0007E14B5547E0400017E18000212ED767C6A
:10F00000AB90A829E04CBAF090B554E00A3B90B51B
:10F01000571BEA3090B5570BEA207C456C5590B5EC
:10F0200055E00A3B4D3290B5571BEA3090B5570B6F
:10F03000EA3090A8351BEA3090B5570BEA207E34B1
:10F040000FA0BD23180C6D2290B5570BEA30BD32CE
:10F0500058117E34200090A82B1BEA30E490A82D94
:10F06000F0803490B5570BEA3090A82B1BEA30742F
:10F070000190A82DF080207E34200090A82B1BEA60
:10F0800030E490A82DF0800F7E34200090A82B1B38
:10F09000EA30E490A82DF0AAAACA79E4908D12F083
:10F0A0006D33908D9C1BEA30E490A834F0E490A876
:10F0B00029F0740190A830F06D777E34028690A913
:10F0C000F01BEA306D3374297E089C407E24028751
:10F0D0009AFC66BABD376811740190A829F07401D2
:10F0E00090A830F0740102F316E4908D13F074E5EB
:10F0F000908D14F07E348D157E24000190A88179C6
:10F100003E00021BEA207E18000190A885793E008F
:10F11000021BEA207E148D137E0400017E1800027B
:10F1200012ED767CAB90A829E04CBAF07E340287D1
:10F130009AFDBFC190A832F07E3402869AFDBFC10D
:10F1400090A82FF0908D15E090A826F0908D157E58
:10F15000EBA074015CBABEB0017803E480027401D4
:10F16000908D12F0908D12E0BEB001780302F30A88
:10F170007401908D13F0740F908D14F07E348D1502
:10F180007E24000190A881793E00021BEA207E18AF
:10F19000000190A885793E00021BEA207E148D13A1
:10F1A0007E0400017E18000212ED767CAB90A82947
:10F1B000E04CBAF0908D15E090A833F0908D15E0FA
:10F1C000BEB0EA780990A829E0BEB00068097401D1
:10F1D000908D12F002F30AE4908D13F07401908D7B
:10F1E00014F07E340087CA397E349B647E2400FF8D
:10F1F0007E148D157E0400019AFF7B3F1BFD7E343B
:10F200008D137E24000190A881793E00021BEA2024
:10F210009F1190A885793E00021BEA207E148D1371
:10F220007E0400017E18008912ED767CAB90A8293F
:10F23000E04CBAF090A829E0BEB0006809740190D3
:10F240008D12F002F30AE4908D13F07431908D1456
:10F25000F07E348D157E24000190A881793E000255
:10F260001BEA207E18000190A885793E00021BEA67
:10F27000207E148D137E0400017E18000212ED76AC
:10F280007CAB90A829E04CBAF0908D15E090A831A5
:10F29000F090A829E0BEB00068087401908D12F0CB
:10F2A0008049908D15E020E00A6D33908D9C1BEA1B
:10F2B000308038908D9C0BEA207E3400012D321B6B
:10F2C000EA307E3403E8BD3250087401908D12F0AC
:10F2D00080197E1403E890B5CC693E00020BEA2049
:10F2E0009AFCFFEB9AFF73B702F246908D12E0BED4
:10F2F000B0007806740190A834F07E3400027E14C9
:10F30000F0987E0400FE9AFF71DA908D12E090A8CA
:10F3100030F0908D12E0DA79AA90B6C41BEA207919
:10F320003E0002909FF8693E00020BEA2090B6C4AE
:10F33000691E00020BEA009F016D337E248000BF2E
:10F3400001500474018001E42290B840F090B8406C
:10F350007EEBA074785CBAC423541F0A5B90B8415A
:10F36000F090B841E0BEB000681E90B841E0BEB079
:10F3700005681590B841E0BEB007680C90B8417EB2
:10F38000EBA0740CBCAB400474FF804A90B8417E83
:10F39000EBA07403BCAB38047405803A90B841E02C
:10F3A000BEB006680990B841E0BEB00978047404A4
:10F3B000802490B841E0BEB008680990B841E0BE32
:10F3C000B00A78047403800E90B841E0BEB00478AF
:10F3D0000474028001E42290B8421BEA3090B842E3
:10F3E0000BEA50909FF7F0E4909FF2F09AFF76ECD2
:10F3F0007E0827102F10909FDE793E00021BEA2026
:10F400007E34000A909FF41BEA302290AB5D7AEBC9
:10F410006090AB591BEA00791E000290AB587AEB62
:10F420007090AB57F090AB57E0909FFCF090AB5DC5
:10F43000E0BEB000780890AB58E0909FFDF090AB34
:10F440005DE0BEB00078067E24000180026D227E61
:10F450003400012D326D2290A3C5793E00021BEAD3
:10F460002090AB59693E00020BEA2090A3C9793E77
:10F4700000021BEA2090AB5DE00A3B6D2290A3CD19
:10F48000793E00021BEA206D3374297E149FFC7EB6
:10F490000400019AFC51A090AB5E1BEA306D2290F3
:10F4A000AB5E0BEA30BD32780AE4909FF2F0740153
:10F4B00002F53490AB5E0BEA207E340003BD237866
:10F4C000689AFF76EC90AB60793E00021BEA2090D0
:10F4D0009FF2E0BEB00078237401909FF2F07E08A6
:10F4E000006490AB60693E00020BEA202F10909FF1
:10F4F000E2793E00021BEA20E48039909FE2693EF7
:10F5000000020BEA2090AB60691E00020BEA009F2C
:10F51000016D337E248000BF01500B7E3400061243
:10F52000F3D77402800EE4800B90AB5E0BEA3012CE
:10F53000F3D77402226D339AFC5A22BEB0006803DE
:10F54000E480266D339AFC5A6090B8441BEA306D13
:10F550002290B8440BEA30BD32680C90B8440BEAF4
:10F560003012F3D7E480027401229AFCFA2A909FA9
:10F57000F7F0909FF7E0BEB000780474018001E4DA
:10F58000909FF3F0E4909FF6F0E4909FF2F06D33DB
:10F59000909FFE1BEA309F11909FF8793E00021B5E
:10F5A000EA209F11909FDE793E00021BEA206D3316
:10F5B000909FF41BEA30909FF3E0AA909FF3E0BE87
:10F5C000B000780302F8609AFF76EC90B47D793E43
:10F5D00000021BEA20909FF40BEA50BE54000B403F
:10F5E0000302F8607EA003A490F5EC7302F60D020E
:10F5F000F62602F67502F6A702F6D602F74502F7DE
:10F600006702F79602F80102F82602F838909FF692
:10F61000E0BEB000780302F8607E340001909FF4F1
:10F620001BEA3002F860E47E70029F006C6612F400
:10F630000B90B47BF090B47BE0BEB001680302F89D
:10F6400060E4909FF6F06D33909FFE1BEA307E08D9
:10F65000006490B47D693E00020BEA202F10909F59
:10F66000F8793E00021BEA207E340002909FF41BD2
:10F67000EA3002F86012F535BEB000780302F86097
:10F680007E08006490B47D693E00020BEA202F10D2
:10F69000909FF8793E00021BEA207E340003909F81
:10F6A000F41BEA3002F86074136C777E149FE67ED8
:10F6B0000400017E600112F40B90B47BF090B47BE7
:10F6C000E0BEB001680302F8607E340004909FF44D
:10F6D0001BEA3002F86012F535BEB000780302F87C
:10F6E00060909FE67EEBA074075CBABEB000680D28
:10F6F0007E340006909FF41BEA3002F860909FFE73
:10F700000BEA207E3400012D321BEA307E3400C823
:10F71000BD23400A7E34000612F3D702F8607E084B
:10F72000003290B47D693E00020BEA202F10909FBA
:10F73000F8793E00021BEA207E340005909FF41BFE
:10F74000EA3002F86090B47D693E00020BEA2012B4
:10F75000F319BEB000780302F8607E340003909F76
:10F76000F41BEA3002F86074146C777E149FE67E16
:10F770000400017E600C12F40B90B47BF090B47B1B
:10F78000E0BEB001680302F8607E340007909FF489
:10F790001BEA3002F86012F535BEB000780302F8BB
:10F7A00060909FE6E012F34990B548F0A2AFE433D1
:10F7B00090B47CF0C3C2AF909FF0E00A2B7C456C04
:10F7C00055909FF1E00A3B4D3290B5451BEA3090D1
:10F7D000B47CE024FF92AF90B5450BEA207E341F45
:10F7E000FFBD2328107E34200090B5451BEA3074FD
:10F7F000FF90B548F07E340008909FF41BEA3080FB
:10F800005F740B7E70019F006C6612F40B90B47BEA
:10F81000F090B47BE0BEB00178467E340009909F42
:10F82000F41BEA30803A12F535BEB00068326D3311
:10F83000909FF41BEA308028909FDE693E00020B07
:10F84000EA2090B47D691E00020BEA009F016D332F
:10F850007E248000BF0150086D33909FF41BEA3076
:10F86000AA909FF3E0AA909FF3E0BEB0007803E473
:10F8700080087401909FF6F07401AA909FF3E0BE97
:10F88000B000680890B5450BEA3080047E34200053
:10F89000AA909FF3E0BEB000680690B548E08002F1
:10F8A00074FFAA909FF7E0AA909FF3E0BEB00078A3
:10F8B0000474018001E4AA90B5EE1BEA2090B5EC37
:10F8C0001BEA3090B5EC0BEA207E340142BD237870
:10F8D0002F90B5EE0BEA301B3468090B34780AC35D
:10F8E000C2888016D3D2888011E47E14C22B7E0495
:10F8F00000FF7E3400409AFF6911D3D2A802FE2592
:10F9000090B5EC0BEA207E340243BD23782F90B5EE
:10F91000EE0BEA301B3468090B34780AC3C28A80C4
:10F9200016D3D28A8011E47E14C22B7E0400FF7E9F
:10F930003400509AFF6911D3D2AA02FE2590B5EC8B
:10F940000BEA207E340346BD23782F90B5EE0BEAF8
:10F95000301B3468090B34780AC3C28A8016D3D2AC
:10F960008A8011E47E14C22B7E0400FF7E34006086
:10F970009AFF6911438F1002FE2590B5EC0BEA2027
:10F980007E340447BD23782990B5EE0BEA207E34FF
:10F990000001BD23780474018001E47E14C22B7E33
:10F9A0000400FF7E3400679AFF6911438F2002FE36
:10F9B0002590B5EC0BEA207E340540BD23782990D4
:10F9C000B5EE0BEA207E340001BD2378047401807B
:10F9D00001E47E14C22B7E0400FF7E34006C9AFF8B
:10F9E0006911438F4002FE2590B5EC0BEA507CABC9
:10F9F000740F5CBA7E34000160053E341478FB7CE1
:10FA00006790B5EC0BEA207D421A487E54000F5DEA
:10FA1000541A4A1A487E14FD007E04007E2F027E8E
:10FA20000B704C767A0B7090B5EE0BEA302E3400EA
:10FA300000780302FD641B35780302FB1A1B34783F
:10FA40000302FBDE1B34780302FCA22E34000368A1
:10FA50000302FE2590B5EC0BEA507CAB740F5CBA48
:10FA60007E34000160053E341478FB7CB764FF905F
:10FA7000B5EC0BEA307D231A247E34000F5D321A78
:10FA8000261A247E14F4E07E04007E2F017E0B7083
:10FA90005C7B7A0B7090B5EC0BEA507CAB740F5C1E
:10FAA000BA7E34000160053E341478FB7CB764FFF5
:10FAB00090B5EC0BEA307D231A247E34000F5D32C2
:10FAC0001A261A247E14FD307E04007E2F017E0B40
:10FAD000705C7B7A0B7090B5EC0BEA507CAB740FCA
:10FAE0005CBA7E34000160053E341478FB7CB76458
:10FAF000FF90B5EC0BEA307D231A247E34000F5DB5
:10FB0000321A261A247E14FD207E04007E2F017EE8
:10FB10000B705C7B7A0B7002FE2590B5EC0BEA5003
:10FB20007CAB740F5CBA7E34000160053E341478FF
:10FB3000FB7CB764FF90B5EC0BEA307D231A247E82
:10FB400034000F5D321A261A247E14F4E07E04007D
:10FB50007E2F017E0B705C7B7A0B7090B5EC0BEA0C
:10FB6000507CAB740F5CBA7E34000160053E3414E7
:10FB700078FB7CB764FF90B5EC0BEA307D231A2448
:10FB80007E34000F5D321A261A247E14FD307E0466
:10FB9000007E2F017E0B705C7B7A0B7090B5EC0BB6
:10FBA000EA507CAB740F5CBA7E34000160053E34D1
:10FBB0001478FB7C6790B5EC0BEA207D421A487EF6
:10FBC00054000F5D541A4A1A487E14FD207E04002A
:10FBD0007E2F027E0B704C767A0B7002FE2590B55C
:10FBE000EC0BEA507CAB740F5CBA7E34000160050C
:10FBF0003E341478FB7CB764FF90B5EC0BEA307DA3
:10FC0000231A247E34000F5D321A261A247E14F43F
:10FC1000E07E04007E2F017E0B705C7B7A0B70907F
:10FC2000B5EC0BEA507CAB740F5CBA7E340001601B
:10FC3000053E341478FB7C6790B5EC0BEA207D42DE
:10FC40001A487E54000F5D541A4A1A487E14FD303B
:10FC50007E04007E2F027E0B704C767A0B7090B57E
:10FC6000EC0BEA507CAB740F5CBA7E34000160058B
:10FC70003E341478FB7CB764FF90B5EC0BEA307D22
:10FC8000231A247E34000F5D321A261A247E14FDB6
:10FC9000207E04007E2F017E0B705C7B7A0B70024D
:10FCA000FE2590B5EC0BEA507CAB740F5CBA7E3449
:10FCB000000160053E341478FB7CB764FF90B5EC1E
:10FCC0000BEA307D231A247E34000F5D321A261A87
:10FCD000247E14F4E07E04007E2F017E0B705C7B9A
:10FCE0007A0B7090B5EC0BEA507CAB740F5CBA7E6B
:10FCF00034000160053E341478FB7C6790B5EC0B52
:10FD0000EA207D421A487E54000F5D541A4A1A4870
:10FD10007E14FD307E04007E2F027E0B704C767ABE
:10FD20000B7090B5EC0BEA507CAB740F5CBA7E3470
:10FD3000000160053E341478FB7C6790B5EC0BEA5B
:10FD4000207D421A487E54000F5D541A4A1A487E9C
:10FD500014FD207E04007E2F027E0B704C767A0B01
:10FD60007002FE2590B5EC0BEA507CAB740F5CBAC8
:10FD70007E34000160053E341478FB7C6790B5EC5E
:10FD80000BEA207D421A487E54000F5D541A4A1A2D
:10FD9000487E14F4E07E04007E2F027E0B704C76C9
:10FDA0007A0B7090B5EC0BEA507CAB740F5CBA7EAA
:10FDB00034000160053E341478FB7CB764FF90B5D5
:10FDC000EC0BEA307D231A247E34000F5D321A26B4
:10FDD0001A247E14FD307E04007E2F017E0B705CA1
:10FDE0007B7A0B7090B5EC0BEA507CAB740F5CBA6D
:10FDF0007E34000160053E341478FB7CB764FF90CC
:10FE0000B5EC0BEA307D231A247E34000F5D321AE4
:10FE1000261A247E14FD207E04007E2F017E0B70A6
:10FE20005C7B7A0B70AA90B7AE1BEA3090B7AE0B32
:10FE3000EA309AFE5F8A90B7B0F090B7B0E0AA902F
:10FE4000B66D1BEA3090B66CF090B66CE090B66D73
:10FE50000BEA309AFE600C90B66FF090B66FE0AA95
:10FE6000740190AF31F07E3400C690AB051BEA30D0
:10FE70007E3400C790AB071BEA307E14AF327E049D
:10FE80000001E47E1800329AFD3B0E7E14AF327EF4
:10FE90000400019AFE54EEBEB00078107E14C353E5
:10FEA0007E0400FF9AFE55AB90AF31F090AF31E089
:10FEB000AAE490B7FEF0E490B7FFF09AFEFE6090DF
:10FEC000B7FFF090B7FFE0BEB000680302FFE07E2E
:10FED0003400306D22E47E1400039AFDC5647E3444
:10FEE00000316D22E47E1400039AFDC5647E340067
:10FEF000326D22E47E1400039AFDC5647E34003323
:10FF00006D22E47E1400039AFDC5647E3400346DD6
:10FF100022E47E1400039AFDC5647E3400356D2210
:10FF2000E47E1400039AFDC5647E3400366D22E43D
:10FF30007E1400039AFDC5647E3400376D22E47E92
:10FF40001400039AFDC5647E3400517E240001E450
:10FF50007E1400109AFDC5647E3400837E24000167
:10FF600074017E1400109AFDC5647E3400477E241F
:10FF7000000174017E1400109AFDC5647E34008275
:10FF80007E240001E47E1400109AFDC5647E3400D6
:10FF9000537E24000174017E1400109AFDC5647E16
:10FFA0003400436D2274017E1400039AFDC564740D
:10FFB0000390AE80F0740390AE81F07E1400E87E72
:10FFC0000400017E185820E49AFE60A27E340243A9
:10FFD0006D229AFEF8B77E34000274039AFEE6CED4
:10FFE00090B7FFE0AA0B0C0B1C7E0BB06005BE1B8C
:0FFFF000B068F29E1BB0600674FF40027401AA55
:0200000400FFFB
:0F0000000200CF8AFD8F2B283029008AFD96B190
:040013008AFD9B3097
:10001B008AFD96F77E340E007E2407279AFF6D8AA1
:10002B009AFF69A312003CAA7437F5C1AA43C11009
:10003B00AA43BA80E47E34FE937E24007E7A1BB002
:05004B009AFF021F22D4
:040053008AFD8F6E25
:04005B008AFD8FB1DA
:100063008AFD973DCAF87DF37CFB7F207F108007D4
:0E0073001BF47A2BF00B544DFF78F5DAF8AA47
:040083008AFD8FF46F
:04009B008AFD9783C0
:1000A3008AFD97C93E3E5B736572766963655F62DD
:1000B3006F6F745F726571756573745F696E697470
:1000C3005D0D0A0053424C528AFF11097584017E6B
:1000D300443FFFE47A49B01B4478F99000007E3432
:1000E300FFFFE4F0A31B3478FA7EF800207E0400BF
:1000F300FF7E149BEF0B0A405D44682229500002E7
:100103000A25693000032E0800050B44800A7E0B84
:10011300B07A1BB00B1C0B0C1B4478F280D78AFF00
:0201230074C5A1
:04012B008AFD84B70E
:040133008AFD859626
:04013B008AFD86753E
:040143008AFD875456
:04014B008AFD88336E
:040153008AFD891286
:04015B008AFD89F19F
:040163008AFD8AD0B7
:04016B008AFD8BAFCF
:040173008AFD8C8EE7
:040183008AFD9684D7
:040193008AFD90371A
:04019B008AFD91BD8B
:0401A3008AFD9066DB
:0401AB008AFD9267D0
:0401B3008AFD90979A
:0401BB008AFD92F037
:0401C3008AFD90C859
:0401CB008AFD93799D
:1001D3008AFD9B5D7E3400337E24000174017E140E
:1001E30000109AFDC564AAAA7E340033E49AFDC1C7
:1001F300BEAA7E34003374019AFDC1BEAA90B877BB
:10020300F090B877E0BEB00068069AFF01EB800477
:050213009AFF01F5AAAD
:10021B008AFD9A2875ED31000075ED32000075ED01
:10022B003F0000AA75ED1CAA75ED1DAA75ED1EAA5F
:10023B0075ED1FAA75ED20AA75ED2DAA75ED2EAAE9
:10024B0075ED2FAA75ED30AA75ED29AA75ED25AAC6
:100263008AFD9657696D7536363072622073656CF8
:0F0273006620636865636B206572726F722E0080
:040283008AFD962634
:040293008AFD90F957
:04029B008AFD940242
:0402A3008AFD912A15
:0402AB008AFD948BA9
:0402B3008AFD915BD4
:0402BB008AFD95140F
:0402C3008AFD918C93
:0402CB008AFD959D76
:0402D3008AFD8D6DA6
:1002DB008AFD8E4C3E3E5B736572766963655F6625
:1002EB00756E6374696F6E5F71756575655F696E49
:0602FB0069745D0D0A00AC
:040303008AFD980FC8
:04030B008AFD98C20D
:040313008AFD997551
:10031B008AFD9A7D00000000000000000000000034
:10032B00000000000000000808080808080800008A
:10033B000808000000482424120000000000000000
:10034B00000000000000004848487E2424247E243E
:10035B00242400000000103C5252121C305050520A
:10036B00523C1010000000222515150D2A5854542C
:10037B00522200000000000C1212120A76252919D5
:10038B00916E000000060404020000000000000053
:10039B000000000000402010100808080808081092
:1003AB001020400000020408081010101010100854
:1003BB00080402000000000008086B1C1C6B0808F6
:1003CB00000000000000000000101010FE101010C4
:1003DB000000000000000000000000000000000012
:1003EB000604040200000000000000007E00000074
:1003FB0000000000000000000000000000000000F2
:10040B0006060000000040202020101008080804F9
:10041B0004020200000000182442424242424242BF
:10042B0024180000000000101C10101010101010E9
:10043B00107C00000000003C4242424020100804A7
:10044B00427E00000000003C424240201820404207
:10045B00423C000000000020303028242422FE20E3
:10046B0020F800000000007E0202021E22404042E3
:10047B00221C0000000000182402023A46424242AD
:10048B00443800000000007E4220201010080808AD
:10049B00080800000000003C42424224182442425B
:1004AB00423C00000000001C22424242625C404081
:1004BB0024180000000000000000181800000000C5
:1004CB0018180000000000000000000800000000E9
:1004DB00000808080000004020100804020408105F
:1004EB00204000000000000000007E00007E0000A5
:1004FB00000000000000000204081020402010083B
:10050B00040200000000003C424246201010100084
:10051B00181800000000001C225A55555555553A25
:10052B00423C00000000000808181414243C22422E
:10053B0042E700000000001F2222221E22424242FC
:10054B00221F00000000007C424201010101014218
:10055B00221C00000000001F224242424242424243
:10056B00221F00000000003F4212121E1212024214
:10057B00423F00000000003F4212121E1212020204
:10058B00020700000000003C222201010171212220
:10059B00221C0000000000E7424242427E424242DF
:1005AB0042E700000000003E080808080808080899
:1005BB00083E00000000007C1010101010101010EE
:1005CB001010110F0000007722120A0E0A121222CD
:1005DB002277000000000007020202020202020260
:1005EB00427F00000000007736363636362A2A2A3C
:1005FB002A6B0000000000E346464A4A5252526200
:10060B00624700000000001C224141414141414131
:10061B00221C00000000003F424242423E02020206
:10062B00020700000000001C224141414141414DA5
:10063B00321C60000000003F4242423E1212222256
:10064B0042C700000000007C4242020418204042D6
:10065B00423E00000000007F49080808080808080F
:10066B00081C0000000000E7424242424242424264
:10067B00423C0000000000E74242222424141418DC
:10068B00080800000000006B2A2A2A2A2A361414B4
:10069B0014140000000000E7422424181818242426
:1006AB0042E7000000000077222214140808080813
:1006BB00081C00000000007E2120101008040442DA
:1006CB00423F0000007808080808080808080808D6
:1006DB000808780000000204040408080810102021
:1006EB0020204040001E1010101010101010101081
:1006FB0010101E0000182400000000000000000075
:10070B0000000000000000000000000000000000DE
:10071B00000000FF000608000000000000000000C1
:10072B0000000000000000000000001C22302C2202
:10073B00326C0000000000000302021A2642424203
:10074B00261A0000000000000000003844020202DC
:10075B0044380000000000006040407C42424242AE
:10076B0062DC0000000000000000003C42427E0200
:10077B00423C0000000000003048083E0808080812
:10078B00083E0000000000000000007C22221C023A
:10079B003C42423C000000000302023A4642424205
:1007AB0042E700000000000C0C00000E08080808CF
:1007BB00083E0000000000303000003820202020D0
:1007CB002020221E0000000003020272120A0E12E9
:1007DB0022770000000000080E0808080808080827
:1007EB00083E0000000000000000007F92929292F1
:1007FB0092B70000000000000000003B464242425E
:10080B0042E70000000000000000003C4242424270
:10081B00423C0000000000000000001B2642424248
:10082B00261A0207000000000000005864424242F2
:10083B00645840E000000000000000774C04040402
:10084B00041F0000000000000000007C42023C403E
:10085B00423E0000000000000008083E080808089F
:10086B00483000000000000000000063424242429A
:10087B0062DC00000000000000000077222214144C
:10088B000808000000000000000000DB91525A2A0B
:10089B0024240000000000000000006E241818182B
:1008AB002476000000000000000000E7422424181A
:1008BB0018080806000000000000007E221008083F
:1008CB00447E000000C0202020202020102020206B
:1008DB002020C0001010101010101010101010104D
:1008EB00101010100003040404040404080404048E
:1008FB0004040300045A2000000000000000000064
:10090B000000000088008001FF0100000001FF00D3
:10091B008000FF014F004E2CFF00B6B4FF0100001A
:10092B00FF00090010001100240125FF7500FF01D5
:10093B004E2C48003020FF003009540031043203A4
:10094B0040834625600027005006510052965608FA
:10095B005730610062006400650066A0FF0122321F
:10096B00471449FF4A00FF007A0A7B007821FF01F8
:10097B002334420044FF4526460540400E06201A0C
:10098B004340FF0034033544FF0131044B094C0550
:10099B004D04FF00440045204708482867007004B9
:1009AB00710172FE76007700FF010D01FF008001DF
:1009BB0001F8FF018E010001FF0080001E035300B0
:1009CB005400430020005500530042002000530008
:1009DB0065007200690061006C00040309041201D8
:1009EB00000202000040BF3402FF000101020001BF
:1009FB0009024300020100803209040000010202D7
:100A0B000100052400100105240100010424020249
:100A1B000524060001070582034000FF09040100BD
:100A2B00020A0000000705810240000007050102D1
:100A3B0040000000000100080353005400430090E5
:100A4B00B7341BEA20793E000290B734691E0002CE
:100A5B000BEA009F119AFEB79B28129F1190B73497
:100A6B00691E00020BEA009AFF0233800A90B7342A
:100A7B00693E00020BEA202290AD951BEA00791E1D
:100A8B00000290AD911BEA20793E000290AD956972
:100A9B001E00020BEA0090AD91693E00020BEA20AA
:100AAB009AFEB79B500C90AD95693E00020BEA2065
:100ABB00803090AD99691E00020BEA0090AD9169F0
:100ACB003E00020BEA209AFEB79B280C90AD996969
:100ADB003E00020BEA20800A90AD91693E00020BAA
:100AEB00EA202290B29B1BEA00791E000290B2977B
:100AFB001BEA20793E000290B29B691E00020BEAB2
:100B0B000090B297693E00020BEA209AFEB79B2831
:100B1B000C90B297693E00020BEA20800A90B29BC0
:100B2B00693E00020BEA202290ADA11BEA00791E60
:100B3B00000290AD9D1BEA20793E000290ADA169A9
:100B4B001E00020BEA009F119AFEB79B40049F11F7
:100B5B00807E90AD9D693E00020BEA20120A4A90FE
:100B6B00ADA5793E00021BEA2090ADA1693E0002C3
:100B7B000BEA2090AD99793E00021BEA2090ADA5BF
:100B8B00693E00020BEA209F00120A8390ADA57903
:100B9B003E00021BEA206D117E043F8090ADA169DF
:100BAB003E00020BEA209AFEB79B780C90ADA5692C
:100BBB003E00020BEA20801890ADA5693E00020BA7
:100BCB00EA2090ADA1691E00020BEA009AFF023BDE
:100BDB002290A8ED1BEA00791E000290A8E91BEAFF
:100BEB0020793E000290A8ED693E00020BEA2090AE
:100BFB00A8E9691E00020BEA009AFF023390A8F1E4
:100C0B00793E00021BEA2090A8F1691E00020BEA54
:100C1B00009F119AFEB79B50146D337E2442A07E29
:100C2B0014D70A7E043BA39AFF023780126D337EE2
:100C3B002442A07E14D70A7E043BA39AFF0237906E
:100C4B00A8F5793E00021BEA2090A8F5691E000268
:100C5B000BEA0090A8F1693E00020BEA209AFEB75E
:100C6B009B281690A8F5693E00020BEA2090A8F18C
:100C7B00793E00021BEA20803C9F1190A8F5691E6B
:100C8B0000020BEA009AFF02337F0190A8F1693E44
:100C9B0000020BEA209AFEB79B501A9F1190A8F501
:100CAB00691E00020BEA009AFF023390A8F1793E0D
:100CBB0000021BEA2090A8E9693E00020BEA209093
:100CCB00A8F1691E00020BEA009AFF022F227E1484
:100CDB00BFC77E0400FF7E34ABA07E2400017401ED
:100CEB009AFD519A7E14BFB87E0400FF7E34AB98F8
:100CFB007E24000174019AFD519A229AFF78677E37
:100D0B002400C8BD32500474018001E422120D0688
:100D1B00BEB0006804740180467E14A3147E0400E8
:100D2B00019AFEB4C490A32CE0BEB00068306D11E4
:100D3B007E0441F090A318693E00020BEA209AFE54
:100D4B00B79B281A6D117E0443A590A318693E002A
:100D5B00020BEA209AFEB79B500474018001E42237
:100D6B009AFE6A26BEB0006808E490ABA4F0020EAF
:100D7B00397E14A0277E0400019AFE6C7E6D117ED5
:100D8B00043F0090A03F693E00020BEA209AFEB799
:100D9B009B5008E490ABA4F0020E39120D1890A0F2
:100DAB0022F090A022E0BEB000686A9AFF5CA50A10
:100DBB003B6D229AFF025390AB98691E00020BEA1F
:100DCB00009AFF022F90A023793E00021BEA206DB0
:100DDB00117E0442B490A023693E00020BEA209AD4
:100DEB00FEB79B28106D337E2442B490A023793E2E
:100DFB0000021BEA206D117E043F0090A023693E88
:100E0B0000020BEA209AFEB5C29AFEB82C7CB79A68
:100E1B00FF5C62801190ABA4E0BEB00068089AFF43
:100E2B005CA59AFF5C6290A022E090ABA4F0227EBE
:100E3B0014A5717E0400019AFF58227E3466667EEB
:100E4B00243F6690ABA0793E00021BEA2090A57D63
:100E5B00693E00020BEA2090AB9C793E00021BEA34
:100E6B0020120CD99AFF0E977E14BF9E7E0400FFB2
:100E7B009AFEB8697E14BF9E7E0400FF9AFE9469A9
:100E8B00AA90AB9C693E00020BEA20AA7E14998FB4
:100E9B007E0400019AFF58227E1499A37E04000160
:100EAB009AFF33E4909997693E00020BEA206D118B
:100EBB007E043F80120B3390997B793E00021BEA34
:100ECB00209099A3693E00020BEA206D117E043F2E
:100EDB0080120B3390997F793E00021BEA20909988
:100EEB007B693E00020BEA2090997F691E00020B82
:100EFB00EA00120AEE909983793E00021BEA206DFC
:100F0B00337E243F8090AD99793E00021BEA2090FE
:100F1B00ABA0693E00020BEA209F00120A83909956
:100F2B0087793E00021BEA206D337E243F80909927
:100F3B0087691E00020BEA009AFF023390998369BE
:100F4B001E00020BEA009AFF02377F016D337E24ED
:100F5B003F809AFF02337F0190999B693E00020B01
:100F6B00EA209AFF023790998B793E00021BEA2008
:100F7B009AFDD463BEB00068109AFDD46890AB9C08
:100F8B00793E00021BEA20802190AB9C693E000257
:100F9B000BEA2090998B691E00020BEA00120BDC06
:100FAB0090AB9C793E00021BEA20120D6BAAE4F574
:100FBB00DC7490F5F4E46C779AFF103E74017E704C
:100FCB00089AFF103E74077E703F9AFF103E74091B
:100FDB007E703F9AFF103E740B7E70079AFF103E97
:100FEB0074016C779AFF103E740290A708F0E4909E
:100FFB00A709F0E490A710F0E490A711F0C3C2008A
:10100B00C3C20143B58043B680D3A9D7AFAA90B86A
:10101B0022F0E5FC20E7FB90B8227EEBA074804C1D
:10102B00BAF5FCE5FC20E7FBE5EC90B823F090B8B3
:10103B0023E0AA90B8257AEB7090B824F0E5FC2059
:10104B00E7FB90B8247EEBA0747F5CBAF5FC90B8FC
:10105B0025E0F5ECAA90B35D1BEA00791E00029027
:10106B00B35CF074169AFF101990B361F090B362F1
:10107B00F0802B90B35CE09AFF101990B35D693E42
:10108B0000020BEA207A1BB090B35D693E00020BA5
:10109B00EA200B3490B35D793E00021BEA2090B33B
:1010AB00617EEBA07E70017CBA9CB7F0BEA000788D
:1010BB00C290B362E0AA90B4687AEB7090B4641BF0
:1010CB00EA00791E000290B463F0801E90B463E0D6
:1010DB0090B464691E00020BEA007E0B700B14794E
:1010EB001E00021BEA009AFF103E90B4687EEBA034
:1010FB007E70017CBA9CB7F0BEA00078CFAACA7BE9
:10110B00CA6BCA5BCA4BCA2BCA1BCA0BC0D0C083E3
:10111B00C082E5FC90B6A7F074069AFF101990B642
:10112B00A4F074029AFF101990B6A5F074049AFFFC
:10113B00101990B6A6F090B6A4E030E1049AFF1116
:10114B00A990B6A4E030E2049AFF11AA90B6A5E0EC
:10115B0030E0049AFF11FC90B6A5E030E1049AFF51
:10116B00141290B6A5E030E2049AFF144890B6A68C
:10117B00E030E1049AFF147B90B6A4E030E0049ACF
:10118B00FF11FB90B6A7E0F5FCD082D083D0D0DA6C
:10119B000BDA1BDA2BDA4BDA5BDA6BDA7B32AAE48B
:1011AB006C779AFF103E740290A708F0E490A709A1
:1011BB00F0740E7E70019AFF103E74117E70489A87
:1011CB00FF103E740E7E70029AFF103E74117E70FB
:1011DB00489AFF103E740E7E70019AFF103E7414F5
:1011EB007E70909AFF103E740E6C779AFF103EAA99
:1011FB00AA740E6C779AFF103E74119AFF10199017
:10120B00B86EF090B86EE030E216741190B86E7E46
:10121B00EB707E60FB5C769AFF103EE490A709F0C2
:10122B0090B86EE030E411741190B86E7EEB707E66
:10123B0060804C769AFF103E90A709E024FD685A17
:10124B0014685D0BB2785D90B86EE030E056742098
:10125B007E14A7007E0400019AFF106090A7060B76
:10126B00EA309AFF790F90A7061BEA3090A7007E11
:10127B00EBA074605CBA24E0680E24E06810244094
:10128B0078129AFEDF7A801C9AFF75A280169AFC60
:10129B00FFF980109AFF12B0800A9AFF12F38004B4
:1012AB009AFF1391AA740590A709F074117E7060D0
:1012BB009AFF103EAA740390A709F074117E704038
:1012CB009AFF103E9AFF12F3AA740490A709F074C8
:1012DB00117E70409AFF103EAAE490A709F074119A
:1012EB007E70489AFF103EAA740E6C779AFF103EE0
:1012FB0074119AFF101990B826F090B826E030E1DF
:10130B000302139090A70A0BEA207E340040BD2302
:10131B0028047440800690A70A0BEA5090B827F077
:10132B00742090A70C691E00020BEA0090B8277E70
:10133B00EB709AFF10C190B827E00A2B90A70A0B0D
:10134B00EA309D321BEA3090B827E00A1B90A70CBD
:10135B00693E00020BEA202D31793E00021BEA2088
:10136B006D2290A70A0BEA30BD32781074117E7093
:10137B000A9AFF103EE490A709F0800974117E7061
:10138B00029AFF103EAA740E6C779AFF103E7411EE
:10139B009AFF101990B828F090B828E030E06774E5
:1013AB002090A70C691E00020BEA009AFF106090B8
:1013BB00B829F090B829E00A2B90A70A0BEA309DC8
:1013CB00321BEA3090B829E00A1B90A70C693E004B
:1013DB00020BEA202D31793E00021BEA206D229090
:1013EB00A70A0BEA30BD32781074117E70489AFF51
:1013FB00103EE490A709F0800974117E70409AFFAB
:10140B00103E9AFF765BAA740E7E70019AFF103E17
:10141B0074119AFF101990B86FF090B86FE030E527
:10142B000974117E70409AFF103E90B86FE030E265
:10143B000874116C779AFF103EC3C200AA740E7E1B
:10144B0070029AFF103E74119AFF101990B870F049
:10145B0090B870E030E50974117E70409AFF103E31
:10146B0090B870E030E20874116C779AFF103EAAC6
:10147B00740E7E70019AFF103E74149AFF1019902F
:10148B0095BEF09095BEE030E60974147E70809A9C
:10149B00FF103E9095BEE030E07774169AFF10195E
:1014AB009095BFF0E49095C0F0802874219AFF10BE
:1014BB00197CAB9095C0E00A2B7E3495C12D327A06
:1014CB0071827A61837AEBA09095C07EEBA0740158
:1014DB002CBAF09095BF7EEBA09095C0E0BCBA40C3
:1014EB00CA90B664693E00020BEA204D23681A7E4F
:1014FB001495C17E0400019095BFE00A3B90B66441
:10150B00695E00020BEA40992874146C779AFF10FD
:10151B003EAA90B2431BEA00791E000290B23F1B19
:10152B00EA20793E000290B243691E00020BEA00EA
:10153B000B16693000020B0A2090B23F691E0002A5
:10154B000BEA009F0190B243695E00020BEA402E4A
:10155B00540008693200020B2A20BF0140047401B9
:10156B008001E422A2AFE43390B847F0C3C2AFE4EA
:10157B0090B846F002163F9F0090B8467EEB707411
:10158B0012ACB77E348BF32D357A71827A61837905
:10159B001E00021BEA009F0090B8467EEB7074128F
:1015AB00ACB77E348BF72D357A71827A6183791ED5
:1015BB0000021BEA009F0090B8467EEB707412ACE1
:1015CB00B77E348BFB2D357A71827A6183791E005D
:1015DB00021BEA009F0090B8467EEB707412ACB70A
:1015EB007E348BFF2D357A71827A6183791E0002EE
:1015FB001BEA006C5590B8467EEB407412ACB47E7F
:10160B00348C032D357A71827A61837AEB506C5569
:10161B0090B8467EEB407412ACB47E348C042D35FE
:10162B007A71827A61837AEB5090B8467EEBA07424
:10163B00012CBAF090B8467EEBA07408BCAB5003FB
:10164B000215829F11908BEF793E00021BEA2090CE
:10165B00B847E024FF92AF7E1402DF7E0400FF9AAE
:10166B00FEB8697E1402DF7E0400FF9AFE9469AA1D
:10167B00AA90A9A7F090A9A31BEA20793E0002909B
:10168B00A99F1BEA00791E000290A99F693E0002E8
:10169B000BEA204D23681890A9A77EEBA07401BC20
:1016AB00AB400C90A9A77EEBA07404BCAB2804E460
:1016BB0002181B9AFF76EC90A9AA793E00021BEA4E
:1016CB0020A2AFE43390A9A9F0C3C2AFE490A9A8BC
:1016DB00F002180390A9A87EEB707412ACB77E349D
:1016EB008C042D357A71827A6183E0BEB000680379
:1016FB000217F890A99F691E00020BEA0090A9A897
:10170B007EEB707412ACB77E348BF32D357A71820D
:10171B007A6183791E00021BEA0090A9AA691E0058
:10172B00020BEA0090A9A87EEB707412ACB77E3462
:10173B008BF72D357A71827A6183791E00021BEA51
:10174B00007E14000A90A9A3693E00020BEA209ABE
:10175B00FEBEC77F0190A9A87EEB707412ACB77E5A
:10176B00348BFB2D357A71827A6183791E00021BD3
:10177B00EA00908BEF691E00020BEA007E18000155
:10178B002F10793E00021BEA2090A9A87EEB707403
:10179B0012ACB77E348BFF2D357A71827A618379E7
:1017AB001E00021BEA0090A9A77EEB5090A9A87E11
:1017BB00EB407412ACB47E348C032D357A71827A83
:1017CB0061837AEB507E500190A9A87EEB40741296
:1017DB00ACB47E348C042D357A71827A61837AEBCA
:1017EB005090A9A9E024FF92AF7401802390A9A87F
:1017FB007EEBA074012CBAF090A9A87EEBA0740824
:10180B00BCAB50030216DF90A9A9E024FF92AFE412
:10181B00AAE490A480F09AFF76EC90A470793E0035
:10182B00021BEA20A2AFE43390A46FF0C3C2AF90C7
:10183B008BEF693E00020BEA2090A474793E000204
:10184B001BEA2090A46FE024FF92AF740490A46C69
:10185B00F0021A5D740890A46EF090A474693E00B7
:10186B00020BEA2090A478793E00021BEA209F111C
:10187B0090A47C793E00021BEA20A2AFE43390A433
:10188B006FF0C3C2AFE490A46DF00219C190A46DC8
:10189B007EEB707412ACB77E348C042D357A71826A
:1018AB007A6183E0BEB00078030219B690A46D7E16
:1018BB00EB707412ACB77E348C032D357A71827A4F
:1018CB0061837EEBA090A46CE0BCBA68030219B6EE
:1018DB0090A46D7EEB707412ACB77E348BFF2D35FC
:1018EB007A71827A6183691E00020BEA0090A474FC
:1018FB00693E00020BEA20BF0140030219B690A417
:10190B0070693E00020BEA2090A46D7EEB307412DE
:10191B00ACB37E148BF32D157E04000112151D0A3A
:10192B002B6D33BD2378030219B690A46D7EEB703B
:10193B007412ACB77E348BFF2D357A71827A61834A
:10194B00691E00020BEA0090A478693E00020BEAC4
:10195B0020BF01505690A46DE090A46EF090A46D42
:10196B007EEB707412ACB77E148BFF2D157A31821F
:10197B007A2183693E00020BEA2090A478793E001D
:10198B00021BEA2090A46D7EEB707412ACB77E1430
:10199B008BF32D157A31827A2183693E00020BEA93
:1019AB002090A47C793E00021BEA2090A46D7EEB74
:1019BB00A074012CBAF090A46D7EEBA07408BCABA4
:1019CB00500302189890A46EE0BEB008683A9F00CE
:1019DB0090A46E7EEB707412ACB77E348BF32D3506
:1019EB007A71827A6183791E00021BEA006C559032
:1019FB00A46E7EEB407412ACB47E348C042D357A1D
:101A0B0071827A61837AEB5090A46FE024FF92AFDE
:101A1B0090A47C693E00020BEA204D23682690A41B
:101A2B007C693E00020BEA20991890A4807EEBA003
:101A3B0074012CBAF090A4807EEBA07402BCAB5066
:101A4B002002185F90A46C7EEBA07E70017CBA9C88
:101A5B00B7F090A46C7EEBA07401BCAB40030218F2
:101A6B005FAA90AD711BEA00791E000290AD6D1B51
:101A7B00EA20793E000290AD71691E00020BEA006C
:101A8B0090AD6D693E00020BEA209AFEB79B500C9D
:101A9B0090AD71693E00020BEA20803090AD6D690C
:101AAB001E00020BEA0090AD75693E00020BEA20A6
:101ABB009AFEB79B500C90AD75693E00020BEA2065
:101ACB00800A90AD6D693E00020BEA202290B5B3FF
:101ADB001BEA20793E0002E490B5B7F0804090B548
:101AEB00B7E00A3B6D227F012F002F007E34B42C10
:101AFB007E2400FF2F10691100020B1A0090B5B362
:101B0B00693E00020BEA209AFEB79B380690B5B7E8
:101B1B00E0801990B5B77EEBA074012CBAF090B5AC
:101B2B00B77EEBA07406BCAB40B474052290B0F842
:101B3B00F090B0F41BEA20793E000290B0F8E00A76
:101B4B003B6D222F112F117E14B42C7E0400FF2F1E
:101B5B0001693000020B0A2090B0F8E00A1B6D00FF
:101B6B002F002F007E54B4287E4400FF2F206912D3
:101B7B0000020B2A009AFF023390B0F9793E000263
:101B8B001BEA2090B0F9693E00020BEA204D237846
:101B9B00049F11803990B0F4693E00020BEA20904B
:101BAB00B0F8E00A1B6D002F002F007E54B4287E86
:101BBB004400FF2F20691200020B2A009AFF023308
:101BCB0090B0F9691E00020BEA009AFF023B2290CB
:101BDB009B8D1BEA20793E0002909B891BEA0079C2
:101BEB001E0002909B8D693E00020BEA20121AD850
:101BFB00909B95F0909B91693E00020BEA20121A84
:101C0B00D8909B96F0909B8D693E00020BEA20903A
:101C1B009B95E0121B38909B97793E00021BEA20A4
:101C2B00909B91693E00020BEA20909B96E0121B61
:101C3B0038909B9B793E00021BEA20909B957EEB94
:101C4B0050741CAC5B909B967EEB707404AC7B2D3C
:101C5B0032909B89691E00020BEA002D136930003C
:101C6B00020B0A20909B9F793E00021BEA20909B5F
:101C7B00957EEB50741CAC5B909B967EEB70740462
:101C8B00AC7B2D32909B89691E00020BEA002D1351
:101C9B000B16693000020B0A20909BA3793E0002C1
:101CAB001BEA20909B957EEB50741CAC5B909B9633
:101CBB007EEB707404AC7B2D32909B89691E000205
:101CCB000BEA002D132E14001C693000020B0A20A6
:101CDB00909BA7793E00021BEA20909B957EEB50D0
:101CEB00741CAC5B909B967EEB707404AC7B2D32BA
:101CFB00909B89691E00020BEA002D132E14002005
:101D0B00693000020B0A20909BAB793E00021BEA64
:101D1B0020909BA3693E00020BEA20909B9F691EBB
:101D2B0000020BEA009AFF0233909B9B691E000294
:101D3B000BEA009AFF02377F01909B9F693E0002DE
:101D4B000BEA209AFF022F909BAF793E00021BEA11
:101D5B0020909BAB693E00020BEA20909BA7691E6B
:101D6B0000020BEA009AFF0233909B9B691E000254
:101D7B000BEA009AFF02377F01909BA7693E000296
:101D8B000BEA209AFF022F909BB3793E00021BEACD
:101D9B0020909BB3693E00020BEA20909BAF691E1B
:101DAB0000020BEA009AFF0233909B97691E000218
:101DBB000BEA009AFF02377F01909BAF693E00024E
:101DCB000BEA209AFF022F226D337E243F8090A8CE
:101DDB00C9793E00021BEA206D337E243F8090A818
:101DEB00CD793E00021BEA206D337E243F8090A804
:101DFB00D1793E00021BEA206D337E243F8090A8F0
:101E0B00D5793E00021BEA20AA90A22C1BEA00798E
:101E1B001E000290A2281BEA20793E000290A230FD
:101E2B00693E00020BEA204D237803021FB990A2F2
:101E3B0028693E00020BEA2090A8C9691E00020B1C
:101E4B00EA009AFF023790A234793E00021BEA2087
:101E5B0090A22C693E00020BEA2090A8CD691E00CF
:101E6B00020BEA009AFF023790A238793E00021B60
:101E7B00EA207E14B4407E0400FF693000020B0A96
:101E8B002090AD75793E00021BEA2090A234693E8A
:101E9B0000020BEA207E54B4287E4400FF69120036
:101EAB00020B2A00121A6D90A234793E00021BEA33
:101EBB00207E14B4407E0400FF693000020B0A2020
:101ECB0090AD75793E00021BEA2090A238693E0066
:101EDB00020BEA207E54B4287E4400FF69120002F4
:101EEB000B2A00121A6D90A238793E00021BEA20D1
:101EFB0090A238693E00020BEA20909B91793E003C
:101F0B00021BEA207E14B5087E0400FF90A2346900
:101F1B003E00020BEA20121BDA90A23C793E000233
:101F2B001BEA2090A238693E00020BEA20909B919D
:101F3B00793E00021BEA207E14B4447E0400FF901D
:101F4B00A234693E00020BEA20121BDA90A2407900
:101F5B003E00021BEA2090A23C693E00020BEA20E5
:101F6B0090A8D1691E00020BEA009AFF02377F018D
:101F7B0090A230693E00020BEA20791100021B1A75
:101F8B000090A240693E00020BEA2090A8D5691E82
:101F9B0000020BEA009AFF02377F0190A230693EE4
:101FAB0000020BEA200B36791100021B1A00AAD390
:101FBB00A9D7BAE47E34FAE27E24007E7A1BB07491
:101FCB00887E34FAE07E24007E7A1BB07E348DC18D
:101FDB007D130A127E34FAE87E24007E7A1B307E53
:101FEB00148DC17E34FAE97E24007E7A1B30740A8C
:101FFB007E34FAE37E24007E7A1BB074F87E34FACA
:10200B00EA7E24007E7A1BB0E47E34FAEB7E240059
:10201B007E7A1BB074807E34FAE17E24007E7A1BBC
:10202B00B0227E3413136D229AFF562A7E34141479
:10203B006D229AFF562A7E3415156D229AFF562A69
:10204B007E3417176D229AFF562A7E3416166D2290
:10205B009AFF562AE490B7CEF00221336D2290B747
:10206B00CE7EEB70740FACB77E348DA32D357A71A9
:10207B00827A61831BEA206D2290B7CE7EEB70745F
:10208B000FACB77E348DA52D357A71827A61831BA7
:10209B00EA206D2290B7CE7EEB70740FACB77E3416
:1020AB008DA72D357A71827A61831BEA206D229080
:1020BB00B7CE7EEB70740FACB77E348DA92D357A0D
:1020CB0071827A61831BEA206D2290B7CE7EEB7012
:1020DB00740FACB77E348DAB2D357A71827A6183F8
:1020EB001BEA209F0090B7CE7EEB70740FACB77ECF
:1020FB00348DAD2D357A71827A6183791E00021B86
:10210B00EA006C5590B7CE7EEB40740FACB47E34C6
:10211B008DB12D357A71827A61837AEB5090B7CE7F
:10212B007EEBA074012CBAF090B7CE7EEBA07402BC
:10213B00BCAB5003022067E490B7CCF0804CE4902A
:10214B00B7CDF0802E6C5590B7CC7EEB307414ACC1
:10215B003B90B7CDE00A0B2D107E348DC12D317A1B
:10216B0071827A61837AEB5090B7CD7EEBA07401CC
:10217B002CBAF090B7CD7EEBA07414BCAB40C690DC
:10218B00B7CC7EEBA074012CBAF090B7CC7EEBA051
:10219B007405BCAB40A8E4908E25F0E4908D9EF0C6
:1021AB009F11908D9F793E00021BEA20121FBA9A55
:1021BB00FF229CAAAA90B6B41BEA00791E000290DB
:1021CB00B6B4691E00020BEA009F119AFF21DBAA2D
:1021DB0090AEB21BEA20793E000290AEAE1BEA0035
:1021EB00791E000290AEAE693E00020BEA204D2331
:1021FB007804E402229BA2AFE43390AEB6F0C3C2E4
:10220B00AF908D9EE090AEB7F090AEB77EEB707452
:10221B000FACB77E348DA32D3590AEAE691E000288
:10222B000BEA007E240001740A9AFEBED090AEB772
:10223B007EEB70740FACB77E348DB12D357A718215
:10224B007A6183E090AEB8F090AEB2693E00020BBB
:10225B00EA204D23682E90AEB77EEB70740FACB7AF
:10226B007E348DAD2D357A71827A6183691E0002C1
:10227B000BEA0090AEB2693E00020BEA2079110026
:10228B00021B1A0090AEB6E024FF92AF90AEB8E0FE
:10229B00AAE490B83BF0A2AFE43390B83AF0C3C2D3
:1022AB00AF908E25E0BEB0007829D3A9D7BAE47ED3
:1022BB0034FAE27E24007E7A1BB074C07E34FAE1DD
:1022CB007E24007E7A1BB07401908E25F0740190F1
:1022DB00B83BF090B83AE024FF92AF90B83BE0AA3D
:1022EB00D3A9D7BA7E34FAE27E24007E7E1BB020BF
:1022FB00E003022482E47E34FAE27E24007E7A1B21
:10230B00B0908D9E7EEBA074016CBA90B475F0907A
:10231B008DD3E00A3B7C676C77908DD4E00A2B4D14
:10232B002390B4757EEB70740FACB77E348DA32DF8
:10233B00357A71827A61831BEA20908DE7E00A3B44
:10234B007C676C77908DE8E00A2B4D2390B4757EFB
:10235B00EB70740FACB77E348DA52D357A71827A04
:10236B0061831BEA20908DFBE00A3B7C676C7790C6
:10237B008DFCE00A2B4D2390B4757EEB70740FAC83
:10238B00B77E348DA72D357A71827A61831BEA2053
:10239B00908E23E00A3B7C676C77908E24E00A2BAF
:1023AB004D2390B4757EEB70740FACB77E348DA952
:1023BB002D357A71827A61831BEA20908E0FE00AA9
:1023CB003B7C676C77908E10E00A2B4D2390B47595
:1023DB007EEB70740FACB77E348DAB2D357A71827A
:1023EB007A61831BEA207E080001908D9F693E0075
:1023FB00020BEA202F1090B477793E00021BEA20E3
:10240B0090B477691E00020BEA0090B4757EEB70F6
:10241B00740FACB77E348DAD2D357A71827A6183B2
:10242B00791E00021BEA007E500190B4757EEB40D2
:10243B00740FACB47E348DB12D357A71827A618391
:10244B007AEB50A2AFE43390B476F0C3C2AF90B442
:10245B0077693E00020BEA20908D9F793E00021BAC
:10246B00EA2090B475E0908D9EF090B476E024FF56
:10247B0092AFE4908E25F0AAA2AFE43390B83CF073
:10248B00C3C2AF908D9E7EEB70740FACB77E348D54
:10249B00B12D357A71827A6183E090B83DF090B8B6
:1024AB003CE024FF92AF90B83DE0AA908E25E0AAC5
:1024BB00A2AFE43390B878F0C3C2AFD3A9D7BAE4D4
:1024CB007E34FAE17E24007E7A1BB0E47E34FAE29D
:1024DB007E24007E7A1BB0E4908E25F0121FBA90FA
:1024EB00B878E024FF92AFAA90B80F7AEB7090B84F
:1024FB000EF0C3C2B47E34000290B80EE090B80F59
:10250B007EEB509AFC97D5D3D2B42290B08D1BEAB8
:10251B0020793E000290B0891BEA00791E000290E0
:10252B00B088F0C3C2B490B08D693E00020BEA20B4
:10253B0090AE68793E00021BEA207E34000290B018
:10254B0088E090B089691E00020BEA009AFC9802A1
:10255B00D3D2B42290B7C3F0C3C2B47E180002909A
:10256B00AE73793E00021BEA207E34000290B7C3A3
:10257B007EEBA074804CBA7E14B7C47E0400019A23
:10258B00FC9ACAD3D2B490B7C5E02290A6721BEACC
:10259B0020793E000290A66E1BEA00791E00029085
:1025AB00A66DF06D3390A6761BEA30C3C2B47E08DD
:1025BB00000190A672693E00020BEA202F1090AE2C
:1025CB0073793E00021BEA207E34000290A66D7EDA
:1025DB00EBA074804CBA7E14A6787E0400019AFCA2
:1025EB009ACAD3D2B46D3390A6761BEA308045904D
:1025FB00A6760BEA207E34A6792D327A71827A6127
:10260B0083E090A66E693E00020BEA207A1BB09025
:10261B00A66E693E00020BEA200B3490A66E793E43
:10262B0000021BEA2090A6760BEA207E3400012DD7
:10263B00321BEA3090A6760BEA106D0090A67269F9
:10264B003E00020BEA20BF0140A522E490B68CF0BD
:10265B00E490B68DF06D3390B68E1BEA3090B68E4B
:10266B000BEA207E3400012D321BEA307E340064ED
:10267B00BD232808740190B68DF08027E412255FE6
:10268B0090B68CF07E1403E890B5CC693E00020B3B
:10269B00EA209AFCFFEB9AFF73B790B68CE0BEB0C2
:1026AB002478BA90B68DE022740C7E14B4217E048B
:1026BB0000017E18000612259690B422E00A2B7CAE
:1026CB00456C5590B421E00A3B4D3290A5211BEA95
:1026DB003090B424E00A2B7C456C5590B423E00A6F
:1026EB003B4D3290A5231BEA3090B426E00A2B7C9D
:1026FB00456C5590B425E00A3B4D3290A5251BEA5D
:10270B0030AA74127E14B4277E0400017E180006D2
:10271B0012259690B428E00A2B7C456C5590B42773
:10272B00E00A3B4D3290A5271BEA3090B42AE00A11
:10273B002B7C456C5590B429E00A3B4D3290A52972
:10274B001BEA3090B42CE00A2B7C456C5590B42BD3
:10275B00E00A3B4D3290A52B1BEA30AAE490B86AF5
:10276B00F07E1403E890B5CC693E00020BEA209A88
:10277B00FCFFEB7E1400149AFEBEC79AFF73B77E64
:10278B0034229790A5151BEA307E34229590A5171D
:10279B001BEA307E34229690A5191BEA307E34FF5B
:1027AB00FF90A51B1BEA307E3400026D227E14962F
:1027BB00807E0400989AFC9E317E3400447E240077
:1027CB000174017E1400109AFDC564E412255F129A
:1027DB002656BEB00068157E14BBD87E0400FF9A47
:1027EB00FEB869740190B86AF00229E3747C6C77C7
:1027FB001224F37E1403E890B5CC693E00020BEA79
:10280B00209AFCFFEB9AFF73B774596C771224F381
:10281B00745E7E147B647E0400FF7E1820001225FC
:10282B001674597E70011224F37E1403E890B5CC14
:10283B00693E00020BEA209AFCFFEB7E1400149A0F
:10284B00FEBEC79AFF73B7742112255FBEB0016835
:10285B00157E14BBC17E0400FF9AFEB8697401900B
:10286B00B86AF00229E3747D7E700E1224F3744073
:10287B007E70A71224F374427E70A91224F37E3467
:10288B0000022E34000068221B3468371B34684D5D
:10289B001B34686380007E14BB987E0400FF9AFE95
:1028AB00B869740190B86AF0806574416C77122432
:1028BB00F36D337E24468090A52D793E00021BEAF2
:1028CB0020804C74417E70011224F36D337E2446BC
:1028DB000090A52D793E00021BEA20803274417EC8
:1028EB0070021224F36D337E24458090A52D793E22
:1028FB0000021BEA20801874417E70031224F36DD2
:10290B00337E24450090A52D793E00021BEA2090D2
:10291B00B86AE0BEB00178030229E37E3400042ECE
:10292B00340000682A1B3468421B34685A1B346815
:10293B00721B3478030229CA80007E14BB6E7E049E
:10294B0000FF9AFEB869740190B86AF00229E3742B
:10295B00437E70041224F37E3433337E24438390FE
:10296B00A531793E00021BEA20806D74437E700313
:10297B001224F37E3433337E24430390A531793E06
:10298B0000021BEA20805174437E70021224F37EF6
:10299B003433337E24428390A531793E00021BEA07
:1029AB0020803574437E70011224F37E3433337EE2
:1029BB0024420390A531793E00021BEA2080197452
:1029CB00436C771224F37E3433337E24418390A5FA
:1029DB0031793E00021BEA2090B86AE0AAD3A9D74E
:1029EB00BAE47E34FA127E24007E7A1BB074807EA9
:1029FB0034FA107E24007E7A1BB07E349D487D1302
:102A0B000A127E34FA177E24007E7A1B307E149DC8
:102A1B00487E34FA187E24007E7A1B30740A7E348A
:102A2B00FA197E24007E7A1BB074017E34FA1A7E6A
:102A3B0024007E7A1BB0E47E34FA1B7E24007E7A5F
:102A4B001BB074807E34FA117E24007E7A1BB02278
:102A5B007E3400206D229AFF562AE490B875F080E0
:102A6B00226CAA90B875E00A2B7E349D482D327AE1
:102A7B0071827A61837AEBA090B8757EEBA07401BA
:102A8B002CBAF090B8757EEBA07414BCAB40D2E4BA
:102A9B0090B875F080606D2290B8757EEB707407FE
:102AAB00ACB77E349D3A2D357A71827A61831BEAFD
:102ABB00209F0090B8757EEB707407ACB77E349D89
:102ACB003C2D357A71827A6183791E00021BEA00F4
:102ADB006C5590B8757EEB407407ACB47E349D405A
:102AEB002D357A71827A61837AEB5090B8757EEBD3
:102AFB00A074012CBAF090B8757EEBA07402BCAB3D
:102B0B004094E4909D35F09F11909D36793E0002E4
:102B1B001BEA20E4909D5CF01229E89AFF2B2CAA6B
:102B2B00AAE490B82DF0A2AFE43390B82CF0C3C256
:102B3B00AF909D5CE0BEB0007829D3A9D7BAE47EF4
:102B4B0034FA127E24007E7A1BB074C07E34FA11E4
:102B5B007E24007E7A1BB07401909D5CF074019012
:102B6B00B82DF090B82CE024FF92AF90B82DE0AACE
:102B7B00D3A9D7BA7E34FA127E24007E7E1BB020F6
:102B8B00E003022C66E47E34FA127E24007E7A1B6C
:102B9B00B0909D357EEBA074016CBA90B469F09047
:102BAB009D5AE00A3B7C676C77909D5BE00A2B4D4E
:102BBB002390B4697EEB707407ACB77E349D3A2DCD
:102BCB00357A71827A61831BEA207E080001909D21
:102BDB0036693E00020BEA202F1090B46B793E0051
:102BEB00021BEA2090B46B691E00020BEA0090B442
:102BFB00697EEB707407ACB77E349D3C2D357A71D2
:102C0B00827A6183791E00021BEA007E500190B428
:102C1B00697EEB407407ACB47E349D402D357A71E0
:102C2B00827A61837AEB50A2AFE43390B46AF0C33B
:102C3B00C2AF90B46B693E00020BEA20909D3679CF
:102C4B003E00021BEA2090B469E0909D35F090B4F1
:102C5B006AE024FF92AFE4909D5CF0AAA2AFE4334C
:102C6B0090B82EF0C3C2AF909D357EEB707407AC5D
:102C7B00B77E349D402D357A71827A6183E090B8AE
:102C8B002FF090B82EE024FF92AF90B82FE0AAA2BD
:102C9B00AFE43390B55DF0C3C2AF909D357EEB7062
:102CAB007407ACB77E149D3C2D157A31827A218343
:102CBB00693E00020BEA2090B559793E00021BEAEF
:102CCB002090B55DE024FF92AF90B559693E0002AC
:102CDB000BEA20AA90B6AC1BEA00791E000290B654
:102CEB00AC693E00020BEA204D23681F6D1190B6B4
:102CFB00AC693E00020BEA201B1A1090B6AC691EA1
:102D0B0000020BEA009F119AFF2D17AA90AEA71B8A
:102D1B00EA20793E000290AEA31BEA00791E000266
:102D2B0090AEA3693E00020BEA204D237804E40227
:102D3B002DD9A2AFE43390AEABF0C3C2AF909D35AB
:102D4B00E090AEACF090AEAC7EEB707407ACB77E9F
:102D5B00349D3A2D357A71827A61830BEA1090AEED
:102D6B00A3693E00020BEA201B1A1090AEAC7EEB5F
:102D7B00707407ACB77E349D402D357A71827A61C1
:102D8B0083E090AEADF090AEA7693E00020BEA2057
:102D9B004D23682E90AEAC7EEB707407ACB77E34CF
:102DAB009D3C2D357A71827A6183691E00020BEA94
:102DBB000090AEA7693E00020BEA20791100021BBE
:102DCB001A0090AEABE024FF92AF90AEADE0AA90AC
:102DDB009D5CE0AAA2AFE43390B876F0C3C2AFD348
:102DEB00A9D7BAE47E34FA117E24007E7A1BB0E4B4
:102DFB007E34FA127E24007E7A1BB0E4909D5CF048
:102E0B001229E890B876E024FF92AFAA90B46F1B1A
:102E1B00EA00791E00026D3390B4731BEA3090B454
:102E2B006F693E00020BEA204D2368407E14B47399
:102E3B007E0400019AFF2CDF90B4730BEA20E49A16
:102E4B00FEB7F46D117E0445809AFEB71A7E14E529
:102E5B00127E0442119AFEB67A7F0190B46F693EDE
:102E6B0000020BEA20791100021B1A00AA90B8305D
:102E7B001BEA3090B8300BEA20E49AFEB7F46D11E0
:102E8B007E0445809AFEB71A7E14E5127E04421129
:102E9B009AFEB67AAA90B8117AEB7090B810F0C37C
:102EAB00C2B47E34000290B810E090B8117EEB50A3
:102EBB009AFC97D5D3D2B42290B812F0C3C2B47E89
:102ECB0034000290B8127EEBA074804CBA9AFC9A34
:102EDB00A690B813F0D3D2B490B813E02290B0966A
:102EEB001BEA20793E000290B0921BEA00791E008B
:102EFB000290B091F0C3C2B490B096693E00020B41
:102F0B00EA2090AE73793E00021BEA207E34000269
:102F1B0090B0917EEBA074804CBA90B092691E0079
:102F2B00020BEA009AFC9ACAD3D2B422E490B69070
:102F3B00F0E490B691F06D3390B6921BEA3090B6F8
:102F4B00920BEA207E3400012D321BEA307E3400D6
:102F5B00FFBD232808740190B691F08028740F12DE
:102F6B002EC390B690F07E1403E890B5CC693E006A
:102F7B00020BEA209AFCFFEB9AFF73B790B690E036
:102F8B00BEB06B78B990B691E02274287E14B42D44
:102F9B007E0400017E180006122EE890B42EE00A83
:102FAB002B7C456C5590B42DE00A3B4D3290ACF523
:102FBB001BEA3090B430E00A2B7C456C5590B42F53
:102FCB00E00A3B4D3290ACF71BEA3090B432E00A8A
:102FDB002B7C456C5590B431E00A3B4D3290ACF9EB
:102FEB001BEA30AA74227E14B4337E0400017E18CF
:102FFB000006122EE890B434E00A2B7C456C5590F9
:10300B00B433E00A3B4D3290ACFB1BEA3090B43644
:10301B00E00A2B7C456C5590B435E00A3B4D329061
:10302B00ACFD1BEA3090B438E00A2B7C456C559014
:10303B00B437E00A3B4D3290ACFF1BEA30AA90B498
:10304B00391BEA309F1190B43B793E00021BEA20FA
:10305B007E34003C2E34FFCC78030230E51B3668FF
:10306B00311B3668512E34000C680302310790B4C3
:10307B00390BEA207CB49AFEB7F47E1412007E045E
:10308B0046809AFEB71A90B43B793E00021BEA20A9
:10309B00806A90B4390BEA207CB49AFEB7F47E14A4
:1030AB0014007E0446009AFEB71A90B43B793E009A
:1030BB00021BEA20804690B4390BEA207CB49AFEBE
:1030CB00B7F47E1410007E0445809AFEB71A90B4B4
:1030DB003B793E00021BEA20802290B4390BEA2098
:1030EB007CB49AFEB7F47E1410007E0445009AFE61
:1030FB00B71A90B43B793E00021BEA2090B43B69AF
:10310B003E00020BEA20AA90B43F1BEA309F1190BD
:10311B00B441793E00021BEA207E34005C2E34FF62
:10312B00B068491B3478030232082E34FFFD686106
:10313B001B3678030231C01B3678030231E42E3480
:10314B00000A680302322A90B43F0BEA207CB49A3F
:10315B00FEB7F47E14999A7E0443649AFEB71A90D4
:10316B00B441793E00021BEA2002322A90B43F0B95
:10317B00EA207CB49AFEB7F47E14999A7E0442E45A
:10318B009AFEB71A90B441793E00021BEA20023234
:10319B002A90B43F0BEA207CB49AFEB7F47E1466F7
:1031AB00667E0442649AFEB71A90B441793E0002DF
:1031BB001BEA20806A90B43F0BEA207CB49AFEB7DE
:1031CB00F47E14CCCD7E0441E49AFEB71A90B44140
:1031DB00793E00021BEA20804690B43F0BEA207C2C
:1031EB00B49AFEB7F47E14CCCD7E0441649AFEB73C
:1031FB001A90B441793E00021BEA20802290B43F22
:10320B000BEA207CB49AFEB7F47E1433337E044071
:10321B00E39AFEB71A90B441793E00021BEA209064
:10322B00B441693E00020BEA20AAE490B86BF07E31
:10323B001403E890B5CC693E00020BEA209AFCFF20
:10324B00EB7E1400149AFEBEC79AFF73B77E34222E
:10325B009790A5151BEA307E34229590A5171BEA93
:10326B00307E34229690A5191BEA307E34FFFF90F6
:10327B00A51B1BEA307E3400026D227E1496807EE5
:10328B000400989AFC9E317E3400447E2400017425
:10329B00017E1400109AFDC564122F37BEB0006872
:1032AB00147E1402677E0400FF9AFEB869740190C5
:1032BB00B86BF08045740D7E7003122EA074107ED7
:1032CB00703C122EA074117E705C122EA074127EB4
:1032DB007044122EA074137E7002122EA074146C04
:1032EB0077122EA074156C77122EA074166C7712B1
:1032FB002EA074187E7001122EA090B86BE0AA7EDF
:10330B0014C0067E0400FF7E349F5B7E2400017494
:10331B00019AFD519A7E14BFF77E0400FF7E349F05
:10332B005F7E24000174019AFD519A229F11909F98
:10333B005B793E00021BEA209F11909F5F793E0054
:10334B00021BEA207E34D70A7E243C23909F6379AC
:10335B003E00021BEA209F11909F4F793E00021BFB
:10336B00EA209F11909F53793E00021BEA209F1188
:10337B00909F57793E00021BEA209F11909F68791E
:10338B003E00021BEA20E4909F67F06D337E243FE2
:10339B0080909F70793E00021BEA207E1800059AF0
:1033AB00FF02537F016D337E24447A9AFF023B90D8
:1033BB009F6C793E00021BEA2012330A9AFF3428D5
:1033CB007E14BFDC7E0400FF9AFEB8697E14BFDC5E
:1033DB007E0400FF9AFE9469AA90B5AE1BEA0079B1
:1033EB001E000290B5AE693E00020BEA204D236829
:1033FB002BA2AFE43390B5B2F0C3C2AF7E349F4F74
:10340B0090B5AE691E00020BEA007E240001740C1D
:10341B009AFEBED090B5B2E024FF92AFAA7E149173
:10342B00E17E0400019AFEA0099091F9693E000229
:10343B000BEA209091FD691E00020BEA009AFF0235
:10344B0033909209793E00021BEA209091F5693E78
:10345B0000020BEA20909201691E00020BEA009A0F
:10346B00FF022F909F63691E00020BEA009AFF0276
:10347B002F90920D793E00021BEA20909209693E33
:10348B0000020BEA2090920D691E00020BEA009AD3
:10349B00FF023B909211793E00021BEA20909F673E
:1034AB00E0BEB00078149F11909215793E00021B7C
:1034BB00EA207401909F67F08030909211693E0072
:1034CB00020BEA20909F68691E00020BEA009AFF2C
:1034DB000233909F6C691E00020BEA009AFF0237C1
:1034EB00909215793E00021BEA20909211693E00E2
:1034FB00020BEA20909F68793E00021BEA20909114
:10350B00FD691E00020BEA009091F9693E00020B67
:10351B00EA209AFEB79B280C9091F9693E00020BAA
:10352B00EA20800A9091FD693E00020BEA209092FE
:10353B0019793E00021BEA20909219693E00020B9A
:10354B00EA207E14CCCD7E043C4C9AFF023790923D
:10355B001D793E00021BEA2090921D691E00020B92
:10356B00EA009F119AFEB79B280E9F1190921D792E
:10357B003E00021BEA20802690921D691E00020B62
:10358B00EA006D337E243F809AFEB79B50106D335B
:10359B007E243F8090921D793E00021BEA20909F73
:1035AB005B693E00020BEA2090921D691E00020B24
:1035BB00EA009AFF0237909221793E00021BEA2023
:1035CB00909221693E00020BEA20909211691E0035
:1035DB00020BEA009AFF0237909225793E00021BFC
:1035EB00EA20909F5F693E00020BEA2090921569DA
:1035FB001E00020BEA009AFF0237909229793E00D7
:10360B00021BEA207E14922D7E0400019AFDD63C0B
:10361B0090922D0BEA207E340004BD2378246D118B
:10362B007E043F00909233693E00020BEA209AFE23
:10363B00B79B400E9F11909F70793E00021BEA20B2
:10364B00806F6D117E043F80906B35693E00020BDD
:10365B00EA209AFEB79B2816906B35693E00020B49
:10366B00EA20909F70793E00021BEA2080437E1473
:10367B00D70A7E043C23909F70693E00020BEA2020
:10368B009AFEB5C2793E00021BEA206D117E043F03
:10369B0080909F70693E00020BEA209AFEB79B2830
:1036AB00106D337E243F80909F70793E00021BEAA1
:1036BB0020909211693E00020BEA20909F4F793EB9
:1036CB0000021BEA20909215693E00020BEA209043
:1036DB009F53793E00021BEA20909225693E00021F
:1036EB000BEA20909229691E00020BEA009AFF0256
:1036FB002F909F70691E00020BEA009AFF02379011
:10370B009F57793E00021BEA206D117E0440E0902A
:10371B009F57693E00020BEA209AFEB79B28126D59
:10372B00337E2440E0909F57793E00021BEA2080B5
:10373B00266D117E04C0E0909F57693E00020BEA94
:10374B00209AFEB79B50106D337E24C0E0909F579C
:10375B00793E00021BEA20AA90B2331BEA00791EC5
:10376B00000290B22F1BEA20793E000290B233691F
:10377B003E00020BEA2090B22F691E00020BEA00FA
:10378B009F016D337E248000BF01500474018001C2
:10379B00E422E490A458F0E490A462F09F1190A46A
:1037AB0064793E00021BEA209F1190A468793E00C9
:1037BB00021BEA209F1190A45E793E00021BEA20B7
:1037CB009F1190A459793E00021BEA20229AFF0117
:1037DB00D7E490A457F0E490A463F0E490A45DF0D8
:1037EB0012379D9AFF38327E14C1E97E0400FF9A8E
:1037FB00FEB8697E14C1E97E0400FF9AFE9469AAA3
:10380B007E14C1D47E0400FF9AFEB8697E180003B3
:10381B0090AD21793E00021BEA207E1801F47E0850
:10382B0001F49AFF3900AA9AFF01EB740190A45797
:10383B00F012379D740390A458F0AA9AFF01F5E497
:10384B0090A457F012379DAA90B87CF090B87CE00A
:10385B00BEB00068069AFF383280049AFF3846AA39
:10386B0090B6D81BEA20793E000290B6D8693E008C
:10387B00020BEA204D2378069AFF3846805D9AFFAB
:10388B0001EB740190A457F0740190A458F0E490EC
:10389B00A462F09AFF76EC7F217E14000A90B6D8D2
:1038AB00693E00020BEA209AFEBEC72F1290A46459
:1038BB00793E00021BEA209F1190A468793E00021A
:1038CB001BEA209F1190A45E793E00021BEA209F09
:1038DB001190A459793E00021BEA20AA90B6DC1B7A
:1038EB00EA20793E000290B6DC693E00020BEA202A
:1038FB009AFF386BAA90AD1D1BEA00791E0002904F
:10390B00AD191BEA20793E000290AD19693E000209
:10391B000BEA204D23680E90AD1D693E00020BEAA9
:10392B00204D2378069AFF3846807C9AFF01EB7472
:10393B000190A457F0740290A458F0740190A46203
:10394B00F07E14000A90AD19693E00020BEA209A32
:10395B00FEBEC790A468793E00021BEA207E1400CD
:10396B000A90AD1D693E00020BEA209AFEBEC7907D
:10397B00A45E793E00021BEA2090AD21693E000255
:10398B000BEA2090A459793E00021BEA209AFF769D
:10399B00EC90A468691E00020BEA002F1090A4643F
:1039AB00793E00021BEA20AA90A458E0BEB0007832
:1039BB0003023AAC90A458E0BEB0037803023AACD1
:1039CB009AFF76EC90B6E0793E00021BEA2090B6A7
:1039DB00E0693E00020BEA2090A464691E00020B12
:1039EB00EA00123763BEB0007803023AAC90A458D9
:1039FB00E0BEB00178079AFF3846023AAC90A46259
:103A0B00E0BEB00068309AFF01F5E490A457F0E4F3
:103A1B0090A462F090A45E691E00020BEA0090B6BF
:103A2B00E0693E00020BEA202F1090A464793E005F
:103A3B00021BEA20806B90A459693E00020BEA201E
:103A4B00BE18000178069AFF3846805590A4596934
:103A5B003E00020BEA204D23681790A459693E00E3
:103A6B00020BEA207E0800019F10793E00021BEA40
:103A7B00209AFF01EB740190A457F0740190A4629B
:103A8B00F090A468691E00020BEA0090B6E0693E54
:103A9B0000020BEA202F1090A464793E00021BEA6F
:103AAB0020227E14A17B7E0400019AFE6C7E6D1198
:103ABB007E043F0090A193693E00020BEA209AFE20
:103ACB00B79B400474018001E490A197F090A197FB
:103ADB00E0BEB000680474018001E490A197F090FF
:103AEB00A197E0BEB0006808740390A198F08027FE
:103AFB009AFEC636BEB0006808740190A198F0809B
:103B0B00169AFEC622BEB0006808740290A198F007
:103B1B008005E490A198F090A45DE0BEB000680E23
:103B2B0090A1987EEBA090A463E0BCBA686F74017F
:103B3B0090A45DF090A198E090A463F090A198E020
:103B4B001BB168211468380BB1784E9F1190AD21D1
:103B5B00793E00021BEA207E1800647E0800649AFE
:103B6B00FF390080389F1190AD21793E00021BEA8E
:103B7B00207E1803847E0803849AFF3900801E9FE1
:103B8B001190AD21793E00021BEA207E1800647E65
:103B9B000803849AFF390080049AFF38321239B334
:103BAB00AA9AFF3846AA1239B390A457E0AAE49018
:103BBB00B88AF0023C729F0090B88A7EEB70740B4F
:103BCB00ACB77E3491112D357A71827A6183791E6F
:103BDB0000021BEA006D2290B88A7EEB70740BAC6E
:103BEB00B77E3491152D357A71827A61831BEA2069
:103BFB006D2290B88A7EEB70740BACB77E34911744
:103C0B002D357A71827A61831BEA206C5590B88AC4
:103C1B007EEB40740BACB47E3491192D357A7182E6
:103C2B007A61837AEB506C5590B88A7EEB40740BBB
:103C3B00ACB47E34911A2D357A71827A61837AEB2A
:103C4B00506C5590B88A7EEB40740BACB47E3491BB
:103C5B001B2D357A71827A61837AEB5090B88A7E0C
:103C6B00EBA074012CBAF090B88A7EEBA0740ABC5E
:103C7B00AB5003023BC17E343F097E2400FF90A969
:103C8B000F793E00021BEA207E340002CA397E14F3
:103C9B0003E890B5CC693E00020BEA209AFCFFEBDF
:103CAB007F01DA399AFED81E7E14C3E07E0400FF32
:103CBB009AFEB8697E14C3E07E0400FF9AFE9469F5
:103CCB00AAAA90B1031BEA2090B1027AEB7090B0D4
:103CDB00FE1BEA00791E000290B0FDF090B0FD7E55
:103CEB00EBA0740ABCAB501A90B0FE693E00020BFD
:103CFB00EA204D23680C6D2290B1030BEA30BD32E4
:103D0B007804E4023DDDA2AFE43390B105F0C3C209
:103D1B00AF90B0FE691E00020BEA0090B0FD7EEB87
:103D2B0070740BACB77E3491112D357A71827A6138
:103D3B0083791E00021BEA0090B1030BEA2090B0BE
:103D4B00FD7EEB70740BACB77E3491152D357A710B
:103D5B00827A61831BEA206D2290B0FD7EEB70743A
:103D6B000BACB77E3491172D357A71827A61831B38
:103D7B00EA2090B1027EEB5090B0FD7EEB40740BCD
:103D8B00ACB47E3491192D357A71827A61837AEBDA
:103D9B00506C5590B0FD7EEB40740BACB47E3491FF
:103DAB001A2D357A71827A61837AEB507E500190AD
:103DBB00B0FD7EEB40740BACB47E34911B2D357A89
:103DCB0071827A61837AEB5090B105E024FF92AF58
:103DDB007401AA740A90B290F0E490B291F0E4905E
:103DEB00B28FF0023E8190B28F7EEB70740BACB74A
:103DFB007E34911B2D357A71827A6183E0BEB000DF
:103E0B00686990B28F7EEB70740BACB77E34911AED
:103E1B002D357A71827A6183E0BEB000684D90B225
:103E2B0090E0BEB00A682190B28F7EEB70740BAC41
:103E3B00B77E3491192D357A71827A61837EEBA02E
:103E4B0090B291E0BCAB282390B28FE090B290F08F
:103E5B0090B28F7EEB70740BACB77E3491192D350D
:103E6B007A71827A6183E090B291F090B28F7EEB9F
:103E7B00A074012CBAF090B28F7EEBA0740ABCAB8D
:103E8B005003023DF190B290E0BEB00A686FA2AF52
:103E9B00E43390B292F0C3C2AF6C5590B2907EEB0C
:103EAB0040740BACB47E34911A2D357A71827A61E1
:103EBB00837AEB5090B2907EEB70740BACB77E14A0
:103ECB0091112D157A31827A2183693E00020BEA1A
:103EDB002090B293793E00021BEA2090B292E0242C
:103EEB00FF92AF90B293693E00020BEA204D23681C
:103EFB000C90B293693E00020BEA209918AAE49049
:103F0B00B88BF0023FF490B88B7EEB70740BACB7B0
:103F1B007E34911B2D357A71827A6183E0BEB000BD
:103F2B007803023FE990B88B7EEB70740BACB77ED5
:103F3B001491112D157A31827A2183693E00020B7F
:103F4B00EA204D237803023FE990B88B7EEB707427
:103F5B000BACB77E2491172D257A51827A41830BB6
:103F6B00EA107E3400012D317A51827A41831BEAAB
:103F7B003090B88B7EEB70740BACB77E3491152DF3
:103F8B00357A71827A61830BEA2090B88B7EEB7065
:103F9B00740BACB77E3491172D357A71827A6183AD
:103FAB000BEA30BD3240376D2290B88B7EEB7074CC
:103FBB000BACB77E3491172D357A71827A61831BE6
:103FCB00EA207E500190B88B7EEB40740BACB47E34
:103FDB0034911A2D357A71827A61837AEB5090B8CD
:103FEB008B7EEBA074012CBAF090B88B7EEBA07497
:103FFB000ABCAB5003023F11AA745AF5C674A5F55F
:10400B00C600000000AA7480F5C79AFF4030AAE4EE
:10401B00F5C7AA7EA1C774015CBABEB0017804745F
:10402B00018001E4AA7E1442407E04000F90B5CCBF
:10403B00693E00020BEA209AFCFFE77CB790B8615F
:10404B00F090B861E00A4B7E5400012D54F5F5AAAF
:10405B0090B4E61BEA20793E0002C3C202A2AF92E3
:10406B0002C3C2AF7401F5C590B4E6695E00020BE2
:10407B00EA40F5C490B4E6693E00020BEA207CB638
:10408B00F5C390B4E6693E00020BEA207CB5F5F669
:10409B009AFF4004E5C290B4EAF0A20292AF90B44A
:1040AB00EAE0AA90B4EFF090B4EB1BEA20793E0063
:1040BB0002C3C2036D227E5428007E4400FC90B4E0
:1040CB00EB691E00020BEA00BF0240487E54FFFF63
:1040DB007E4400FF90B4EB691E00020BEA00BF02A6
:1040EB0038327E5438007E4400FC90B4EB691E00DD
:1040FB00020BEA00BF0240167E5447FF7E4400FCD1
:10410B0090B4EB691E00020BEA00BF0228067E3456
:10411B00000180026D33BD326841A2AF9203C3C26E
:10412B00AF7402F5C590B4EB695E00020BEA40F583
:10413B00C490B4EB693E00020BEA207CB6F5C39049
:10414B00B4EB693E00020BEA207CB5F5F690B4EFB8
:10415B00E0F5C29AFF4004A20392AFAA90AEBD1B3A
:10416B00EA00791E000290AEB91BEA20793E0002EC
:10417B00804890AEB9693E00020BEA209AFF405B83
:10418B0090AEBD693E00020BEA207A1BB090AEBD2B
:10419B00693E00020BEA200B3490AEBD793E000263
:1041AB001BEA2090AEB9691E00020BEA007E1800D4
:1041BB00012F10793E00021BEA2090AEC10BEA20C2
:1041CB007E1400017D329D311BEA306D33BD2378A7
:1041DB00A1AA90AEC71BEA00791E000290AEC31BCA
:1041EB00EA20793E0002804590AEC3693E00020B87
:1041FB00EA2090AEC7691E00020BEA007E0BB09A54
:10420B00FF40AE90AEC3691E00020BEA007E1800A1
:10421B00012F10793E00021BEA2090AEC7693E00C9
:10422B00020BEA200B34793E00021BEA2090AECB46
:10423B000BEA207E1400017D329D311BEA306D3379
:10424B00BD2378A4AA90B5E41BEA20793E0002C3F3
:10425B00C2046D227E5428007E4400FC90B5E469B4
:10426B001E00020BEA00BF0240487E54FFFF7E4453
:10427B0000FF90B5E4691E00020BEA00BF02383262
:10428B007E5438007E4400FC90B5E4691E00020B9E
:10429B00EA00BF0240167E5447FF7E4400FC90B5F7
:1042AB00E4691E00020BEA00BF0228067E340001FF
:1042BB0080026D33BD326859A2AF9204C3C2AF7492
:1042CB0003F5C590B5E4695E00020BEA40F5C490B6
:1042DB00B5E4693E00020BEA207CB6F5C390B5E469
:1042EB00693E00020BEA207CB5F5F69AFF4004A26A
:1042FB000492AF7E1403E890B5CC693E00020BEA42
:10430B00209AFCFFEB7E14000A9AFEBEC79AFF733D
:10431B00B7AA9077D41BEA209077D01BEA00791EBE
:10432B0000029077CE1BEA307E34B04E7E2400FF25
:10433B007E1477D67E0400017E5402009AFEBED214
:10434B006D339079D61BEA308023E49079D60BEA53
:10435B00207E3477D62D327A71827A6183F0907910
:10436B00D60BEA207E3400012D321BEA309079D631
:10437B000BEA207E340200BD2340CF7E3402009036
:10438B00AEC11BEA309077CE0BEA207E34FE005D87
:10439B00326D227E1477D67E0400019AFF41676D41
:1043AB00339079D61BEA3080459079D60BEA109082
:1043BB0077D0693E00020BEA202D317E1BB090773F
:1043CB00CE0BEA207E3401FF5D329079D60BEA20CA
:1043DB002D237E3477D62D327A71827A6183F090D9
:1043EB0079D60BEA207E3400012D321BEA30907710
:1043FB00D40BEA209079D60BEA30BD3240AB9077E4
:10440B00CE0BEA306D229AFF42507E34020090AE02
:10441B00CB1BEA309077CE0BEA207E34FE005D3268
:10442B006D227E1477D67E0400019AFF41DDAA9A95
:10443B00FF202D9F1190AB64793E00021BEA209A5E
:10444B00FF76EC90AB69793E00021BEA20E490AB5F
:10445B0068F0AA9AFF76EC909911793E00021BEA5C
:10446B002090AB6D691E00020BEA00909911693E1A
:10447B0000020BEA209F10BE1803E8500302454DC3
:10448B00909911693E00020BEA2090AB6D793E00CA
:10449B00021BEA207E1499157E0400019F119AFFDE
:1044AB00460BBEB000780302454D7E14991F7E0467
:1044BB0000019AFEA0099099150BEA309098CA1B3F
:1044CB00EA309099170BEA309098C81BEA30909914
:1044DB001B0BEA309098C61BEA3090991D0BEA3003
:1044EB009098C41BEA30909933693E00020BEA2086
:1044FB009098C0793E00021BEA20909937693E00E4
:10450B00020BEA209098BC793E00021BEA2090999E
:10451B003B693E00020BEA209098B8793E00021BE3
:10452B00EA2090993F693E00020BEA209098B479FB
:10453B003E00021BEA207E14C3A07E0400FF9AFEFD
:10454B009469AA90AA8F1BEA00791E000290AA8F89
:10455B00693E00020BEA204D23780302460A6D33B5
:10456B0090AA931BEA306D3390AA951BEA306D33FA
:10457B0090AA971BEA306D3390AA991BEA306D33E2
:10458B0090AA9B1BEA307E14AA937E0400019F1114
:10459B009AFF21DB90AA930BEA1090AA8F693E0039
:1045AB00020BEA201B1A1090AA950BEA1090AA8F07
:1045BB00693E00020BEA200B351B1A1090AA970BD1
:1045CB00EA1090AA8F693E00020BEA200B361B1AE9
:1045DB001090AA990BEA1090AA8F693E00020BEA81
:1045EB00202E3400061B1A1090AA9B0BEA1090AADF
:1045FB008F693E00020BEA202E3400081B1A10AA0A
:10460B0090A6971BEA20793E000290A6931BEA0026
:10461B00791E000290A693693E00020BEA204D23FF
:10462B007804E40246BA7E14A69B7E04000190A691
:10463B0097693E00020BEA209AFF21DB90A6A5F0BA
:10464B0090A69B0BEA1090A693693E00020BEA2002
:10465B001B1A1090A69D0BEA1090A693693E0002C0
:10466B000BEA200B351B1A1090A69F0BEA1090A695
:10467B0093693E00020BEA200B361B1A1090A6A181
:10468B000BEA1090A693693E00020BEA202E340031
:10469B00061B1A1090A6A30BEA1090A693693E0076
:1046AB00020BEA202E3400081B1A1090A6A5E0AAD4
:1046BB009AFF229CAA9AFF2483AA9AFF24B6AA9A4D
:1046CB00FF76EC90A732793E00021BEA207E14A7FE
:1046DB00247E0400017E34A72E7E2400019AFF461F
:1046EB000BBEB000684F90AB68E0BEB0006818908E
:1046FB00AB64691E00020BEA0090A72E693E000214
:10470B000BEA20BF10682E90A72E693E00020BEA21
:10471B002090AB64793E00021BEA2090A732693EE1
:10472B0000020BEA2090AB69793E00021BEA207471
:10473B000190AB68F09AFF46C5BEB000683490ABF1
:10474B0069691E00020BEA0090A732693E00020B5A
:10475B00EA209F10BE18271040189AFF24BB90A781
:10476B0032693E00020BEA2090AB69793E00021BD6
:10477B00EA20AA90B7BAF07E34006490B7BB1BEA6C
:10478B003080257E1403E890B5CC693E00020BEA1D
:10479B00209AFCFFEB9AFF73B790B7BB0BEA307E06
:1047AB002400019D321BEA3090B7BB0BEA206D331E
:1047BB00BD2368107E3400A49AFDBFC10A2B6D3354
:1047CB00BD2378BF90B7BB0BEA206D33BD23680CBC
:1047DB007E34000790B7BAE09AFCD5F26D2290B701
:1047EB00BB0BEA30BD3278067E18000180029F11A8
:1047FB00AA90ACB11BEA20793E000290ACAD1BEA4B
:10480B0000791E00026D3390ACB51BEA306D33900E
:10481B00ACB71BEA3090ACAD693E00020BEA204D01
:10482B0023680474018001E47E14C1A67E0400FF9A
:10483B007E3400689AFF69110248F47E3400A49A12
:10484B00FDBFC1BEB000787C90ACB1693E00020BDD
:10485B00EA20BE180040500C90ACB1693E00020B30
:10486B00EA2080047E34004090ACB71BEA307E34E3
:10487B00000790ACAD691E00020BEA0090ACB70BC1
:10488B00EA209AFCD1BA90ACB70BEA1090ACAD69A8
:10489B003E00020BEA202D31793E00021BEA2090EC
:1048AB00ACB70BEA106D0090ACB1693E00020BEA9D
:1048BB00209F10793E00021BEA206D3390ACB51B94
:1048CB00EA3080257E1403E890B5CC693E00020BDC
:1048DB00EA209AFCFFEB9AFF73B790ACB50BEA207A
:1048EB007E3400012D321BEA3090ACB1693E0002E0
:1048FB000BEA204D23681190ACB50BEA207E3400F7
:10490B0064BD23500302484690ACB1693E00020BD4
:10491B00EA20AA90B1D71BEA00791E000290B1D70A
:10492B00691E00020BEA009AFDFFEF6D2290B1DBCE
:10493B00793E00021BEA2090B1D7693E00020BEAD8
:10494B00204D23680474018001E47E14C1A67E040B
:10495B0000FF7E3400889AFF691190B1D7691E0061
:10496B00020BEA0090B1DB693E00020BEA209AFFD2
:10497B0047FCAA90ACBD1BEA20793E000290ACB973
:10498B001BEA00791E000290ACBD693E00020BEAE7
:10499B002090ACC1793E00021BEA2090ACB9693E75
:1049AB0000020BEA204D23680474018001E47E149D
:1049BB00C1A67E0400FF7E3400999AFF69117E34F4
:1049CB00ACC17E24000190A34E793E00021BEA206D
:1049DB006D3390A3521BEA307E1493417E04000189
:1049EB0090ACB9693E00020BEA209AFE4D0E90ACDA
:1049FB00C1693E00020BEA20AA90B866F07E18004F
:104A0B000190A6AE793E00021BEA207E1493417EF4
:104A1B000400017E34B8667E2400019AFE475CAA2E
:104A2B00E490B867F07E1403E890B5CC693E0002C1
:104A3B000BEA209AFCFFEB7E1400329AFEBEC79A5B
:104A4B00FF73B77E3493017E24000190A9C3793E96
:104A5B0000021BEA207E18004090A9C7793E000295
:104A6B001BEA207E1493417E0400016D339AFE52A3
:104A7B00CB7E3400A46D2274017E1400039AFDC515
:104A8B00647E3472A290A6161BEA307E3400077E39
:104A9B0014C2007E0400017E2472A39AFCEC547EA7
:104AAB0034000774017E144A047E0400FF9AFCD77D
:104ABB00ED90B867E0AA90ACD51BEA20793E0002D6
:104ACB0090ACD11BEA00791E000290ACD1693E007C
:104ADB00020BEA204D23780D90ACD5693E00020BFA
:104AEB00EA20024B96024B7B90ACD5693E00020B41
:104AFB00EA20BE18FFFF28067E34FFFF800A90AC29
:104B0B00D5693E00020BEA2090ACD91BEA307E340B
:104B1B00000790ACD1691E00020BEA0090ACD90BD8
:104B2B00EA209AFCCFDC90ACDB1BEA3090ACDB0BC1
:104B3B00EA1090ACD1693E00020BEA202D31793E90
:104B4B0000021BEA2090ACDB0BEA106D0090ACD599
:104B5B00693E00020BEA209F10793E00021BEA20FF
:104B6B0090ACD90BEA2090ACDB0BEA30BD3278115C
:104B7B0090ACD5693E00020BEA204D236803024A34
:104B8B00F390ACD5693E00020BEA202290B868F096
:104B9B007E3400077E14B8687E0400017E24000179
:104BAB009AFCCFDC7E240001BD3278046D33800487
:104BBB007E3400016D22AA90B1EB1BEA20793E00F6
:104BCB000290B1E71BEA00791E000290B1E7693E43
:104BDB0000020BEA204D23680474018001E47E146B
:104BEB00C0167E0400FF7E34004F9AFF691190B10E
:104BFB00E7691E00020BEA0090B1EB693E00020B65
:104C0B00EA20124AC1AA90B1EF1BEA00791E0002FA
:104C1B0090B1EF693E00020BEA204D23680474014A
:104C2B008001E47E14C0167E0400FF7E3400609A7F
:104C3B00FF691190B1EF691E00020BEA009AFDFFAC
:104C4B00EF6D2290B1F3793E00021BEA2090B1EF99
:104C5B00691E00020BEA0090B1F3693E00020BEAF9
:104C6B00209AFF4BC2AA90AB411BEA20793E00026F
:104C7B0090AB3D1BEA00791E00029F1190AB45796A
:104C8B003E00021BEA2090AB3D693E00020BEA207E
:104C9B004D23680474018001E47E14C0167E040069
:104CAB00FF7E34006B9AFF69118071908E29E09022
:104CBB00AB49F0908E287EEBA090AB49E0BCBA6874
:104CCB007690AB49E00A2B7E348E2A2D327A718294
:104CDB007A6183E090AB45693E00020BEA207D13BD
:104CEB0090AB3D693E00020BEA202D317A1BB09050
:104CFB00AB49E00A5B7E4400012D457E54007F5D8D
:104D0B0054908E29F090AB45691E00020BEA007E91
:104D1B001800012F10793E00021BEA2090AB41696D
:104D2B001E00020BEA0090AB45693E00020BEA2025
:104D3B00BF105003024CB690AB45693E00020BEA24
:104D4B0020AA90B806F0908E28E00A5B7E44000102
:104D5B002D457E54007F5D5490B807F0908E297ED0
:104D6B00EBA090B807E0BCBA7811908E260BEA2026
:104D7B007E3400012D321BEA30802390B8067EEB87
:104D8B00A0908E28E00A2B7E348E2A2D327A7182E7
:104D9B007A61837AEBA090B807E0908E28F0AAE4B2
:104DAB0090B869F0E4908E28F0E4908E29F06D3382
:104DBB00908E261BEA307E3472A290A6161BEA3028
:104DCB007E3400077E14C2007E0400017E2472A391
:104DDB009AFCEC547E34000774017E144D4D7E0416
:104DEB0000FF9AFCD7ED90B869E0AA7E14AF777EEE
:104DFB000400017E34AF797E2400019AFF2D17BE8B
:104E0B00B0007803024EBF90A40FE0BEB000681B49
:104E1B0090A407691E00020BEA0090AF79693E006F
:104E2B00020BEA20BF107803024EBF90AF770BEA5C
:104E3B00309AFF2E7890AF7D793E00021BEA2090CE
:104E4B00AF79693E00020BEA2090A407793E00027D
:104E5B001BEA20740190A40FF090A406E0BEB000F2
:104E6B0078327E14A4107E04000190AF7D693E0061
:104E7B00020BEA209AFF6A8A740190A406F090AFA5
:104E8B007D693E00020BEA2090A40B793E00021BC9
:104E9B00EA2080207E14A4107E04000190AF7D696F
:104EAB003E00020BEA209AFF6ABC90A40B793E00ED
:104EBB00021BEA20229AFF2B2CBEB000680E9AFF31
:104ECB0076EC90A402793E00021BEA2022124DF6EA
:104EDB00124EC090A40FE0BEB000682290A40B69E4
:104EEB003E00020BEA209098C8793E00021BEA2094
:104EFB007E14BB577E0400FF9AFE9469800C7E14CF
:104F0B00BB3D7E0400FF9AFE9469AA9AFF2A5B9F21
:104F1B001190A40B793E00021BEA209AFF76EC90CD
:104F2B00A402793E00021BEA209F1190A407793E50
:104F3B0000021BEA20E490A40FF09F1190ADB17911
:104F4B003E00021BEA207E14A4107E0400017E3476
:104F5B00CCCD7E243DCC9AFF6A03E490A406F09F4F
:104F6B001190A891793E00021BEA207E14BB2D7E86
:104F7B000400FF7E344ED87E2400FF9AFD53557EED
:104F8B0014BB0D7E0400FF9AFEB8697E14BB0D7E28
:104F9B000400FF9AFE9469AA124DF690A40FE0BE8E
:104FAB00B000682290A40B693E00020BEA20909D92
:104FBB00D1793E00021BEA207E14BAEF7E0400FF7B
:104FCB009AFEB869800C7E14BAD67E0400FF9AFE56
:104FDB00B869AA124DF69AFF76EC90B6C8793E00E6
:104FEB00021BEA209AFF2DDABEB000682590A402BE
:104FFB00691E00020BEA0090B6C8693E00020BEA7C
:10500B00209F10BE18006440289AFF2DDF124EC05F
:10501B00801F90A402691E00020BEA0090B6C869BB
:10502B003E00020BEA209F10BE1803E84003124E0D
:10503B00C0AA124DF690A40FE0AA9AFF2C67AA9073
:10504B00B6CC1BEA00791E000290B6CC691E00029A
:10505B000BEA009AFF2CDFAA90B22B1BEA20793EB9
:10506B00000290B2271BEA00791E000290B227695A
:10507B001E00020BEA0090B22B693E00020BEA20E5
:10508B009AFF2D17AA90B6D01BEA00791E000212C8
:10509B004DF690B6D0693E00020BEA204D23681BFB
:1050AB0090A40B691E00020BEA0090B6D0693E007B
:1050BB00020BEA20791100021B1A00AA90A40B69BB
:1050CB003E00020BEA2090B6D4793E00021BEA2088
:1050DB00801490A40B693E00020BEA2090B6D479A1
:1050EB003E00021BEA2090A40B691E00020BEA0093
:1050FB0090B6D4693E00020BEA209AFEB79B78D299
:10510B0090B6D4693E00020BEA20AA90A406E0AA4E
:10511B0090B0EFF090B0EB1BEA00791E00027E34EA
:10512B00FFFF90B0F21BEA30E490B0F0F00251BDFB
:10513B0090B0F0E00A1B90B0EB693E00020BEA2046
:10514B002D317E1B700A277C456C5590B0F20BEA13
:10515B00306D321BEA30E490B0F1F0803E6D22905E
:10516B00B0F20BEA107E3480005D31BD32681690D0
:10517B00B0F20BEA203E247E3410216D3290B0F257
:10518B001BEA30800B90B0F20BEA303E341BEA3056
:10519B0090B0F17EEBA074012CBAF090B0F17EEBE5
:1051AB00A07408BCAB40B690B0F07EEBA074012CA1
:1051BB00BAF090B0EF7EEBA090B0F0E0BCBA500329
:1051CB0002513B90B0F20BEA302290B884F0E4909D
:1051DB00AAA9F07E3400C77E2400FF7E1BA090B8E6
:1051EB0084E0BCBA780E90B884E090AA9DF074016C
:1051FB0090AAA9F02290B487F090AAAAE0BEB000C2
:10520B00680302530B90AAA97EEBA07404BCAB50AD
:10521B002790AAA9E00A1B6D007E3400C77E2400EC
:10522B00FF2F107E1BA090B487E0BCBA680A90B425
:10523B0087E01251D502530B90B4877EEBA090AA56
:10524B00A97EEB7074012CB7F00A277E34AA9D2D32
:10525B00327A71827A61837AEBA090AAA97EEBA055
:10526B00740CBCAB500302530B90AAA1E090B48812
:10527B00F090AAA8E00A2B7C456C5590AAA7E00AEF
:10528B003B4D3290B4891BEA307E14AA9D7E0400FC
:10529B0001740A12511B90B48B1BEA3090B488E056
:1052AB007CAB6EA0FF90AAA2E0BCBA784E90AAA3EA
:1052BB00E0BEB032784590AAA4E0BEB047783C90EF
:1052CB00AAA5E0BEB014783390AAA6E0BEB04B7886
:1052DB002A90B48B0BEA2090B4890BEA30BD32785C
:1052EB001A90B488E0BEB028680990B488E0BEB0CC
:1052FB0060780890B488E090AAAAF0E490AAA9F08C
:10530B00AA90AAAAE0AA90AAAAE090A9AEF090A9A6
:10531B00AEE0BEB0007803025400E490AAAAF07489
:10532B00A590A9AFF0745A90A9B0F0745390A9B19D
:10533B00F0744290A9B2F0744C90A9B3F0745290EF
:10534B00A9B4F090A9AEE090A9B5F090A9AEE06435
:10535B00FF90A9B6F0740D90A9B7F0740A90A9B894
:10536B00F06D337E14A9AF7E0400017E24000A9AEF
:10537B00FCD1BA7E18138890A9B9793E00021BEABA
:10538B0020801B90A9B9693E00020BEA207E080021
:10539B00019F10793E00021BEA209AFF00386D3303
:1053AB009AFCD1EBBEB000680E90A9B9693E000221
:1053BB000BEA204D2378CCD3A9D7BAC3C2AFE47E76
:1053CB0034FA397E24007E7A1BB09AFF608C90A948
:1053DB00AEE0BEB02878187E34CD347E2412AB906C
:1053EB00FFFC793E00021BEA207428F5C780047489
:1053FB0060F5C780FEAA9F1190FFFC793E00021B4F
:10540B00EA207E3452007E2400FF906968793E00CA
:10541B00021BEA207E1400A77E0400FF9AFEB869E7
:10542B007E1400A77E0400FF9AFE9469AA90B141F6
:10543B00F090B13F1BEA3090B141E07E14C2817E07
:10544B000400FF7E3400389AFF69119F1190B1431D
:10545B00793E00021BEA20E490B142F0802C90B11F
:10546B003F0BEA309AFF54CB7D136D0090B143692B
:10547B003E00020BEA202F10793E00021BEA20901F
:10548B00B1427EEBA074012CBAF090B1417EEBA03F
:10549B0090B142E0BCBA40C690B141E00A1B6D002E
:1054AB0090B143693E00020BEA209AFCFFE7793E7C
:1054BB0000021BEA2090B143693E00020BEA20AACE
:1054CB0090B5D81BEA306D3390B5DA1BEA306D22FC
:1054DB0090B5D80BEA301A360E340E340E340E3427
:1054EB00BD32785B53BCDF53BCF090B5D80BEA30C0
:1054FB001A367C677E700F5C767CB742BC43BC402F
:10550B00E5BC30E5FBE5BD0A3B7C676C7790B5DA13
:10551B001BEA30E5BE0A2B90B5DA0BEA304D321B95
:10552B00EA30E4F5BDE4F5BE90B7D2E090B5DA0B06
:10553B00EA3060051E341478FB1BEA3002562390C8
:10554B00B5D80BEA307D231A240E240E240E240E1C
:10555B00247E340001BD23680302562374DF7E14BE
:10556B00FB387E04007E7E0B705C7B7A0B7074F0D4
:10557B007E14FB387E04007E7E0B705C7B7A0B7096
:10558B0090B5D80BEA301A367E600F5C677E14FB41
:10559B00387E04007E7E0B704C767A0B7074407EE6
:1055AB0014FB387E04007E7E0B704C7B7A0B707E76
:1055BB0034FB387E24007E7E1BB030E5F27E34FB5C
:1055CB003A7E24007E7E1B700A377C676C7790B521
:1055DB00DA1BEA307E34FB3B7E24007E7E1B700A96
:1055EB002790B5DA0BEA304D321BEA30E47E34FB00
:1055FB003A7E24007E7A1BB0E47E34FB3B7E240093
:10560B007E7A1BB090B7D3E090B5DA0BEA30600529
:10561B001E341478FB1BEA3090B5DA0BEA30AA90F3
:10562B00B5DE1BEA2090B5DC1BEA3090B5DC0BEA4B
:10563B00207E3400FF5D326D2274017E1400019ACE
:10564B00FDC5646D2290B5DC0BEA301A360E340EB4
:10565B00340E340E34BD32782C53BCF090B5DC0BC9
:10566B00EA301A367C677E700F5C767CB742BC439F
:10567B00DE0F43DE2090B5DE0BEA5090B7D2F0433D
:10568B00BC8002571990B5DC0BEA307D231A240E2F
:10569B00240E240E240E247E340001BD23786F7457
:1056AB00F07E14FB387E04007E7E0B705C7B7A0BE5
:1056BB007090B5DC0BEA301A367E600F5C677E1497
:1056CB00FB387E04007E7E0B704C767A0B70740F69
:1056DB007E14FB397E04007E7E0B704C7B7A0B7044
:1056EB0074207E14FB397E04007E7E0B704C7B7A1B
:1056FB000B7090B5DE0BEA5090B7D3F074807E142C
:10570B00FB387E04007E7E0B704C7B7A0B707E1414
:10571B0003E890B5CC693E00020BEA209AFCFFEB44
:10572B009AFF73B7AA90AD891BEA00791E0002900D
:10573B00AD851BEA20793E000290AD85693E0002E3
:10574B000BEA2090AD89691E00020BEA009AFF025A
:10575B002F90AD8D793E00021BEA2090AD8D691E16
:10576B0000020BEA007E34126F7E243A839AFEB756
:10577B009B40049F11802690AD85693E00020BEA89
:10578B002090AD89691E00020BEA009AFF0233904C
:10579B00AD8D691E00020BEA009AFF023B227E14BC
:1057AB00BEAD7E0400FF7E349FB47E2400017401E5
:1057BB009AFD519A7E14BE947E0400FF7E349FB8EE
:1057CB007E24000174019AFD519A7E14BE917E04D1
:1057DB0000FF7E349F987E24000174019AFD519A3C
:1057EB007E14BE8E7E0400FF7E349F9C7E240001BF
:1057FB0074019AFD519A221257A99AFF58E67E140A
:10580B00BE6D7E0400FF9AFEB8697E14BE6D7E04E9
:10581B0000FF9AFE9469AA90B5B81BEA00791E00A6
:10582B000290B5B8693E00020BEA204D23780302C3
:10583B0058E5A2AFE43390B5BCF0C3C2AF909FA0C4
:10584B00691E00020BEA0090B5B8693E00020BEA34
:10585B0020791100021B1A00909FA4691E00020BF5
:10586B00EA0090B5B8693E00020BEA200B367911BD
:10587B0000021B1A00909FA8691E00020BEA009001
:10588B00B5B8693E00020BEA202E340008791100EE
:10589B00021B1A00909FAC691E00020BEA0090B528
:1058AB00B8693E00020BEA202E34000C791100027D
:1058BB001B1A00909FB0691E00020BEA0090B5B84E
:1058CB00693E00020BEA202E340010791100021BF6
:1058DB001A0090B5BCE024FF92AFAA7E1497F87E15
:1058EB000400019AFEA00990980C693E00020BEA95
:1058FB0020909818691E00020BEA001257309098FE
:10590B0024793E00021BEA20909810693E00020B9E
:10591B00EA20909814691E00020BEA00125730908F
:10592B009820793E00021BEA20909824693E0002E1
:10593B000BEA20909F9C691E00020BEA009AFF0263
:10594B0037CA1B909820693E00020BEA20909F9863
:10595B00691E00020BEA009AFF02377F01DA1B9ADD
:10596B00FF022F909828793E00021BEA20909FB4EB
:10597B00693E00020BEA2090982C793E00021BEA4C
:10598B0020909FB8693E00020BEA20909828691E70
:10599B0000020BEA009AFF0237909830793E000222
:1059AB001BEA20909820693E00020BEA20909FA0F2
:1059BB00793E00021BEA20909824693E00020BEA14
:1059CB0020909FA4793E00021BEA20909828693E04
:1059DB0000020BEA20909FA8793E00021BEA209060
:1059EB00982C693E00020BEA20909FAC793E000296
:1059FB001BEA20909830693E00020BEA20909FB082
:105A0B00793E00021BEA20AA90B56DF090B56D7E31
:105A1B00EBA07464BCAB2806746490B56DF07E1873
:105A2B0001F490B56E793E00021BEA2090B56DE053
:105A3B000A1B6D0090B56E693E00020BEA209AFEC0
:105A4B00BEB67E1400649AFCFFEB7E0801F42F10A7
:105A5B002290B6F41BEA20793E000290B6F4691E40
:105A6B0000020BEA009F119AFEB79B4003E48034BF
:105A7B0090B6F4691E00020BEA006D337E2442C817
:105A8B009AFEB79B38047464801A6D117E043F0034
:105A9B0090B6F4693E00020BEA209AFEB5C29AFE5C
:105AAB00B82C7CB72290B0CB693E00020BEA2012D7
:105ABB005A5C90B84AF0A2AFE43390B84BF0C3C233
:105ACB00AF90B84AE090B0CAF0E490B0C9F090B88B
:105ADB004AE090B0C8F0740190B0CFF090B84BE0B2
:105AEB0024FF92AFAA9F1190A6BE793E00021BEA3B
:105AFB00207E3463C47E0800329AFEA5D2E490B0B7
:105B0B00C7F09F1190B0CB793E00021BEA20E490C6
:105B1B00B0CAF0E490B0C8F0E490B0CFF0E490B02D
:105B2B00C9F07E345AB07E2400FF90A851793E0014
:105B3B00021BEA207E14BF4E7E0400FF7E34B0CBE6
:105B4B007E24000174019AFD51DB7E14BF297E0473
:105B5B0000FF9AFEB8697E14BF297E0400FF9AFEEF
:105B6B009469AA7E14BF177E0400FF9AFEB869746D
:105B7B001E9AFF5C62AA90B0CB693E00020BEA2032
:105B8B00125A5C90B84CF0A2AFE43390B84DF0C30E
:105B9B00C2AF90B0C9E0BEB000680A90B84DE02427
:105BAB00FF92AF802C90B0CA7EEBA090B84CE0BCBB
:105BBB00BA681690B84CE090B0CAF090B84CE09030
:105BCB00B0C8F0740190B0CFF090B84DE024FF92C4
:105BDB00AFAA90B84EF090B84E7EEBA07464BCABFD
:105BEB002806746490B84EF0A2AFE43390B84FF02F
:105BFB00C3C2AF90B84EE090B0C8F0740190B0CF74
:105C0B00F090B84FE024FF92AFAAA2AFE43390B864
:105C1B0051F0C3C2AF90B0CFE0BEB000780A90B8DD
:105C2B0051E024FF92AF802E90B0C8E090B850F0B6
:105C3B00E490B0CFF090B851E024FF92AF90B85001
:105C4B00E0125A137F017E3463C49AFEA3DC90B832
:105C5B0050E090B0C7F0AA90B852F0A2AFE43390E6
:105C6B00B853F0C3C2AF740190B0C9F090B8527E74
:105C7B00EBA07464BCAB2806746490B852F090B877
:105C8B0052E090B0C8F0740190B0CFF090B853E0F0
:105C9B0024FF92AFAA90B0C7E0AA90B0CB693E00A8
:105CAB00020BEA20125A5CAA90B59EF090B59A1B93
:105CBB00EA20793E000290A551E0BEB0007828742E
:105CCB000190A551F090B59A693E00020BEA209025
:105CDB00A559793E00021BEA2090B59EE090A5578E
:105CEB00F0740190A552F0226D3390AAAB1BEA30F1
:105CFB0090A551E0BEB0006803025E1D9AFF76ECE2
:105D0B0090AAB1793E00021BEA207E14AAAB7E0456
:105D1B0000017E34AAAD7E2400019AFF5063BEB011
:105D2B00007803025DC390A558E0BEB000681890E0
:105D3B00A553691E00020BEA0090AAAD693E000252
:105D4B000BEA20BF10687190AAAD693E00020BEA06
:105D5B002090A553793E00021BEA2090AAB1693E20
:105D6B0000020BEA2090A54D793E00021BEA20743D
:105D7B000190A558F09AFF50C790AAB5793E000242
:105D8B001BEA209AFF5116BEB0007803025E1D7EFF
:105D9B001466667E04412690AAB5693E00020BEAA2
:105DAB00209AFEB79B506B90AAB5693E00020BEA96
:105DBB00207401125CB3805A90A558E0BEB00078F5
:105DCB002590A549691E00020BEA0090AAB1693E15
:105DDB0000020BEA209F10BE180BB840099F1174EC
:105DEB0002125CB3802C90A558E0BEB000682390E3
:105DFB00A54D691E00020BEA0090AAB1693E000294
:105E0B000BEA209F10BE18138840079F11740212D3
:105E1B005CB3AAE490A551F0E490A552F09F1190C9
:105E2B00A559793E00021BEA20E490A557F09F117B
:105E3B0090A553793E00021BEA209AFF76EC90A5C1
:105E4B004D793E00021BEA2090A54D693E00020BE6
:105E5B00EA2090A549793E00021BEA20E490A55860
:105E6B00F07E345CF37E2400FF90A90F793E000294
:105E7B001BEA207E340009CA397E1403E890B5CCA6
:105E8B00693E00020BEA209AFCFFEB7E14000A9A93
:105E9B00FEBEC77F01DA399AFED81E7E34003474F9
:105EAB00039AFEE6CEAAA2AFE43390B378F0C3C256
:105EBB00AF90A552E090B379F0E490A552F090A585
:105ECB0057E090B37AF090A559693E00020BEA2097
:105EDB0090B37B793E00021BEA2090B378E024FF5D
:105EEB0092AF90B379E0BEB000682C90B37AE00A21
:105EFB003B9098CA1BEA3090B37B693E00020BEAD9
:105F0B00209098C6793E00021BEA207E14C3C27E05
:105F1B000400FF9AFE9469AA90B855E0BEB00078D1
:105F2B000A9AFF724E740190B855F02290B883F024
:105F3B0090B883E0BEB0017803E480027401229034
:105F4B00B7001BEA20793E000290B700693E0002C1
:105F5B000BEA20BE18271048067E182710804690A3
:105F6B00B700693E00020BEA20BE1CD8F018067E73
:105F7B00182710803090B700693E00020BEA20BE54
:105F8B00180000581690B700693E00020BEA206E0D
:105F9B0034FFFF6E24FFFF0B1C800A90B700693E95
:105FAB0000020BEA202290B585F090B5811BEA2008
:105FBB00793E000290B581693E00020BEA20BE18C3
:105FCB000000480690B585E0800790B585E0125F2C
:105FDB003722125F239AFF60167E14C3107E0400D3
:105FEB00FF9AFEB8697E14C3107E0400FF9AFE94DC
:105FFB0069AA7E14C2FF7E0400FF9AFEB8697E1860
:10600B000BB87E080BB89AFF610CAA125F23E490C1
:10601B00B854F09F119F009AFF72F774019AFF73A7
:10602B00657E1403E890B5CC693E00020BEA209A1A
:10603B00FCFFEB9AFF73B7E49AFF73657E14424043
:10604B007E04000F90B5CC693E00020BEA209AFC4F
:10605B00FFE77E14001E9AFEBEC79AFF73B774014A
:10606B009AFF73657E1403E890B5CC693E00020B72
:10607B00EA209AFCFFEB9AFF73B7740190B854F0C7
:10608B00AA90B855E0BEB00068089F119F009AFF18
:10609B0072F7AA90B7041BEA20793E000290B8541D
:1060AB00E0BEB000682390B704693E00020BEA2003
:1060BB00E4125FB19AFF732890B704693E00020B9C
:1060CB00EA20125F4A9AFF72B3AA90B7081BEA2024
:1060DB00793E000290B854E0BEB000682390B70838
:1060EB00693E00020BEA20E4125FB19AFF7339900C
:1060FB00B708693E00020BEA20125F4A9AFF72D57D
:10610B00AA90B2631BEA00791E000290B25F1BEAF1
:10611B0020793E000290B854E0BEB000684A90B2BD
:10612B005F693E00020BEA20E4125FB1CAB890B27D
:10613B0063693E00020BEA20E4125FB17C7BDAB8A4
:10614B009AFF734A90B25F693E00020BEA20125F1E
:10615B004ACA1B90B263693E00020BEA20125F4AE7
:10616B007F01DA1B9AFF72F7AA90B854E0AA90A0AD
:10617B00A71BEA00791E000290A0A31BEA20793E20
:10618B0000027E3433337E24434090A0A3691E006B
:10619B00020BEA009AFF023790A0B7793E00021B70
:1061AB00EA207E34999A7E2442DC90A0AB691E00D3
:1061BB00020BEA009AFF023790A0BF793E00021B48
:1061CB00EA2090A0B7693E00020BEA2090A0BF69BD
:1061DB001E00020BEA009AFF022F90A0B7793E0037
:1061EB00021BEA207E34E6667E24437390A0BB79C3
:1061FB003E00021BEA207E3491687E243F4D90A026
:10620B00A7691E00020BEA009AFF023790A0BF7924
:10621B003E00021BEA2090A0BB693E00020BEA2065
:10622B0090A0BF691E00020BEA009AFF023390A0F8
:10623B00BB793E00021BEA207E3428F67E243F7C8D
:10624B0090A0B3691E00020BEA009AFF023790A0E0
:10625B00BF793E00021BEA2090A0BB693E00020BF7
:10626B00EA2090A0BF691E00020BEA009AFF0233DE
:10627B0090A0BB793E00021BEA2090A0AF693E00C4
:10628B00020BEA2090A0BB691E00020BEA009AFFEA
:10629B00023790A0BF793E00021BEA2090A0B7699D
:1062AB003E00020BEA2090A0BF691E00020BEA0021
:1062BB009AFF022F90A0B7793E00021BEA206D33A4
:1062CB007E2443AB90A0BB793E00021BEA207E34B8
:1062DB00E76D7E243FDB90A0AB691E00020BEA004A
:1062EB009AFF023790A0BF793E00021BEA2090A0D4
:1062FB00BB693E00020BEA2090A0BF691E00020B97
:10630B00EA009AFF023390A0BB793E00021BEA2001
:10631B007E341AA07E24400F90A0B3691E00020B9E
:10632B00EA009AFF023790A0BF793E00021BEA20D9
:10633B0090A0BB693E00020BEA2090A0BF691E0033
:10634B00020BEA009AFF023390A0BB793E00021BBE
:10635B00EA2090A0B3693E00020BEA2090A0BB6933
:10636B001E00020BEA009AFF023790A0BF793E0095
:10637B00021BEA2090A0B7693E00020BEA2090A016
:10638B00BF691E00020BEA009AFF022F90A0B7799B
:10639B003E00021BEA207E14E8007E0446F890A023
:1063AB00B7693E00020BEA209AFEB79B40047401CA
:1063BB008001E4AA9F1190B2AF793E00021BEA2044
:1063CB007E14BF0D7E0400FF7E34B2AF7E2400012D
:1063DB0074019AFD519A7E14BEFB7E0400FF9AFE57
:1063EB00B8697E14BEFB7E0400FF9AFE9469AA6D09
:1063FB00117E043F0090B2AF693E00020BEA209A77
:10640B00FEB5C29AFEB82C90B8907AEB7090B8900B
:10641B007EEBA07403BCAB2805E490B890F090B869
:10642B0090E0221263FA909358F0909358E0BEB02C
:10643B000078030265E3909358E0BEB00178067EC6
:10644B001801F48013909358E0BEB00378067E18C1
:10645B00006480047E1803E8909359793E00021B78
:10646B00EA209AFF76EC90935D793E00021BEA20BE
:10647B0090B2B3693E00020BEA2090935D691E0057
:10648B00020BEA009F01909359693E00020BEA2030
:10649B00BF0150030265E390935D693E00020BEA76
:1064AB002090B2B3793E00021BEA20909358E01B78
:1064BB00B1780302654314780302658F0BB168034F
:1064CB000265E37E1493617E0400019AFEA0099A93
:1064DB00FF7867909375691E00020BEA009098C8CD
:1064EB00791E00021BEA00909379691E00020BEAE9
:1064FB00009098C4791E00021BEA0090937D691EE0
:10650B0000020BEA009098C0791E00021BEA009073
:10651B009381691E00020BEA009098BC791E000261
:10652B001BEA007E14BEE27E0400FF9098BA1BEAC1
:10653B00309AFE94690265E37E1493897E04000110
:10654B009F119AFF460B9093890BEA309098CA1BC8
:10655B00EA3090938B0BEA309098C81BEA309093FB
:10656B008F0BEA309098C61BEA309093910BEA3070
:10657B009098C41BEA307E14BED47E0400FF9AFEB2
:10658B00946980547E1493937E0400019AFEB4C4E4
:10659B00909397693E00020BEA209098C8793E00D1
:1065AB00021BEA20909393693E00020BEA2090981D
:1065BB00C4793E00021BEA2090939B693E00020BBC
:1065CB00EA209098C0793E00021BEA207E14BEC3DD
:1065DB007E0400FF9AFE9469AA90B27F1BEA207991
:1065EB003E00026D117E043F0090B27F693E0002B7
:1065FB000BEA209AFEB79B28086D337E243F008060
:10660B00469F116D117E043F009AFF023390B283B7
:10661B00793E00021BEA2090B283691E00020BEA4E
:10662B000090B27F693E00020BEA209AFEB79B50A6
:10663B000C90B283693E00020BEA20800A90B27F75
:10664B00693E00020BEA2022AA90A8D91BEA007926
:10665B001E000290A8D9693E00020BEA204D237858
:10666B000302680790A8D9691E00020BEA002E14DA
:10667B000008693000020B0A2090A8D9695E00025D
:10668B000BEA402E54000C691200020B2A009AFFF1
:10669B0002377F0190A8D9693E00020BEA202E3405
:1066AB000018791100021B1A007E3470A47E24415D
:1066BB00EB7E14999A7E043E199AFF023790A8DD5F
:1066CB00793E00021BEA2090A8D9691E00020BEA52
:1066DB00002E140018693000020B0A207E14CCCD5A
:1066EB007E043D4C9AFF023790A8DD691E00020B19
:1066FB00EA009AFF023B7F0190A8D9693E00020B8A
:10670B00EA202E34001C791100021B1A0090A8D924
:10671B00691E00020BEA002E14001C693000020BEC
:10672B000A201265E47F0190A8D9693E00020BEAAA
:10673B00202E34001C791100021B1A006D337E24AD
:10674B003F0090A8D9695E00020BEA402E54001C52
:10675B00691200020B2A009AFF023390A8E1793EDE
:10676B0000021BEA206D337E243F0090A8D9695E9E
:10677B0000020BEA402E54001C691200020B2A0087
:10678B009AFF022F90A8E5793E00021BEA2090A801
:10679B00D9691E00020BEA002E14001069300002AA
:1067AB000B0A2090A8E1691E00020BEA009AFF0277
:1067BB00377F0190A8D9693E00020BEA20791100BE
:1067CB00021B1A0090A8D9691E00020BEA002E14B6
:1067DB000010693000020B0A2090A8E5691E000228
:1067EB000BEA009AFF02377F0190A8D9693E00029D
:1067FB000BEA200B36791100021B1A00AA90B11379
:10680B001BEA20793E000290B10F1BEA00791E00B3
:10681B000290B113693E00020BEA20BE18FFFF285D
:10682B00266D3390B10F691E00020BEA007E24FF28
:10683B00FF9AFCD1BA7E08FFFF90B113693E0002AC
:10684B000BEA209F10801E6D3390B10F691E000262
:10685B000BEA0090B113695E00020BEA407D259AAA
:10686B00FCD1BA9F11AA90B11B1BEA20793E000202
:10687B0090B1171BEA00791E00027E34B11B7E24F7
:10688B00000190A34E793E00021BEA206D3390A3CA
:10689B00521BEA307E148BD77E04000190B117692E
:1068AB003E00020BEA209AFE4D0E90B11B693E0092
:1068BB00020BEA20AA90B85EF0908BEEE0BEB0001F
:1068CB0068306D337E14B85E7E0400019AFCDA6F7B
:1068DB007E18000190A6AE793E00021BEA207E14C2
:1068EB008BD77E0400017E34B85E7E2400019AFEB5
:1068FB00475CAA90B85FF06D3390B85FE09AFCD517
:10690B00F290B85FE0AA90A4861BEA3090A4821B99
:10691B00EA00791E000290A481F07E34C3937E249A
:10692B0000FF7E14A4887E040001740D9AFEBED075
:10693B00805C7E34A4887E240001909DD1793E003A
:10694B00021BEA2090A482693E00020BEA20909D74
:10695B00CD793E00021BEA2090A4860BEA30909D75
:10696B00CB1BEA307E14C37B7E0400FF9AFEB86912
:10697B007E1403E890B5CC693E00020BEA209AFC2A
:10698B00FFEB7E1401F49AFEBEC79AFF73B790A477
:10699B0081E0BEB000689BAAE490B860F07E340042
:1069AB004090A6161BEA306D337E1442407E0400E5
:1069BB000F7E2400419AFCEC547E348B567E2400CF
:1069CB000190A9C3793E00021BEA207E180080903B
:1069DB00A9C7793E00021BEA207E148BD77E0400E8
:1069EB00016D339AFE52CB6D3374017E1468C07EF9
:1069FB000400FF9AFCD7EDAA90ADAD1BEA20793EBF
:106A0B00000290ADA91BEA00791E000290ADAD69A2
:106A1B003E00020BEA20126B8C7F0190ADA9693E00
:106A2B0000020BEA20791100021B1A0090ADB1692C
:106A3B001E00020BEA0090ADA9693E00020BEA2092
:106A4B000B36791100021B1A00AA90B2C31BEA2065
:106A5B00793E000290B2BF1BEA00791E000290B291
:106A6B00C3693E00020BEA20126B8C7F0190B2BF10
:106A7B00693E00020BEA20791100021B1A00AA9052
:106A8B00B2CB1BEA20793E000290B2C71BEA007919
:106A9B001E000290B2CB691E00020BEA0090B2C737
:106AAB00693E00020BEA200B36791100021B1A001B
:106ABB00AA90A8FD1BEA20793E000290A8F91BEAD8
:106ACB0000791E000290A8FD693E00020BEA20909F
:106ADB00A8F9695E00020BEA400B56691200020B23
:106AEB002A009AFF023390A901793E00021BEA208B
:106AFB0090A8F9691E00020BEA00693000020B0A2C
:106B0B002090A901691E00020BEA009AFF02379040
:106B1B00A905793E00021BEA2090A8F9691E000224
:106B2B000BEA000B16693000020B0A2090A90569CD
:106B3B001E00020BEA009AFF022F7F0190A8F96951
:106B4B003E00020BEA200B36791100021B1A009053
:106B5B00A8F9691E00020BEA000B16693000020B44
:106B6B000A20AA90B7441BEA00791E000290B74492
:106B7B00691E00020BEA000B16693000020B0A209B
:106B8B00AA90B7481BEA20793E00029F0090B748B5
:106B9B00693E00020BEA209AFEB79B500E9F1190A4
:106BAB00B748793E00021BEA20802690B748691E41
:106BBB0000020BEA006D337E243F809AFEB79B5098
:106BCB00106D337E243F8090B748793E00021BEA5C
:106BDB002090B748693E00020BEA20229AFF79D534
:106BEB009F1190A35E793E00021BEA209F1190A398
:106BFB0062793E00021BEA209F1190ADB1793E00F5
:106C0B00021BEA207E14A36E7E0400017E34CCCDE1
:106C1B007E243E4C9AFF6A039F1190ADB1793E00E2
:106C2B00021BEA207E14A3667E0400017E34CCCDC9
:106C3B007E243E4C9AFF6A037E346CD97E2400FF7F
:106C4B0090A90F793E00021BEA207E340003CA395B
:106C5B007E1403E890B5CC693E00020BEA209AFC47
:106C6B00FFEB7F01DA399AFED81E7E3400207403C5
:106C7B009AFEE6CE7E14C33A7E0400FF9AFEB869F4
:106C8B007E14C33A7E0400FF9AFE9469AA7E14B266
:106C9B00677E0400019AFF6D4690B267693E000261
:106CAB000BEA20909DD1793E00021BEA2090B26B3B
:106CBB00693E00020BEA20909DCD793E00021BEA53
:106CCB00207E14C3297E0400FF9AFEB869AA7E14A5
:106CDB00B70C7E0400019AFF7A0C90B70C0BEA30CC
:106CEB001A261A249AFF02537E141E547E043C93D8
:106CFB009AFF02377E14A36E7E0400019AFF6ABCD2
:106D0B0090A35E793E00021BEA2090B70E0BEA308F
:106D1B001A261A249AFF02537E141E547E043C93A7
:106D2B009AFF02377E14A3667E0400019AFF6ABCA9
:106D3B0090A362793E00021BEA20AA90B5861BEA5B
:106D4B0000791E000290B586693E00020BEA204DC9
:106D5B0023682BA2AFE43390B58AF0C3C2AF7E3465
:106D6B00A35E90B586691E00020BEA007E2400012B
:106D7B0074089AFEBED090B58AE024FF92AFAA9019
:106D8B00B4E11BEA20793E00027E1442407E0400EF
:106D9B000F90B4E1693E00020BEA209AFCFFE77EFC
:106DAB0008004E9F107E1400039AFCFFEB7CB790FB
:106DBB00B4E5F09AFEED6ED3A9D7BA90B4E1691E93
:106DCB0000020BEA007E340E007E240727BF014031
:106DDB00067404F5E9803C90B4E1691E00020BEAED
:106DEB00007E34B4007E2404C4BF0140067403F556
:106DFB00E9802090B4E1691E00020BEA007E34B4F6
:106E0B00007E2404C4BF0140067402F5E9800474BB
:106E1B0004F5E974027E34FE017E24007E7A1BB0F9
:106E2B007E34FDF67E24007E7E1BB0F5A67E34FDFF
:106E3B00EC7E24007E7E1BB0F59F539DFC439D0191
:106E4B0074EF7E14FE0C7E04007E7E0B705C7B7AEE
:106E5B000B7074047E34FE0D7E24007E7A1BB0749E
:106E6B00F07E14FE0C7E04007E7E0B705C7B7A0B36
:106E7B007090B4E57EEB60740F5C6B7E14FE0C7E41
:106E8B0004007E7E0B704C767A0B7074807E14FE41
:106E9B000C7E04007E7E0B704C7B7A0B707E18C3CD
:106EAB00509AFF738074DF7E14FE0E7E04007E7E8C
:106EBB000B705C7B7A0B7074FC7E14FE007E0400FE
:106ECB007E7E0B705C7B7A0B7074F37E14FE007EFF
:106EDB0004007E7E0B705C7B7A0B7074047E14FE58
:106EEB00007E04007E7E0B704C7B7A0B70E4F5DE2B
:106EFB00E4F58EE4F598E4F59AE4F5ACE4F5FDE4FD
:106F0B00F5A2E4F5AFE4F58990B4E1693E00020B1C
:106F1B00EA2090B5CC793E00021BEA209AFEED7276
:106F2B00AA9AFF0FB9AA90AC391BEA3090AC351B6B
:106F3B00EA00791E00027E18271090AC3B793E00C8
:106F4B00021BEA20E490AC3FF0E490AC40F090A739
:106F5B0008E0BEB004680990AC390BEA3002704B04
:106F6B0002703A7E18271090AC3B793E00021BEA68
:106F7B002090AC390BEA207E340040BD23400474D2
:106F8B0040800690AC390BEA5090AC3FF0D3D20066
:106F9B00C3A9C7AF740E7E70019AFF103EE490AC8C
:106FAB0040F08027742190AC35691E00020BEA007B
:106FBB007E0B700B14791E00021BEA009AFF103E29
:106FCB0090AC407EEBA074012CBAF090AC3F7EEB02
:106FDB00A090AC40E0BCBA40CB74117E70019AFF1C
:106FEB00103ED3A9D7AF30001D90AC3B693E0002D9
:106FFB000BEA207E2800017F019F02791E00021BF5
:10700B00EA004D2378E090AC3B693E00020BEA208E
:10701B00BE180000180890AC390BEA30802290ACF7
:10702B003FE00A2B90AC390BEA309D321BEA306DF6
:10703B002290AC390BEA30BD322803026F6E6D33F0
:10704B00AA90B862F07E14B8627E0400017E340010
:10705B00019AFF6F31AA90B3F71BEA00791E000269
:10706B0090B3F7691E00020BEA009AFDFFEF90B395
:10707B00FB1BEA3090B3F7691E00020BEA0090B3DA
:10708B00FB0BEA309AFF6F31AA90B6681BEA0079C6
:10709B001E000290B668693E00020BEA2090B664AF
:1070AB00793E00021BEA20AAAA90AA591BEA007992
:1070BB001E000290AA571BEA3090AA570BEA309099
:1070CB00A13F1BEA3090AA61693E00020BEA204DFA
:1070DB0023780A7E3470B37E2400FF800A90AA6165
:1070EB00693E00020BEA2090A153793E00021BEA95
:1070FB002090AA59693E00020BEA204D23780A7EA4
:10710B003470B37E2400FF800A90AA59693E0002B6
:10711B000BEA2090A14F793E00021BEA2090AA5D5A
:10712B00693E00020BEA204D23780A7E3470B37E51
:10713B002400FF800A90AA5D693E00020BEA2090B2
:10714B00A14B793E00021BEA20AA90B3FF1BEA0079
:10715B00791E000290B3FD1BEA3090B3FD0BEA30B1
:10716B0090A1451BEA3090A1450BEA207E34000428
:10717B00BD23782E90B3FF693E00020BEA204D230E
:10718B00780A7E3470B37E2400FF800A90B3FF69C7
:10719B003E00020BEA2090A157793E00021BEA2029
:1071AB00802C90B3FF693E00020BEA204D23780A36
:1071BB007E3470B37E2400FF800A90B3FF693E00DB
:1071CB00020BEA2090A147793E00021BEA20AA900D
:1071DB00B4051BEA00791E000290B4031BEA309041
:1071EB00B4030BEA3090A15B1BEA3090B405693E07
:1071FB0000020BEA204D23780A7E3470B37E240004
:10720B00FF800A90B405693E00020BEA2090A14171
:10721B00793E00021BEA20AA90B6B81BEA20793E01
:10722B00000290B6B8693E00020BEA20BE18271088
:10723B0028067E182710800A90B6B8693E00020B0C
:10724B00EA20227E3400717E240001E47E140010BB
:10725B009AFDC5647E3400727E240001E47E140026
:10726B00109AFDC5647E3400937E240001E47E14E5
:10727B0000109AFDC5649F1190A6BE793E00021BBB
:10728B00EA207E3441907E0827109AFEA5D29F11EA
:10729B0090A6BE793E00021BEA207E3449927E08FE
:1072AB0027109AFEA5D2AAAA90B6BC1BEA20793E5B
:1072BB00000290B6BC693E00020BEA201272237FDB
:1072CB00017E3441909AFEA3DCAA90B6C01BEA2043
:1072DB00793E000290B6C0693E00020BEA201272A2
:1072EB00237F017E3449929AFEA3DCAA90B2231B22
:1072FB00EA00791E000290B21F1BEA20793E0002C1
:10730B0090B21F693E00020BEA209AFF72B390B253
:10731B0023693E00020BEA209AFF72D5AA90B87936
:10732B00F07E34007290B879E09AFDC1BEAA90B895
:10733B007AF07E34009390B87AE09AFDC1BEAA90A1
:10734B00B83F7AEB7090B83EF090B83EE09AFF737E
:10735B002890B83FE09AFF7339AA90B87BF07E343F
:10736B00007190B87BE0BEB000680474018001E44A
:10737B009AFDC1BEAA90B5E01BEA20793E00029FA0
:10738B00117A1F001090B5E0693E00020BEA207ADB
:10739B001F0010800E7E1F00107E0800019F107AC8
:1073AB001F00107E1F00104D2378EAAA90AF9E1B82
:1073BB00EA20793E0002E47E34FE787E24007E7A59
:1073CB001BB07E14FF017E0400FE90AF9E693E0051
:1073DB00020BEA20BF1028367E08000590AF9E698D
:1073EB003E00020BEA202F107E14000C9AFCFFEBE0
:1073FB0090AF9E793E00021BEA2074EF7E14FE785C
:10740B007E04007E7E0B705C7B7A0B708012741096
:10741B007E14FE787E04007E7E0B704C7B7A0B70A4
:10742B0090AF9E693E00020BEA207CB590AFA2F0B4
:10743B0090AFA2E00A3B6D227E0800012F0190AFB6
:10744B009E693E00020BEA209AFCFFE790AFA31B5C
:10745B00EA3090AFA30BEA207E34FFFF9D3290AF52
:10746B00A51BEA3090AFA2E07E34FE797E24007E2D
:10747B007A1BB090AFA50BEA107E34FE7B7E240006
:10748B007E7A1B3090AFA50BEA307D130A127E3447
:10749B00FE7A7E24007E7A1B3074807E14FE787E0A
:1074AB0004007E7E0B704C7B7A0B707E34FE787EF4
:1074BB0024007E7E1BB030E0F2AA9AFF74F3E580C5
:1074CB00BEB00078067E34000180026D33E5800A81
:1074DB002B4D236D33BD2378E59F007E34FFFE7E5D
:1074EB002400FC9AFEB896AA9AFF001F9AFF7670AA
:1074FB009AFF156F9AFF3BB99AFE93DE9AFD4EC722
:10750B009AFF4F169AFF37D89AFEC4609AFF77F00E
:10751B009AFF5FDD9AFF5AF09AFF6BE79AFE9DF890
:10752B009AFF58029AFF33379AFF0E3A9AFDD4A26C
:10753B009AFE67079AFE80F69AFF776E9AFF5401C0
:10754B009AFDFEF79AFF63BF9AFF00339AFF5E1E08
:10755B009AFF00389AFF76EC9AFC59F59AFEC549CA
:10756B009AFF78039AFF4FDE9AFF46CA9AFF531190
:10757B009AFF181C9AFD54829AFF3DDE9AFDD36B3D
:10758B009AFF5EB19AFF5B819AFF3AAD9AFDFF07B6
:10759B009AFF642E80BAAA90A701E024DF680D142D
:1075AB0068100BB178129AFF75C880109AFF76039A
:1075BB00800A9AFF763E80049AFF12B0AA90A70821
:1075CB00E0BEB004780990A700E0BEB02168069A2F
:1075DB00FF12B080227E34B3637E24000190A70C8F
:1075EB00793E00021BEA2090A7060BEA3090A70A0F
:1075FB001BEA309AFF12D4AA90A708E0BEB0047819
:10760B000990A700E0BEB0A168069AFF12B08022D5
:10761B007E34B3637E24000190A70C793E00021BDD
:10762B00EA2090A7060BEA3090A70A1BEA309AFFD4
:10763B0012C0AA90A708E0BEB004780990A700E09A
:10764B00BEB02168069AFF12B080049AFF12E4AA1A
:10765B0090A701E0BEB020780BE490B367F07408FC
:10766B0090B369F0AA9F1190B710793E00021BEA04
:10767B00207E3477237E2400FF90A90F793E0002F1
:10768B001BEA206D33CA397E1442407E04000F90F2
:10769B00B5CC693E00020BEA209AFCFFE77E140092
:1076AB00649AFEBEC77F01DA399AFED81E7E14C1DA
:1076BB002D7E0400FF9AFEB8697E14C12D7E040056
:1076CB00FF9AFE9469AA9AFF76EC7E14C1167E048B
:1076DB0000FF909DD1793E00021BEA209AFEB8690B
:1076EB00AA2EF80005A2AFE43339BFFFFCC3C2AF2B
:1076FB0090B710693E00020BEA20793FFFFF792F0C
:10770B00FFFD297FFFFC2E70FF92AF693FFFFF69E2
:10771B002FFFFD9EF80005AA90B710691E00020B03
:10772B00EA007E1800012F10793E00021BEA20AA06
:10773B009AFE699D740190B493F07E14BE097E0489
:10774B0000FF9AFE9469AAE490B493F0740490B489
:10775B0094F07E14BDF57E0400FF9AFE94699AFEA8
:10776B0069BBAAE49AFF5C62E490B493F0E490B432
:10777B0094F09AFF76EC90B495793E00021BEA20C8
:10778B009F1190A891793E00021BEA207E14BDF058
:10779B007E0400FF7E34773B7E2400FF9AFD535519
:1077AB009F1190A891793E00021BEA207E14BDEA3E
:1077BB007E0400FF7E3477527E2400FF9AFD5355E2
:1077CB007E14BDD77E0400FF9AFE94697E14BDBA69
:1077DB007E0400FF9AFEB8697E14BDBA7E0400FFDA
:1077EB009AFE9469AA9AFF7B159AFF76EC90B714D0
:1077FB00793E00021BEA20AA9AFF7B1A9AFF7B1F95
:10780B00BEB00068479AFF76EC90B718793E00023D
:10781B001BEA2090B714691E00020BEA0090B71800
:10782B00693E00020BEA209F10BE18014D401D9AC5
:10783B00FF7B24BEB000681490B718693E00020BA2
:10784B00EA2090B714793E00021BEA20AA9AFF7B2C
:10785B001FAA9AFF7B33AA9AFF7B38AA9AFF7B2930
:10786B0090B7CF1BEA309AFF7B2E90B7D1F090B731
:10787B00D1E0BEB000780E90B7CF0BEA207E340378
:10788B00E8BD2328067E341E61800690B7CF0BEA35
:10789B0030AA9AFF7B2EAA90B1FF1BEA20793E00FB
:1078AB00027E34B2027E2400017E1B307E34B20392
:1078BB007E2400017A1B307E34B2017E2400017ECF
:1078CB001B307E34B2047E2400017A1B307E34B22E
:1078DB00007E2400017E1B307E34B2057E24000125
:1078EB007A1B307E34B1FF7E2400017E1B307E3448
:1078FB00B2067E2400017A1B3090B203693E00026F
:10790B000BEA20AA90B6A81BEA307E34B6A97E24D7
:10791B0000017E1B307E34B6AA7E2400017A1B3018
:10792B007E34B6A87E2400017E1B307E34B6AB7E3F
:10793B002400017A1B3090B6AA0BEA30AA90B2371A
:10794B001BEA20793E000290B237693E00020BEA37
:10795B00204D23682E9AFF76EC90B23B793E0002C5
:10796B001BEA209AFF76EC90B23B695E00020BEAB1
:10797B00407F019F0290B237693E00020BEA20BFA5
:10798B000140E02290B6E41BEA20793E00027E140F
:10799B00000A90B6E4693E00020BEA209AFEBEC7CD
:1079AB00127948AA90B6E81BEA20793E00027E08BD
:1079BB00006390B6E8693E00020BEA202F107E149C
:1079CB0000649AFCFFEB127948AA7E3400057E24F2
:1079DB00A1B17E14A9B39AFDEC127E3400047E246F
:1079EB0082B07E148AB29AFDEC129AFF79FBAAAA96
:1079FB007E3400059AFDDDE47E3400049AFDDDE45F
:107A0B00AA90B6B01BEA00791E000290B6B0693E90
:107A1B0000020BEA204D2368387E3400059AFDDA0C
:107A2B00057D1390B6B0693E00020BEA201B1A10BD
:107A3B007E3400049AFDDA057E14FFFFAD1390B679
:107A4B00B0693E00020BEA200B351B1A109AFF7926
:107A5B00FBAA90B5381BEA2090B5361BEA307401AF
:107A6B0090B53AF06D2290B5360BEA103E147E3489
:107A7B00A1D42D317A71827A61830BEA30BD3278D1
:107A8B001F90B5380BEA2090B5360BEA103E147EEA
:107A9B0034A1D42D317A71827A61831BEA20802E36
:107AAB0090B5360BEA203E247E34A1D42D327A7168
:107ABB00827A61830BEA2090B5380BEA30BD2378CC
:107ACB0008740190B53AF08005E490B53AF090B5A2
:107ADB003AE0AA7F617F7080177E7BB0600C693FB4
:107AEB00FFFC1B34793FFFFC7802E4AA0BF40BD4A8
:107AFB007E6B607E7B70BC7668DF7E6B607E7B709E
:107B0B00BC7628037401AA74FFAA9AFEF56AAA9A96
:107B1B00FEF5BBAA9AFEF861AA9AFEF866AA9AFE2F
:107B2B00F87BAA9AFEF891AA9AFEF8A3AA9AFEF8F5
:107B3B00A87CB7AA7F217F707F10800A7E2B307ABA
:107B4B001B300B540B34691FFFFC7D011B04790F99
:107B5B00FFFC4D1178E67F17AAC82E002E802E3D14
:107B6B00B1C82E002E802E9103802EBCB0802EA388
:107B7B0003C82E002E802E00B05030212E59F51048
:107B8B0030212E6AF5802E3B0300000000081901FE
:107B9B00002200750000100010D100B343802E00AE
:107BAB00C1802E00C1802E00C1802E00C1802E000E
:107BBB00C1802E00C1802E00C1802E00C1802E00FE
:107BCB00C1802E00C1802E00C1802E00C1802E00EE
:107BDB00C1802E00C1802E00C1802E00C1802E00DE
:107BEB00C1802E00C1802E00C1802E00C1802E00CE
:107BFB00C1802E00C1802E00C1802E00C1802E00BE
:107C0B00C1802E00C1802E00C1802E00C1802E00AD
:107C1B00C1802E00C1802E00C1802E00C1802E009D
:107C2B00C1802E00C1802E00C1802E00C1802E008D
:107C3B00C1802E00C1802E00C1802E00C1802E007D
:107C4B00C1802E00C1E05F000000000100000000B9
:107C5B000000000000000092000000000000000087
:107C6B000000000000000000000819000088000060
:107C7B00000000000005E0AA3805E09030FA0096FD
:107C8B00004B091100110002002D01D47B3B01DBDD
:107C9B007A04003F7BCD6CC3048509C304ECE60C6E
:107CAB00460100270019009600A00001000C00F00F
:107CBB003C00010100030001000E00000032000532
:107CCB0000EE060400C80000000400A805EE060044
:107CDB0004BC02B300850700000000000000000098
:107CEB000000000000000000000000B4000100B91B
:107CFB00000100980000000000000000000100805F
:107D0B000004000000000000000000000000000064
:107D1B000000000000000000000000000000000058
:107D2B000000000000000000000000000000000048
:107D3B000000000000000000000000000000000038
:107D4B000000000000000000000000000000000028
:107D5B00000000802E00C1FD2DDE00EB00DA0000DC
:107D6B000CFF0F0004C0005BF5C9011EF280003F41
:107D7B00FF19F458F566F564F5C0F1F000E000CD9D
:107D8B0001D301DB01FF7FFF01E40074F7F300FA7D
:107D9B0000FF3FCA036C3856FE44FDBC02F90600D7
:107DAB00FC1202AE0158FA9AFD7705BB02960195BB
:107DBB00017F0182018901870188018A018C018F72
:107DCB00018D0192019101DD009F017E01DB00B667
:107DDB0001706926D39C071F059D000008BC053761
:107DEB00FAA201AA01A101A801A001A805B401B43E
:107DFB0001CE00D000FC00C501FFFBB10000380034
:107E0B0030FDF5FCF5CD01A0005FFF0040FF000049
:107E1B00806D0FEB007FFFC2F568F7B3F1670F5B67
:107E2B000F610F800F58F75BF7830F8600720F857A
:107E3B000FC6F17F0F6CF700E000FFD1F5870F8ABB
:107E4B000FFF03F03F8B008E009000B9002DF5CA99
:107E5B00F5CB0120F2000000000000000000000044
:107E6B000000000000000000000000000000000007
:107E7B0000000000000000000000000000000000F7
:107E8B0000000000000000000000000000000000E7
:107E9B0000000000000000000000000000000000D7
:107EAB0000000000000000000000000000000000C7
:107EBB0000000000000000000000000000000000B7
:107ECB0000000000000000000000000000000000A7
:107EDB000000000000000000000000000000000097
:107EEB000000000000000000000000000000000087
:107EFB000000000000000000000000000000000077
:107F0B000000000000000000000000000000000066
:107F1B000000000000000000000000000000000056
:107F2B000000000000000000000000000000000046
:107F3B00003050982ED70E5032982EFA030030F0A6
:107F4B007F002E002ED02E002E018008A2FB2F9832
:107F5B002EBA03212E1900012EEE0000B2072F01BD
:107F6B002E190000B2032F01500352982E07CC019B
:107F7B002EDD0000B2272F052E8A000552982EC742
:107F8B00C1032EE90040B2F07F082F012E1900002B
:107F9B00B2042F0030212EE900982EB4B1012E1817
:107FAB000000B2102F0550982E4DC30550982E5A35
:107FBB00C7982EF9B4982E54B2982E67B6982E17F0
:107FCB00B21030212E7700012EEF0000B2042F9853
:107FDB002E7AB70030212EEF00012ED40004AE0B09
:107FEB002F012EDD0000B2072F0552982E8E0E00AA
:107FFB00B2022F1030212E7D00012E7D00009090BB
:10800B002EF102012ED70000B2042F982E2F0E0056
:10801B0030212E7B00012E7B0000B2122F012ED4BB
:10802B00000090022F982E1F0E092D982E810D0106
:10803B002ED4000490022F5032982EFA03003021D8
:10804B002E7B00012E7C0000B2902E0903012E7CAA
:10805B00000131010800B2042F982E47CB103021BC
:10806B002E77008130012E7C00010800B2612F03B6
:10807B002E8900012ED40098BC98B805B20F582356
:10808B002F079009540030372F15410441DCBE44B3
:10809B00BEDCBA2C0161000F564A0F0C2FD1429453
:1080AB00B8C1421130052E6AF72CBD2FB980B2082A
:1080BB0022982EC3B7212D6130232ED400982EC3C6
:1080CB00B70030212E5AF5182DE17F5030982EFA3B
:1080DB00030F520750504270300D5442427E82E2E1
:1080EB006F80B24242052F212ED4001030982EC340
:1080FB00B7032D6030212ED400012ED4000690182A
:10810B002F012E76000B540752E07F982E7AC1E197
:10811B006F081A4030082F212ED4002030982EAF34
:10812B00B75032982EFA03052D982E380E003021B9
:10813B002ED4000030212E7C00182D012ED40003EC
:10814B00AA012F982E450E012ED4003F8003A201C9
:10815B002F002E022D982E5B0E3030982ECEB700AE
:10816B0030212E7D005032982EFA03012E7700001D
:10817B00B2242F982EF5CB032ED5001154010ABC37
:10818B00848386212EC901E0401352C4408240A84B
:10819B00B9524243BE5342040A5042E17FF031418F
:1081AB0040F26F25BD0808020AD07F982EA8CF0693
:1081BB00BCD16FE26F080A8042982E58B70030216D
:1081CB002EEE00212E7700212EDD00802EF4011AD9
:1081DB00242200802EEC011050FB7F982EF30357C6
:1081EB0050FB6F013071541142420EFC2FC02E0117
:1081FB0042F05F802E00C1FD2D0100000000000049
:10820B0000000000009A0134030000000000000091
:10821B000000000000000000000000000000000053
:10822B000000000000000000000000000000000043
:10823B000000000000000000000000000000000033
:10824B000000000000000000000000000000000023
:10825B000000000000000000000000000000000013
:10826B000000000000000000000000000000000003
:10827B0000000000000000000000002050E77FF627
:10828B007F06320F2E61F5FE09C0B3042F17302F76
:10829B002EEF002D2E61F5F66FE76FE05FC82E20F5
:1082AB0050E77FF67F46300F2EA4F1BE0980B30650
:1082BB002F0D2ED40084AF022F16302D2E7B00866F
:1082CB00302D2E60F5F66FE76FE05FC82E012E772D
:1082DB00F709BC0FB800B21050FB7F10300B2F0307
:1082EB002E8A0096BC9FB840B2052F032E68F79ECE
:1082FB00BC9FB840B2072F032E7E004190012F98F0
:10830B002EDC03032C0030212E7E00FB6FF05FB8B8
:10831B002E2050E07FFB7F002E2750982E3BC82944
:10832B0050982EA7C80150982E55CCE16F2B509822
:10833B002EE0C9FB6F0030E05F212E7E00B82E735C
:10834B0050013057541142420EFC2FB82E212E599A
:10835B00F51030C02E212E4AF19050F77FE67FD5D5
:10836B007FC47FB37FA17F907F827F7B7F982E35E9
:10837B00B700B2902E97B0032E8F00072E910005F9
:10838B002EB1003FBA9FB8012EB100A3BD4C0A0518
:10839B002EB10004BEBFB9CB0A4FBA22BD012EB31A
:1083AB0000DC0A2FB9032EB8000ABE9A0ACFB99B7C
:1083BB00BC012E97009FB8930A0FBC910A0FB8907F
:1083CB000A252E1800052EC1F52EBD2EB9012E192A
:1083DB000031308A040090072F012ED40004A20331
:1083EB002F012E180000B20C2F19500552982E4D4C
:1083FB00B7052E780080901030012F212E780025A4
:10840B002EDD00982E3EB700B202300130042F0152
:10841B002E190000B2002F2130012EEA00081A0E8F
:10842B002F232EEA0033301B500B09014017564601
:10843B00BE4B084C0A01420A8015520142002E0124
:10844B002E180000B21F2F032EC0F5F0304808473E
:10845B00AA7430072E7A0061224B1A052F072E665D
:10846B00F5BFBDBFB9C0900B2F1D562B30D242DBD1
:10847B00420104C24204BDFE808184232E7A000295
:10848B00420232252E62F5052ED6008184252ED68A
:10849B00000231252E60F5052E8A000B50900880C6
:1084AB00B20B2F052ECAF5F03E9008252ECAF50506
:1084BB002E59F5E03F9008252E59F5906FA16FB31B
:1084CB006FC46FD56FE66FF76F7B6F826F705FC88E
:1084DB002EC050907FE57FD47FC37FB17FA27F8773
:1084EB007FF67F7B7F002E012E60F5607F982E3507
:1084FB00B70230636F1552507F627F5A2C02321ACB
:10850B000900B3142F00B2032F092E180000910C91
:10851B002F437F982E97B71F50028A0232043025C3
:10852B002E64F51552506F436F4443252E60F5D9D9
:10853B0008C0B2362F982E3EB700B2062F012E1967
:10854B000000B2022F506F00900A2F012E7900000D
:10855B0090192F1030212E79000030982EDC031348
:10856B002D012EC3F50CBC0FB81230100403B0262E
:10857B002521500352982E4DB71030212EEE0002BC
:10858B0030607F252E7900606F0090052F00302121
:10859B002EEA001550212E64F51552232E60F5029C
:1085AB0032506F0090022F0330272E7800072E6079
:1085BB00F51A090091A32F19090091A02F906FA212
:1085CB006FB16FC36FD46FE56F7B6FF66F876F40C3
:1085DB005FC82EC050E77FF67F26300F2E61F52F38
:1085EB002E7C000F2E7C00BE09A27F807F80B3D52E
:1085FB007FC47FB37F917F7B7F0B2F23501A251274
:10860B0040427F74821240527F002E0040607F9860
:10861B002E6AD68130012E7C00010800B2422F0356
:10862B002E8900012E890097BC06BC9FB80FB8009D
:10863B0090232ED800103001302A2F032ED4004463
:10864B00B2052F47B200302D2F212E7C002B2D038E
:10865B002EFDF59EBC9FB84090142F032EFCF59970
:10866B00BC9FB840900E2F032E49F125544A084069
:10867B0090082F982E35B700B21030032F503021B1
:10868B002ED400102D982EAFB70030212E7C000A6F
:10869B002D052E69F72DBD2FB980B2012F212E7D0F
:1086AB0000232E7C00E031212E61F5F66FE76F8001
:1086BB006FA26FB36FC46FD56F7B6F916F405FC845
:1086CB002E60510A253688F47FEB7F00323152320F
:1086DB00301330982E15CB0A253384D27F433005C7
:1086EB00502D52982E95C1D26F2752982ED7C72A4C
:1086FB0025B086C07FD37FAF842950F16F982E4D64
:10870B00C82A25AE8AAA88F26E2B50C16FD36FF49C
:10871B007F982EB6C8E06E00B2322F33548386F1A9
:10872B006FC37F04303030F47FD07FB27FE330C52E
:10873B006F56404541280803140EB408BC82401004
:10874B000A2F542605917F4428A37F982ED9C00861
:10875B00B933305309C16FD36FF46F831747406C34
:10876B0015B26FBE09750B90424542510E32BC02D9
:10877B0089A16F7E86F47FD07FB27F0430916FD654
:10878B002FEB6FA05EB82E032E97001BBC60509F83
:10879B00BC0CB8F07F40B2EB7F2B2F032E7F004138
:1087AB0040012EC800011A112F3758232EC8001074
:1087BB0041A07F38810141D07FB17F982E64CFD00B
:1087CB006F0780A16F1142002EB16F014211300172
:1087DB002EFC0000A80330CB224A25012E7F003C43
:1087EB008935520554982EC4CEC16FF06F982E95D3
:1087FB00CF042D0130F06F982E95CFEB6FA05FB8A3
:10880B002E032EB3000232F030033130508A0808A9
:10881B0008CB08E07F80B2F37FDB7F252F032ECAC6
:10882B00004190042F0130232ECA00982E3F03C025
:10883B00B2052F032EDA0000304104232EDA009804
:10884B002E92B21025F06F00B2052F012EDA000226
:10885B00301004212EDA0040B2012F232EC801DB89
:10886B006FE06FD05F802E95CF0130E06F982E9523
:10887B00CF1130232ECA00DB6FD05FB82ED0500A39
:10888B002533845550D27FE27F038CC07FBB7F00A2
:10889B0030055A39545141A57F967F807F982ED948
:1088AB00C00530F57F2025916F3B583D5C3B5698BA
:1088BB002E67CCC16FD56F52405043C17FD57F100F
:1088CB0025982EFEC91025982E74C0866F302892DD
:1088DB006F828CA56F6F52690E3954DB2F19A0155F
:1088EB0030032F0030212E81010A2D012E8101052D
:1088FB00284236212E8101020E012F982EF30357A9
:10890B005012300140982EFEC9516F0B5C8E0E3BFE
:10891B006F57580230212E9501456F2A8DD27FCB90
:10892B007F132F02303F50D27FA80E0E2FC06F53F4
:10893B005402005154420E103059520230012F0094
:10894B002E032D504242421230D27F80B2032F00B1
:10895B0030212E8001122D012EC9000280052E80A0
:10896B0001113091280040252E8001100E052F019A
:10897B002E7F010190012F982EF303002EA04101B1
:10898B0090A67F902EE3B4012E950100A8902EE3C4
:10899B00B45B549580824080B202402D8C3F52963E
:1089AB007F902EC2B3290E762F012EC90000408175
:1089BB00284552B330982E0FCA5D54807F002EA1EC
:1089CB0040727F82808240607F982EFEC91025986E
:1089DB002E74C0626F05308740C0910430052F059F
:1089EB002E830180B21430002F0430052EC9007382
:1089FB006F8140E2406904110FE1401630FE29CB34
:108A0B0040022F836F830F222F4756130F1230779D
:108A1B002F4954420E1230732F00910A2F012E8BC7
:108A2B000119A802306C2F6350002E1742054268C3
:108A3B002C12300B25080F5030022F212E830103EF
:108A4B002D4030212E83012B2E85015A2C12300004
:108A5B00912B25042F635002301742172C0242989A
:108A6B002EFEC91025982E74C0052EC90081845B7B
:108A7B00308240372E8301020E072F5F5240306247
:108A8B00404140910E012F212E830105302B2E8565
:108A9B00011230362C16301525817F982EFEC91009
:108AAB0025982E74C019A21630152F052E9701800C
:108ABB006F820E052F012E86010628212E86010BB3
:108ACB002D032E87015F544E289142002E82409039
:108ADB000E012F212E88010230132C0530C06F0898
:108AEB001CA80F163005305B50092F02802D2E82EB
:108AFB000105420580002E02423E80002E064202F6
:108B0B0030906F3E88014004414C28014207801091
:108B1B00252440004000A8F522232944427A827E76
:108B2B00884340044100ABF523DF284342D9A0140E
:108B3B002F0090022FD26F81B2052F63540628901D
:108B4B00428542092C02305B500380292E7E012B7B
:108B5B002E8201054212302B2E83014582002E40BE
:108B6B00407A8202A0082F63503B301542054237F2
:108B7B0080372E7E0105421230012EC900028C4037
:108B8B004084417A8C040F032F012E8B0119A4040E
:108B9B002F2B2E8201982EF30312308190615208F5
:108BAB002F65426542438039848288054245428560
:108BBB00420543002E80410090902EE1B46554C1D4
:108BCB006F804000B243586950442F555CB7878C77
:108BDB000F0D2E9601C440362F41568B0E2A2F0BAC
:108BEB0052A10E0A2F052E8F011425982EFEC94B6C
:108BFB0054020F695005306554152F032E8E014D0D
:108C0B005C8E0F3A2F052E8F01982EFEC94F548282
:108C1B000F053069506554302F6D521530428C451D
:108C2B004204302B2C84436B52428C002E8543150F
:108C3B0030242C45428E0F202F0D2E8E01B10E1C91
:108C4B002F232E8E011A2D0E0E172FA10F152F234A
:108C5B002E8D01132D982E74C04354C20E0A2F650E
:108C6B005004800B3006820B427980414012302534
:108C7B002E8C01014205306950655484824384BEB9
:108C8B008C8440864126299442BE8ED57F19A14300
:108C9B00400B2E8C018440C7415D29272945428416
:108CAB0042C27F012FC0B31D2F052E940199A00145
:108CBB002F80B3132F80B3182FC0B3162F12400180
:108CCB0040927F982E74C0926F100F2030032F109C
:108CDB0030212E7E010A2D212E7E01072D203021E1
:108CEB002E7E01032D1030212E7E01C26F012EC965
:108CFB0000BC84028082400040900ED56F022F157D
:108D0B0030982EF30341910530072F67503D802B90
:108D1B002E8F0105420480002E0542022C003000EC
:108D2B0030A26F988A864080A7052F982EF303C038
:108D3B0030212E950106251A25E26F768296405634
:108D4B0043510EFB2FBB6F305FB82E012EB80001C5
:108D5B0031410840B22050F2300208FB7F01301045
:108D6B002F052ECC008190E07F032F232ECC009873
:108D7B002E55B6982E1DB51025FB6FE06FE05F806A
:108D8B002E95CF982E95CF1030212ECC00FB6FE077
:108D9B005FB82E00510558EB7F2A2589526F5A89EF
:108DAB005013410640B3011642CB160640F3021393
:108DBB0042650EF52F054014302C29044208A10002
:108DCB0030902E52B6B388B08AB684A47FC47FB5D8
:108DDB007FD57F927F73300430554042408A17F322
:108DEB00086B01900253B84B82ADBE717F450A09E7
:108DFB0054847F982ED9C0A36F7B54D042A37FF2AB
:108E0B007F607F2025716F755A7758795C755698FE
:108E1B002E67CCB16F626F5042B17FB33010259883
:108E2B002E0FCA846F2029716F926FA56F76826A9D
:108E3B000E73300030D02FD26FD17FB47F982E2B92
:108E4B00B715BD0BB8020AC26FC07F982E2BB71592
:108E5B00BD0BB8420AC06F081741188916E118D02C
:108E6B0018A17F27251625982E79C08B54907FB398
:108E7B0030824080900D2F7D52926F982E0FCAB288
:108E8B006F900E062F8B501430426F516F1442129D
:108E9B00420142002E316F982E74C0416F807F9833
:108EAB002E74C0826F10044352010F052ECB0000AD
:108EBB00300430212F516F43588C0E04301C2F85FA
:108ECB0088416F04418C0F0430162F8488002E04C8
:108EDB004104058C0E04300F2F8288316F0441043E
:108EEB00058C0E0430082F8388002E04418C0F0450
:108EFB0030022F212EAD0114300091142F032EA11F
:108F0B000141900E2F032EAD0114304C28232EADB2
:108F1B000146A0062F81848D5248828240212EA1CA
:108F2B000142425C2C0230052EAA0180B202305560
:108F3B002F032EA901926FB330982E0FCAB26F90E8
:108F4B000F003002304A2FA26F8752910085525189
:108F5B000E022F002E432C0230C26F7F52910E0255
:108F6B00303C2F516F8154982EFEC91025B3302100
:108F7B0025982E0FCA326FC07FB3301225982E0F53
:108F8B00CA426FB07FB3301225982E0FCAB26F90C2
:108F9B00288352982EFEC9C26F900F003002301DED
:108FAB002F052EA10180B212300F2F426F032EAB73
:108FBB0001910E0230122F526F032EAC01910F0252
:108FCB00300C2F212EAA010A2C1230032ECB008D30
:108FDB00580889414011430043252EA101D46F8FBE
:108FEB005200433A89002E10431043610EFB2F03AE
:108FFB002EA001111A022F0225212EA001EB6F00CA
:10900B005FB82E915210300230955652424B0EFCE7
:10901B002F8D54888293568042534240424286831E
:10902B0054C02EC242002EA3520051524047401A48
:10903B0025012E97008FBE7286FB7F0B307CBFA560
:10904B00501008DFBA7088F8BFCB42D37F6CBBFCE3
:10905B00BBC50A907F1B7F0B43C0B2E57FB77FA6D2
:10906B007FC47F902E1CB7072ED200C0B20B2F9758
:10907B0052012ECD00827F982EBBCC0B30372ED2D7
:10908B0000826F906F1A2500B28B7F142FA6BD251F
:10909B00BDB6B92FB980B2D4B00C2F99549B560BD7
:1090AB00300B2EB100A1589B42DB426C092B2EB129
:1090BB00008B42CB42867F7384A756C30839520577
:1090CB0050727F637F982EC2C0E16F626FD10A012D
:1090DB002ECD00D56FC46F726F97529D5C982E0684
:1090EB00CD236F906F9952C0B204BD5440AFB945B8
:1090FB0040E17F0230062FC0B20230032F9B5C127F
:10910B00309443854303BF6FBB80B3202F066F267C
:10911B0001166F6E034542C090292ECE009B521450
:10912B002F9B5C002E93418641E304AE0780AB047A
:10913B002F80910A2F866F730F072F836FC0B20496
:10914B002F544245421230042C1130022C11301195
:10915B003002BC0FB8D27F00B20A2F012EFC0005E3
:10916B002EC701101A022F212EC701032D022C012D
:10917B00300130B06F982E95CFD16FA06F982E9590
:10918B00CFE26F9F52012ECE00824050420C2C42F8
:10919B00421130232ED2000130B06F982E95CFA004
:1091AB006F0130982E95CF002EFB6F005FB82E838A
:1091BB008601300030944024180600530E4F02F9FC
:1091CB002FB82EA952002E604041400DBC98BCC058
:1091DB002E010A0FB8AB52533C524040404B008219
:1091EB001626B901B84140100897B80108C02E11D6
:1091FB00300108438625400440D8BE2C0B22115465
:10920B004203804B0EF62FB82E9F501050AD5205D7
:10921B002ED300FB7F002E13409342410EFB2F9861
:10922B002EA5B7982E87CF012ED90000B2FB6F0B5E
:10923B002F012E69F7B13F01080130F05F232ED9C2
:10924B0000212E69F7802E7AB7F05FB82E012EC061
:10925B00F8032EFCF51554AF5682080B2E69F7CB8D
:10926B000AB1588090DDBE4C085FB9592280900737
:10927B002F0334C308F23A0A080235C0904A0A4851
:10928B0022C02E232EFCF51050FB7F982E56C7982C
:10929B002E49C31030FB6FF05F212ECC00212ECA5C
:1092AB0000B82E032ED30016B802344A0C212E2DF3
:1092BB00F5C02E232ED30003BC212ED500032ED5B3
:1092CB000040B21030212E77000130052F052ED82B
:1092DB00008090012F232E6FF5C02E212ED9001167
:1092EB00308108012E6AF7713F23BD0108020AC0C5
:1092FB002E212E6AF730250030212E5AF5105021E1
:10930B002E7B00212E7C00FB7F982EC3B740302193
:10931B002ED400FB6FF05F0325802EAFB7802E009D
:10932B00C1802E00C1802E00C1802E00C1802E0076
:10933B00C1802E00C1802E00C1802E00C1802E0066
:10934B00C1802E00C1802E00C1802E00C1802E0056
:10935B00C1802E00C1802E00C1012E5DF708BC809C
:10936B00AC0EBB022F003041048206C0A4003011AA
:10937B002F40A9032F40910D2F00A70B2F80B3B3C4
:10938B0058022F90A12613202380901030012FCC50
:10939B000E002F0030B82EB550180808BC88B60D3B
:1093AB0017C6BD56BCB758DABA04011D0A105005D2
:1093BB003032254503FB7FF6302125982E37CA1610
:1093CB00B59ABC06B880A8410A0E2F8090022F2DAB
:1093DB0050480F092FBFA0042FBF90062FB754CAB8
:1093EB000F032F002E022CB7522D52F233982ED989
:1093FB00C0FB6FF137C02E0108F05FBF56B954D0D8
:10940B0040C4400B2EFDF3BF52904294429542054F
:10941B0030C1500F88064004419642C54248BE7386
:10942B00300D2ED8004FBA8442034281B3022F2B4A
:10943B002E6FF5062D052E77F7BD569308252E7743
:10944B00F7BB54252EC2F5072EFDF34230B433DAA9
:10945B000A4C00272EFDF34340D43FDC0843420067
:10946B002E002E43402430DC0A43420480032EFDA1
:10947B00F34A0A232EFDF36134C02E0142002E6005
:10948B00501A257A86E07FF37F0325C3524184DB94
:10949B007F3330982E16C21A257D82F06FE26F3221
:1094AB002516409440260185408E17C4426E0395C5
:1094BB0042410EF42FDB6FA05FB82EB051FB7F98AB
:1094CB002EE80D5A25982E0F0ECB583287C47F6588
:1094DB00896B8DC55A657FE17F837FA67F747FD0B3
:1094EB007FB67F947F1730C752C954517F002E85AA
:1094FB006F427F002E51414581424113403B8A0010
:10950B00404B04D006C0AC857F022F02305104D3F0
:10951B0006418405305D02C916DF08D3008D02AF0A
:10952B00BCB1B9590A656F1143A1B4524153410102
:10953B0043347F657F2631E56FD46F982E37CA325F
:10954B006F756F83404241237F127FF63040255168
:10955B0025982E37CA146F2005706F256F6907A2E7
:10956B006F316F0B3004429B428B425542327F402E
:10957B00A9C36F717F0230D040C37F032F40911579
:10958B002F00A7132F00A4112F84BD982E79CA5535
:10959B006FB75454418200F33F4541CB02F63098EC
:1095AB002E37CA356FA46F4143032C0043A46F358C
:1095BB006F1730426F516F934042820041C30003DB
:1095CB0043517F002E944041414C02C46FD15663EE
:1095DB000E746F5143A57F8A2F092ED80001B3213A
:1095EB002FCB58906F1341B66FE47F002E9141142F
:1095FB004092411540172E6FF5B67FD07FCB7F98E9
:10960B002E000C0715C26F140B292E6FF5C3A3C1C7
:10961B008FE46FD06FE62F1430052E6FF5140B29E6
:10962B002E6FF5182DCD560432B56F1C01514152DA
:10963B0041C340B57FE47F982E1F0CE46F21870058
:10964B00430432CF545A0EEF2F1554092E77F722BD
:10965B000B292E77F7FB6F505EB82E1050012ED4CE
:10966B000000B2FB7F512F01B2482F02B2422F03F1
:10967B0090562FD7527980424081840040424298C5
:10968B002E930CD954D750A14098BD82403E82DA1C
:10969B000A44408B16E3005342002E43409A025279
:1096AB0042002E414015544A0E3A2F3A8200304167
:1096BB0040212E850F40B20A2F982EB10C982E45C3
:1096CB000E982E5B0EFB6FF05F0030802ECEB7DD59
:1096DB0052D35442424F847330DB5283421B306B64
:1096EB00422330272ED700372ED400212ED6007AD6
:1096FB0084172C42423030212ED400122D21300001
:10970B0030232ED400212E7BF70B2D1730982E51A2
:10971B000CD5500C8272302F2ED400252E7BF740A7
:10972B0042002EFB6FF05FB82E70500A253986FB76
:10973B007FE1326230982EC2C4B556A56FAB08914B
:10974B006F4B08DF56C46F23094DBA93BC8C0BD1FA
:10975B006F0B09CB52E15E5642AF094DBA23BD9454
:10976B000AE56F68BBEB08BDB963BEFB6F5242E302
:10977B000AC02E4342905FD150032E25F3134000B5
:10978B00409BBC9BB408BDB8B998BCDA0A08B68933
:10979B0016C02E190062021050FB7F982E810D010E
:1097AB002ED40031300804FB6F0130F05F232ED62E
:1097BB0000212ED700B82E012ED700032ED600483D
:1097CB000E012F802E1F0EB82EE350213401428242
:1097DB0030C132252E62F50100223001404A0A01C8
:1097EB0042B82EE354F03B8340D808E55283420045
:1097FB003083305042C432272E64F59400504240DF
:10980B0042D33F84407D82E30840428342B82EDD41
:10981B0052003040427C86B952092E700FBF54C49F
:10982B0042D3865440554094428542212ED7004264
:10983B0040252EFDF3C0427E82052E7D0080B214A2
:10984B002F052E890027BD2FB98090022F212E6F57
:10985B00F50C2D072E710F14301C09052E77F7BD53
:10986B005647BE9308940A252E77F7E75450424A81
:10987B000EFC2FB82E505002304386E550FB7FE391
:10988B007FD27FC07FB17F002E41400040480498BB
:10989B002E74C01EAAD36F1430B16FE322C06F5267
:1098AB0040E46F4C0E1242D37FEB2F032E860F40FA
:1098BB00901130032F232E860F022C0030D06FFB1C
:1098CB006FB05FB82E4050F17F0A253C86EB7F418D
:1098DB00332230982EC2C4D36FF430DC094758C200
:1098EB006F9409EB586ABBDC08B4B9B1BDE95A9562
:1098FB000821BDF6BF770B51BEF16FEB6F5242548F
:10990B0042C02E4342C05F5050F55031301142FBE4
:10991B007F7B300B4211300280233301420300075F
:10992B002E8003052ED3002352E27FD37FC07F9876
:10993B002EB60ED16F080A1A257B86D07F01331203
:10994B0030982EC2C4D16F080A00B20D2FE36F01FD
:10995B002E80035130C786232E21F208BCC04298BB
:10996B002EA5B7002E002ED02EB06F0BB8032E1BDA
:10997B0000081AB07F7030042F212E21F2002E0028
:10998B002ED02E982E6DC0982E5DC0ED50982E4483
:10999B00CBEF50982E46C3F150982E53C7355098A5
:1099AB002E64CF1030982EDC032026C06F023112AC
:1099BB0042AB330B42378001300142F337F752FB96
:1099CB00504440A20A42428B31092E5EF7F954E310
:1099DB000883421B4223334B00BC840B4033308340
:1099EB00420B42E07FD17F982E58B7D16F80304029
:1099FB00420330E06FF3540430002E002E018962D5
:109A0B000EFA2F43421130FB6FC02E0142B05FC1E3
:109A1B004A00006D570000778E0000E0FFFFFFD378
:109A2B00FFFFFFE5FFFFFFEEE1FFFF7C13000046AA
:109A3B00E6FFFF0000000000000000000000000037
:109A4B00000000000000000000000000000000000B
:109A5B0000000000000000000000000000000000FB
:109A6B0000000000000000000000000000802E003D
:109A7B00C1802E00C1802E00C1802E00C1802E001F
:109A8B00C1802E00C1802E00C1802E00C1802E000F
:109A9B00C1802E00C1802E00C1802E00C1802E00FF
:109AAB00C1802E00C1802E00C1802E00C1802E00EF
:109ABB00C1802E00C1802E00C1802E00C1802E00DF
:109ACB00C1802E00C1802E00C1802E00C1802E00CF
:109ADB00C1802E00C1802E00C1802E00C1802E00BF
:109AEB00C1802E00C1802E00C1802E00C1802E00AF
:109AFB00C1802E00C1802E00C1802E00C1802E009F
:109B0B00C1802E00C1802E00C1802E00C1802E008E
:109B1B00C1802E00C1802E00C1802E00C1802E007E
:109B2B00C1802E00C1802E00C1802E00C1802E006E
:109B3B00C1802E00C1802E00C1802E00C1802E005E
:109B4B00C1802E00C1802E00C1802E00C1802E004E
:109B5B00C1802E00C1802E00C12902100025BC51EE
:109B6B008180079300FFFF75FFFE0D0017010000BA
:109B7B000000000000000000003000170A00000089
:109B8B000000000000000000110200020800081095
:109B9B00010100000000FF00020000000000200B8C
:109BAB00000002FF21000001000000008C000038C3
:109BBB00FF0100270034006507008705016800C01E
:109BCB0008380000000099C80003000000000002E4
:109BDB0007050606030002C7FFDB02000001012197
:109BEB0000FF0101000401B5CC00000000000101E1
:109BFB008BD6010001018BEE01000201B7D20000F0
:109C0B00001401A4A9FFFFFFFFFFFFFFFFFFFFFFF2
:109C1B00FFFFFFFFFFFFFFFFFF00140181A200000A
:109C2B000000000000000000000000000000000029
:109C3B00000001800181B600000000000000000060
:109C4B000000000000000000000000000000000009
:109C5B0000000000000000000000000000000000F9
:109C6B0000000000000000000000000000000000E9
:109C7B0000000000000000000000000000000000D9
:109C8B0000000000000000000000000000000000C9
:109C9B0000000000000000000000000000000000B9
:109CAB0000000000000000000000000000000000A9
:109CBB000000000000000000000000000000000099
:109CCB000000000000000000000000000000000089
:109CDB000000000000000000000000000000000079
:109CEB000000000000000000000000000000000069
:109CFB000000000000000000000000000000000059
:109D0B000000000000000000000000000000000048
:109D1B000000000000000000000000000000000038
:109D2B000000000000000000000000000000000028
:109D3B000000000000000000000000000000000018
:109D4B000000000000000000000000000000000008
:109D5B0000000000000000000000000000000000F8
:109D6B0000000000000000000000000000000000E8
:109D7B0000000000000000000000000000000000D8
:109D8B0000000000000000000000000000000000C8
:109D9B0000000000000000000000000000000000B8
:109DAB0000000000000000000000000000000000A8
:109DBB0000000000000000003801986C000000005B
:109DCB000000000000000000000000000000000088
:109DDB000000000000000000000000000000000078
:109DEB000000000000000000000000000000000068
:109DFB000000000000010196C200001C01A1D4006C
:109E0B000000000000000000000000000000000047
:109E1B0000000000000000000000000008015908CD
:109E2B000000000000000000002001696800000035
:109E3B000000000000000000000000000000000017
:109E4B000000000000000000000000000000040102
:109E5B00B66400000000000201A13F0000000401F5
:109E6B00A14100FF70B3000201A1450000000401F5
:109E7B00A14700FF70B3000401A14B00FF70B300BA
:109E8B000401A14F00FF70B3000401A15300FF7048
:109E9B00B3000401A15700FF70B3000201A15B00E6
:109EAB00000002010021000000020100420000003E
:109EBB0002010063000000020100840000000201A7
:109ECB0000A5000000010100C60000010100E70031
:109EDB00000201B18FF800000201B191FFFF0002F7
:109EEB0001B1930003000101B195F0000101B1969E
:109EFB0087000201B1A7F800000201B1A9FFFF0022
:109F0B000201B1AB0000000101B1ADA0000101B134
:109F1B00AE80000201AF4FF800000201AF51FFFF0E
:109F2B00000201AF530000000201AF5500F0000228
:109F3B0001AF570140000101949500000101949677
:109F4B0000000101949700000101949800000101A9
:109F5B00949900000101949A00000101949B000068
:109F6B000101949C00000101949D000400016F4FBE
:109F7B0000000000000000000000000000000000D6
:109F8B0000000000000000000000000000000000C6
:109F9B0000000000000000000000000000000000B6
:109FAB0000000000000000000000000000000000A6
:109FBB000000000000000000000000000000000096
:109FCB000000000000000000000000000000000086
:109FDB000000000000000000000000000000000076
:109FEB000000000000000000000000000000000066
:109FFB000000000000000000000000000000000056
:10A00B000000000000000000000000000000000045
:10A01B000000000000000000000000000000000035
:10A02B000000000000000000000000000000000025
:10A03B000000000000000000000000000000000015
:10A04B000000000000000000000000000000000005
:10A05B0000000000000000000000000000000000F5
:10A06B0000000000000000000000000000000000E5
:10A07B0000000000000000000000000000000000D5
:10A08B0000000000000000000000000000000000C5
:10A09B0000000000000000000000000000000000B5
:10A0AB0000000000000000000000000000000000A5
:10A0BB000000000000000000000000000000000095
:10A0CB000000000000000000000000000000000085
:10A0DB000000000000000000000000000000000075
:10A0EB000000000000000000000000000000000065
:10A0FB000000000000000000000000000000000055
:10A10B000000000000000000000000000000000044
:10A11B000000000000000000000000000000000034
:10A12B000000000000000000000000000000000024
:10A13B000000000000000000000000000000000014
:10A14B000000000000000000000000000000000004
:10A15B0000000000000000000000000000000000F4
:10A16B0000000000000000000000000000000000E4
:10A17B0000000000000000000000000000000000D4
:10A18B0000000000000000000000000000000000C4
:10A19B0000000000000000000000000000000000B4
:10A1AB0000000000000000000000000000000000A4
:10A1BB000000000000000000000000000000000094
:10A1CB000000000000000000000000000000000084
:10A1DB000000000000000000000000000000000074
:10A1EB000000000000000000000000000000000064
:10A1FB000000000000000000000000000000000054
:10A20B000000000000000000000000000000000043
:10A21B000000000000000000000000000000000033
:10A22B000000000000000000000000000000000023
:10A23B000000000000000000000000000000000013
:10A24B000000000000000000000000000000000003
:10A25B0000000000000000000000000000000000F3
:10A26B0000000000000000000000000000000000E3
:10A27B0000000000000000000000000000000000D3
:10A28B0000000000000000000000000000000000C3
:10A29B0000000000000000000000000000000000B3
:10A2AB0000000000000000000000000000000000A3
:10A2BB000000000000000000000000000000000093
:10A2CB000000000000000000000000000000000083
:10A2DB000000000000000000000000000000000073
:10A2EB000000000000000000000000000000000063
:10A2FB000000000000000000000000000000000053
:10A30B000000000000000000000000000000000042
:10A31B000000000000000000000000000000000032
:10A32B000000000000000000000000000000000022
:10A33B000000000000000000000000000000000012
:10A34B000000000000000000000000000000000002
:10A35B0000000000000000000000000000000000F2
:10A36B0000000000000000000000000000000000E2
:10A37B00001901734F0000000000000000000000F6
:10A38B000000000000000000000000000000000CB6
:10A39B0001736800000000000000000000000000D6
:10A3AB0017017374000000000000000000000000A3
:10A3BB000000000000000000000000001401738B7F
:10A3CB000000000000000000000000000000000082
:10A3DB0000000000000201739F00000002018E26A6
:10A3EB0000000001018E28000001018E29000002EF
:10A3FB0001B5452000000101B54700000101B5483A
:10A40B00FF000101B54900000101A8260000010170
:10A41B00A82700000101A828FF000101A8290000BE
:10A42B000101A82A00000201A82B2000000101A8AD
:10A43B002D00000101A82E00000101A82F00000132
:10A44B0001A83001000101A83100000101A8320070
:10A45B00000101A83300000101A83400000201A88B
:10A46B00350000000201A5210000000201A5230018
:10A47B0000000201A5250000000201A52700000035
:10A48B000201A5290000000201A52B000000080114
:10A49B00A52D4580000041833333000201ACF5004C
:10A4AB0000000201ACF70000000201ACF900000053
:10A4BB000201ACFB0000000201ACFD000000020138
:10A4CB00ACFF000000020199AF000000020199B13E
:10A4DB00000000020199B3000000040199B50000CF
:10A4EB00000000020199B9000000020199BB0000B5
:10A4FB0000020199BD000000010199BF0000040199
:10A50B0099C80000000000040199DD000000000064
:10A51B000201A15D0000000201A15F000000020129
:10A52B00A1610000000201A1630000000201A1650E
:10A53B000000000201A1670000000201A1690000F8
:10A54B00000201A16B0000000201A16D0000000CD4
:10A55B0001A16F458010004164CCCD453B800000CC
:10A56B00080185DB000000000000000000240185CD
:10A57B00E3000000000000000000000000000000ED
:10A58B0000000000000000000000000000000000C0
:10A59B00000000000000170186070000000000000B
:10A5AB0000000000000000000000000000000000A0
:10A5BB0000000801861E00000000000000000020C3
:10A5CB0001862600000000000000000000000000D3
:10A5DB000000000000000000000000000000000070
:10A5EB00000000004A018646000000000000000049
:10A5FB000000000000000000000000000000000050
:10A60B00000000000000000000000000000000003F
:10A61B00000000000000000000000000000000002F
:10A62B00000000000000000000000000000000001F
:10A63B0000000008018690000000000000000000F0
:10A64B008001869800000000000000000000000060
:10A65B0000000000000000000000000000000000EF
:10A66B0000000000000000000000000000000000DF
:10A67B0000000000000000000000000000000000CF
:10A68B0000000000000000000000000000000000BF
:10A69B0000000000000000000000000000000000AF
:10A6AB00000000000000000000000000000000009F
:10A6BB00000000000000000000000000000000008F
:10A6CB00000000000001019D35000004019D3600D3
:10A6DB000000000001019D5C000001018F2E0000B5
:10A6EB0004018F2F000000000001018F9B0000046C
:10A6FB00018F9C000000000004018FA000000000EF
:10A70B000001018FA4000004018FA50000000000D0
:10A71B0001018FA9000001018FAA000004018FAB7A
:10A72B00000000000001018D9E000004018D9F00C0
:10A73B000000000001018E25000004019FDE0000D7
:10A74B0000000004019FE2000000000001019FF2E5
:10A75B00000001019FF3000002019FF400000001C3
:10A76B00019FF6000001019FF7000004019FF80014
:10A77B000000000002019FFE0000000401A4020083
:10A78B00000000000101A40600000401A407000062
:10A79B000000000401A40B00000000000101A40F45
:10A7AB0000000101A45700000101A458000004019E
:10A7BB00A45900000000000101A45D00000401A4E5
:10A7CB005E00000000000101A46200000101A4630F
:10A7DB0000000401A46400000000000401A4680050
:10A7EB000000000004018BEF00000000000201924A
:10A7FB00A2000000040192A40000000000040192DA
:10A80B00A80000000000040192E900000000000213
:10A81B000192ED000000040192EF00000000000225
:10A82B000192F3000000040192F500000000000407
:10A83B000192F90000000000040192FD00000000ED
:10A84B00000401AB6400000000000101AB680000D4
:10A85B000401AB6900000000000401AB6D000000B7
:10A86B0000000101B0C700000101B0C800000101E8
:10A87B00B0C900000101B0CA00000401B0CB000058
:10A88B000000000101B0CF0000040173A100000023
:10A89B00000004017425000000000004017429006D
:10A8AB00000000000401769D00000000000401760A
:10A8BB00A10000000000010176A50000020176C690
:10A8CB00000000040176C80000000000040177447A
:10A8DB000000000000010177480000010177C9006A
:10A8EB0000040177CA00000000000101B854000009
:10A8FB000101B85500000801A35E00000000000034
:10A90B000000000101902F00000401B714000000AB
:10A91B0000000101AAA900000101AAAA000004017C
:10A92B00AD3D00000000000101AD4100000101AD93
:10A93B004200000101AD4300000101AD44000004E1
:10A94B0001AD45000000000001018EBA00000401BA
:10A95B008EE4000000000004018EE80000000000FF
:10A96B000401A54900000000000401A54D000000F2
:10A97B0000000101A55100000101A55200000401D6
:10A98B00A55300000000000101A55700000101A51F
:10A99B005800000401A5590000000000040169885B
:10A9AB0000000000000101698C00000101698D00AD
:10A9BB00000101698E00000101698F00000101692E
:10A9CB0098000004016999000000000004016B3538
:10A9DB003F8000000001016B39000001016B3A0060
:10A9EB000001016B3B000001016B3C000001016C9D
:10A9FB00D5000004016CD6000000000001016CDAE8
:10AA0B00000004016CDB438980000004016CDF4310
:10AA1B008980000004016CE3432A00000004016CF0
:10AA2B00E7000000000004016CEB000000000002D6
:10AA3B00016CEF00000001016CF1000004016E8A53
:10AA4B00000000000004016E8E00000000000401F5
:10AA5B006E92000000000001016E96000001016E75
:10AA6B0097000004016E98000000000004016E9C2A
:10AA7B00000000000004016EA000000000000101B6
:10AA8B006EA4000004016EA5400000000004016EDE
:10AA9B00A9400000000004016EAD3F8000000001E2
:10AAAB00016EB1000004016EB20000000000010154
:10AABB006EB6000001016EB7000004016EB8C4D47D
:10AACB0080000004016EBCC4D480000004016EC081
:10AADB00C4E100000004016EC4000000000004018A
:10AAEB006EC8000000000001016ECC000001016E79
:10AAFB00CD000004016ECE000000000004016ED2F8
:10AB0B00000000000004016ED600000000001001E0
:10AB1B006EDA0000000000000000000000000000E2
:10AB2B0000000016016EEA000000000000000000AB
:10AB3B000000000000000000000000000000040105
:10AB4B006F00000000000036016F040000000000E1
:10AB5B0000000000000000000000000000000000EA
:10AB6B0000000000000000000000000000000000DA
:10AB7B0000000000000000000000000000000000CA
:10AB8B00000004016F3A000000000001016F3E005D
:10AB9B000004016F3F000000000004016F43000040
:10ABAB0000000004016F47000000000004016F4B20
:10ABBB0000000000000C019F4F000000000000008F
:10ABCB000000000000000C019F5B00000000000073
:10ABDB0000003C23D70A0001019F67000004019F7E
:10ABEB0068000000000004019F6C000000000004DE
:10ABFB00019F703F800000001001A8C93F8000003A
:10AC0B003F8000003F8000003F800000000401896E
:10AC1B002400000000000401895000000000000423
:10AC2B0001896800000000000101896C000001012E
:10AC3B00896D00000A0189B40226025602CE022653
:10AC4B000064000A0189BE05DC0804085605DC0F08
:10AC5B00FF00010189F00000010189F100000401EE
:10AC6B0089F2000000000004019F983E8000000064
:10AC7B0004019F9C3F8000000014019FA000000076
:10AC8B0000000000000000000000000000000000B9
:10AC9B00000008019FB4000000003F1EB8520001E5
:10ACAB000189F60000010189F70000040189F80011
:10ACBB0000000000040189FC000000000004018A70
:10ACCB004F000000000004018A5300000000003018
:10ACDB00018A570000000000000000000000000087
:10ACEB000000000000000000000000000000000059
:10ACFB000000000000000000000000000000000049
:10AD0B00000000001C018A8700000000000000000A
:10AD1B00000000003F99999A40A000003F8000007E
:10AD2B00000000000004018AA300000000000101E4
:10AD3B008AA7000004018AA8000000000001018A14
:10AD4B00B4000004018AB5000000000002018AB9BA
:10AD5B000000000401AB9841700000000401AB9CA3
:10AD6B0000000000000401ABA03F66666600010115
:10AD7B00ABA400001C0187180000000000000000BD
:10AD8B0000000000000000000000000000000000B8
:10AD9B000000000000010187D20000020187E000E3
:10ADAB000000010187E20000040187E300000000BE
:10ADBB0000040187E70000000000010187EB0000A1
:10ADCB00040187EC0000000000300187F000000058
:10ADDB000044C44000471C4000000000000000007D
:10ADEB0000461C40000000000044C44000471C40CB
:10ADFB00000000000000000000461C4000000101A4
:10AE0B00B49300000101B49400000401B495000058
:10AE1B000000000401B2AF00000000000401B2B357
:10AE2B0000000000000101B8920000003E3E5B6193
:10AE3B0070705F656C656D656E745F696E69745D6E
:10AE4B000D0A00726F756E645F616E676C65335FC0
:10AE5B0064656700726F756E645F616E676C6532F7
:10AE6B005F64656700726F756E645F616E676C65BA
:10AE7B00315F64656700726F756E645F62696173E1
:10AE8B00335F64707300726F756E645F62696173B8
:10AE9B00325F64707300726F756E645F62696173A9
:10AEAB00315F64707300726F756E645F66665F739B
:10AEBB0063616C653300726F756E645F66665F739A
:10AECB0063616C653200726F756E645F66665F738B
:10AEDB0063616C653100726F756E6461626F75745E
:10AEEB005F636F756E740072657365745F726F75F7
:10AEFB006E64007365657361775F6576656E74006C
:10AF0B0072657365745F63796C696E6465720063F7
:10AF1B00796C696E6465725F636F756E74006379CB
:10AF2B006C696E6465725F6576656E740063796CCF
:10AF3B00696E6465725F73746174650063796C69C3
:10AF4B006E6465725F636F756E742C302E303030AB
:10AF5B000D0A007365657361772C312E3030300D1F
:10AF6B000A0063796C696E6465725F736C6F7764EA
:10AF7B006F776E2C312E3030300D0A0063796C698F
:10AF8B006E6465722C312E3030300D0A0063796C93
:10AF9B00696E6465725F636F756E742C25750D0A2F
:10AFAB0000726F756E6461626F75745F66696E694E
:10AFBB0073682C312E3030300D0A00726F756E6451
:10AFCB0061626F75745F72656164792C312E3030FC
:10AFDB00300D0A00726F756E6461626F75745F6518
:10AFEB007869742C312E3030300D0A00726F756E0B
:10AFFB006461626F75742C312E3030302C25750DD9
:10B00B000A00726F756E6461626F75745F636F7542
:10B01B006E742C302E3030300D0A0063796C696EF3
:10B02B006465725F73746174652C252E33662C25F1
:10B03B002E33662C252E33662C25752C252E336648
:10B04B000D0A0000000000000000000000000000DE
:10B05B0000000000000000000000000000000000E5
:10B06B0000000000000000000000000000000000D5
:10B07B0000000000000000000000000000000000C5
:10B08B0000000000000000000000000000000000B5
:10B09B0000000000000000000000000000000000A5
:10B0AB000000000000000000000000000000000095
:10B0BB000000000000000000000000000000000085
:10B0CB000000000000000000000000000000000075
:10B0DB000000000000000000000000000000000065
:10B0EB000000000000000000000000000000000055
:10B0FB000000000000000000000000000000000045
:10B10B000000000000000000000000000000000034
:10B11B000000000000000000000000000000000024
:10B12B000000000000000000000000000000000014
:10B13B000000000000000000000000000000000004
:10B14B0000000000000000000000000000000000F4
:10B15B0000000000000000000000000000000000E4
:10B16B0000000000000000000000000000000000D4
:10B17B0000000000000000000000000000000000C4
:10B18B0000000000000000000000000000000000B4
:10B19B0000000000000000000000000000000000A4
:10B1AB000000000000000000000000000000000094
:10B1BB000000000000000000000000000000000084
:10B1CB000000000000000000000000000000000074
:10B1DB000000000000000000000000000000000064
:10B1EB000000000000000000000000000000000054
:10B1FB000000000000000000000000000000000044
:10B20B000000000000000000000000000000000033
:10B21B000000000000000000000000000000000023
:10B22B000000000000000000000000000000000013
:10B23B000000000000000000000000000000000003
:10B24B000000002E2E5C2E2E5C6C6962726172699E
:10B25B0065735C7A665F6472697665725C7A665F49
:10B26B006472697665725F70776D2E6300007EFE87
:10B27B00DD007EFEFD007EF8DD007EF8FD007EF633
:10B28B00DD007EF6FD007EFED0007EFEF0007EF837
:10B29B00D0007EF8F0007EF6D0007EF6F0007EFE49
:10B2AB00B1007EFEB5007EF8B1007EF8B5007EF6EB
:10B2BB00B1007EF6B5007EFED5007EFED7007EFE89
:10B2CB00D9007EFEDB007EFEF5007EFEF7007EFEE3
:10B2DB00F9007EFEFB007EF8D5007EF8D7007EF8E5
:10B2EB00D9007EF8DB007EF8F5007EF8F7007EF8DB
:10B2FB00F9007EF8FB007EF6D5007EF6D7007EF6D1
:10B30B00D9007EF6DB007EF6F5007EF6F7007EF6C2
:10B31B00F9007EF6FB007EFED2007EFEF2007EF888
:10B32B00D2007EF8F2007EF6D2007EF6F2007EFEB0
:10B33B00B2007EFEB6007EF8B2007EF8B6007EF656
:10B34B00B2007EF6B6007EFEC2007EFEE2007EF804
:10B35B00C2007EF8E2007EF6C2007EF6E2007EFEC0
:10B36B00CE007EFEEE007EF8CE007EF8EE007EF67E
:10B37B00CE007EF6EE007EFECC007EFECD007EFE85
:10B38B00EC007EFEED007EF8CC007EF8CD007EF862
:10B39B00EC007EF8ED007EF6CC007EF6CD007EF65E
:10B3AB00EC007EF6ED007EFEC0007EFEE0007EF837
:10B3BB00C0007EF8E0007EF6C0007EF6E0007EFE68
:10B3CB00C8007EFEC9007EFECA007EFECB007EFE5C
:10B3DB00E8007EFEE9007EFEEA007EFEEB007EF8D2
:10B3EB00C8007EF8C9007EF8CA007EF8CB007EF854
:10B3FB00E8007EF8E9007EF8EA007EF8EB007EF6C6
:10B40B00C8007EF6C9007EF6CA007EF6CB007EF63B
:10B41B00E8007EF6E9007EF6EA007EF6EBBF8000E0
:10B42B0000BF28F5C3BEA8F5C3000000003EA8F579
:10B43B00C33F28F5C33F8000003E99999A3E800098
:10B44B00003E4CCCCD3E19999A3E4CCCCD3E800063
:10B45B00003E99999A3E8F5C293E6B851F3E385171
:10B46B00EC3DF5C28F3E3851EC3E6B851F3E8F5C39
:10B47B00293E8000003E4CCCCD3E19999A3DA3D776
:10B48B000A3E19999A3E4CCCCD3E8000003E614756
:10B49B00AE3E23D70A3DCCCCCD000000003DCCCC3A
:10B4AB00CD3E23D70A3E6147AE3E8000003E4CCCDA
:10B4BB00CD3E19999A3DA3D70A3E19999A3E4CCC89
:10B4CB00CD3E8000003E8F5C293E6B851F3E385180
:10B4DB00EC3DF5C28F3E3851EC3E6B851F3E8F5CC9
:10B4EB00293E99999A3E8000003E4CCCCD3E19994D
:10B4FB009A3E4CCCCD3E8000003E99999A3EE66632
:10B50B00663ECCCCCD3EB333333E99999A3EB333A2
:10B51B00333ECCCCCD3EE666663ECCCCCD3EB33393
:10B52B00333E99999A3E8000003E99999A3EB333E7
:10B53B00333ECCCCCD3E99999A3E8000003E4CCC0C
:10B54B00CD3E19999A3E4CCCCD3E8000003E999948
:10B55B009A3E19999A3DCCCCCD3D4CCCCD000000F8
:10B56B00003D4CCCCD3DCCCCCD3E19999A3E999912
:10B57B009A3E8000003E4CCCCD3E19999A3E4CCC65
:10B58B00CD3E8000003E99999A3ECCCCCD3EB33354
:10B59B00333E99999A3E8000003E99999A3EB33377
:10B5AB00333ECCCCCD3EE666663ECCCCCD3EB33303
:10B5BB00333E99999A3EB333333ECCCCCD3EE666BF
:10B5CB00662E2E5C2E2E5C6C6962726172696573DD
:10B5DB005C7A665F6472697665725C7A665F6472C8
:10B5EB00697665725F7370692E6300007EFA2100C5
:10B5FB007EF811007EF831007EFBF8007EF8090022
:10B60B007EF8290000000000000000000000000090
:10B61B00000000000000000000000000000000001F
:10B62B00000000000000000000000000000000000F
:10B63B0000000000000000000000000000000000FF
:10B64B0000000000000000000000000000000000EF
:10B65B0000000000000000000000000000000000DF
:10B66B0000000000000000000000000000000000CF
:10B67B0000000000000000000000000000000000BF
:10B68B00000000007EFA84007EF814007EF834007F
:10B69B007EFA27007EF81A007EF83A007EFA250023
:10B6AB007EF818007EF838007EFA28007EF81B0022
:10B6BB007EF83B007EFA26007EF819007EF83900F2
:10B6CB007EFA2E007EF81E007EF83E007EFA2F00DA
:10B6DB007EF81F007EF83F007EFBF9007EF80A0023
:10B6EB007EF82A007EFA20007EF810007EF83000EB
:10B6FB007EFA23007EF815007EF835007EFA2200D4
:10B70B007EF812007EF832007EFE90007EF8080074
:10B71B007EF8283E3E5B6170705F6D6F74696F6E73
:10B72B005F706F737470726F636573735F696E694B
:10B73B00745D0D0A006D6F74696F6E5F706F73745B
:10B74B005F726174655F6C696D6974006D6F7469AC
:10B75B006F6E5F706F73745F7961775F646562752D
:10B76B0067006D6F74696F6E5F706F73745F746178
:10B77B00726765745F7961775F72617465006D6F75
:10B78B0074696F6E5F706F73745F656E61626C6509
:10B79B00006D6F74696F6E5F706F73745F6F75742C
:10B7AB007075745F6C696D6974006D6F74696F6E21
:10B7BB005F706F73745F696E74656772616C5F6CD9
:10B7CB00696D6974006D6F74696F6E5F706F737400
:10B7DB005F6B64006D6F74696F6E5F706F73745F16
:10B7EB006B69006D6F74696F6E5F706F73745F6BF5
:10B7FB007000494D5539363352415F4D41475F53C8
:10B80B00414D504C455F44454641554C5420736562
:10B81B0074206572726F722E0D0A00494D553936C0
:10B82B00335241206D61672073656C6620636865D8
:10B83B00636B206572726F722E0D0A00494D55397C
:10B84B00363352415F4759524F5F53414D504C4530
:10B85B005F44454641554C542073657420657272A4
:10B86B006F722E0D0A00494D5539363352415F41E7
:10B87B0043435F53414D504C455F44454641554C06
:10B88B005420736574206572726F722E0D0A004915
:10B89B004D5539363352412061636320616E64200C
:10B8AB006779726F2073656C6620636865636B20C4
:10B8BB006572726F722E00646174203D2025640DD9
:10B8CB000A005B7061636B65743A696E6465783D01
:10B8DB00256C642C6C6173743D25735D0D0A005BE4
:10B8EB007061636B65743A7661723D256C642C7381
:10B8FB00746174653D256C645D0D0A005B7061635A
:10B90B006B65743A6D6973733D256C642C70617251
:10B91B0073653D256C645D0D0A005B7061636B653F
:10B92B00743A573D256C642F256C645D0D0A005BE2
:10B93B007061636B65743A523D256C642F256C64A2
:10B94B005D0D0A005B7061636B65743A62797465B7
:10B95B003D256C642C6672616D653D256C645D0DD7
:10B96B000A003E3E5B736572766963655F70616367
:10B97B006B65745F696E69745D0D0A000D0A005387
:10B98B00525400534C540000000000000000000013
:10B99B00000000000000000000000000000000009C
:10B9AB00000000000000000000000000000000008C
:10B9BB00000000000000000000000000000000007C
:10B9CB00000000000000000000000000000000006C
:10B9DB00000000000000000000000000000000005C
:10B9EB00000000000000000000000000000000004C
:10B9FB00000000000000000000000000000000003C
:10BA0B00000000000000000000000000000000002B
:10BA1B00000000000000000000000000000000001B
:10BA2B0000000000000000000000005B77697265F9
:10BA3B006C6573735F756172743A73656E642065C0
:10BA4B006E642E5D0D0A005B776972656C657373AE
:10BA5B005F756172743A5D20737563636573732EE2
:10BA6B000D0A005B776972656C6573735F75617244
:10BA7B00743A73656E642073746172742E5D0D0A73
:10BA8B00003E3E5B736572766963655F77697265CD
:10BA9B006C6573735F756172745F696E69745D0D4C
:10BAAB000A003031323334353637383961626364EA
:10BABB0065660030313233343536373839414243DD
:10BACB0044454600286E756C6C29005B626174748A
:10BADB00657279636865636B3A70656E64696E67EE
:10BAEB005D0D0A005B6261747465727963686563EE
:10BAFB006B3A766F6C746167653D252E34665D0D10
:10BB0B000A003E3E5B736572766963655F626174C2
:10BB1B0074657279636865636B5F696E69745D0DDB
:10BB2B000A00626174746572795F766F6C74616719
:10BB3B006500626174746572795F766F6C746167AE
:10BB4B00652C70656E64696E670D0A0062617474B2
:10BB5B006572795F766F6C746167652C252E336621
:10BB6B000D0A00494D5536363052415F4759524FF9
:10BB7B005F53414D504C455F44454641554C542015
:10BB8B00736574206572726F722E0D0A00494D55E4
:10BB9B0036363052415F4143435F53414D504C4524
:10BBAB005F44454641554C54207365742065727251
:10BBBB006F722E0D0A00696D753636307261206911
:10BBCB006E6974206572726F722E0D0A00696D7545
:10BBDB0036363072612073656C6620636865636B03
:10BBEB00206572726F722E0D0A002E2E5C2E2E5C4B
:10BBFB006C69627261726965735C7A665F646576A3
:10BC0B006963655C7A665F6465766963655F7769AE
:10BC1B0066695F7370692E630025730D0A25730DBA
:10BC2B000A25730D0A25730D0A0025730D0A0025CD
:10BC3B00730D0A25730D0A004F4B0056320000009E
:10BC4B0000000000000000000000000000000000E9
:10BC5B0000000000000000000000000000000000D9
:10BC6B000000444C314120706572666F726D207319
:10BC7B00696E676C65207265666572656E636520BB
:10BC8B0063616C6962726174696F6E206572726F49
:10BC9B00722E0D0A00444C31412073656C66206393
:10BCAB006865636B206572726F722E0D0A002E2E03
:10BCBB005C2E2E5C6C69627261726965735C7A666C
:10BCCB005F6465766963655C7A665F6465766963F4
:10BCDB00655F646C31612E630073746172742C3018
:10BCEB002E3030300D0A0073746F702C302E3030C4
:10BCFB00300D0A00252E33662C252E33662C252E6F
:10BD0B0033662C252E33660D0A003E3E5B61707048
:10BD1B005F73706565646F75745F696E69745D0DD3
:10BD2B000A0073746172740073746F70005352491C
:10BD3B000053524B0053525400534C4900534C4B3D
:10BD4B0000534C5400494D5536363052435F4759DA
:10BD5B00524F5F53414D504C455F44454641554C06
:10BD6B005420736574206572726F722E00494D55A5
:10BD7B0036363052435F4143435F53414D504C4540
:10BD8B005F44454641554C5420736574206572726F
:10BD9B006F722E00696D7536363072632073656C69
:10BDAB006620636865636B206572726F722E003E4E
:10BDBB003E5B6170705F626F6F745F736571756509
:10BDCB006E63655F696E69745D0D0A00626F6F74F7
:10BDDB005F72656164792C312E3030300D0A00733F
:10BDEB00746172740073746F700073746172745F3A
:10BDFB0064726976652C312E3030300D0A00737405
:10BE0B006F702C302E3030300D0A00286E756C6C34
:10BE1B0029002E2E5C2E2E5C6C6962726172696534
:10BE2B00735C7A665F636F6D6D6F6E5C7A665F6372
:10BE3B006F6D6D6F6E5F66756E6374696F6E2E637B
:10BE4B00003031323334353637383941424344458B
:10BE5B004630313233343536373839616263646595
:10BE6B0066003E3E5B6170705F6D6F74696F6E5FF5
:10BE7B0070726570726F636573735F696E69745D01
:10BE8B000D0A007977007877006D6F74696F6E5FBC
:10BE9B007072655F7961775F726174655F67616905
:10BEAB006E006D6F74696F6E5F7072655F6C696E3B
:10BEBB006561725F6D707300252E31662C252E31F6
:10BECB00662C252E31660D0A0025752C25752C2523
:10BEDB00752C25750D0A00252E31662C252E316605
:10BEEB002C252E31662C252E31662C25750D0A003E
:10BEFB003E3E5B6465627567775F696E69745D0D65
:10BF0B000A006465627567696E666F005B707265C7
:10BF1B0073737572655D203A2033300D0A003E3E17
:10BF2B005B736572766963655F6E6567617469766D
:10BF3B00655F70726573737572655F696E69745D49
:10BF4B000D0A006E656761746976655F7072657363
:10BF5B007375726500252E31662C252E31662C25C6
:10BF6B002E31662C252E31662C252E31660D0A00BE
:10BF7B003E3E5B6170705F696E647563746F725F78
:10BF8B0070726570726F636573735F696E69745DF0
:10BF9B000D0A003E3E5B6170705F73706565645F98
:10BFAB00706C616E5F696E69745D0D0A007072650D
:10BFBB0073737572655F626F6F7374007370656511
:10BFCB00645F706C616E5F6D696E5F726174696FD7
:10BFDB00003E3E5B6170705F66656564666F72778D
:10BFEB006172645F696E69745D0D0A0066656564F4
:10BFFB00666F72776172645F6B6400666565646619
:10C00B006F72776172645F6B6666002E2E5C2E2EEC
:10C01B005C6C69627261726965735C7A665F646598
:10C02B00766963655C7A665F6465766963655F777D
:10C03B006972656C6573735F756172742E63002E24
:10C04B002E5C2E2E5C6C69627261726965735C7A10
:10C05B00665F6472697665725C7A665F6472697634
:10C06B0065725F756172742E63000102030405062D
:10C07B0007082566002564002E2E5C2E2E5C6C694D
:10C08B00627261726965735C7A665F646576696317
:10C09B00655C7A665F6465766963655F6970733149
:10C0AB0031342E63002566002564002E2E5C2E2E67
:10C0BB005C6C69627261726965735C7A665F6465F8
:10C0CB00766963655C7A665F6465766963655F74E0
:10C0DB0066743138302E63002566002564002E2EE1
:10C0EB005C2E2E5C6C69627261726965735C7A6638
:10C0FB005F6465766963655C7A665F6465766963C0
:10C10B00655F6970733230302E63005B74696D65E7
:10C11B007469636B3A74696D653D256C642E5D0DB6
:10C12B000A003E3E5B736572766963655F74696D89
:10C13B00657469636B5F696E69745D0D0A002E2E01
:10C14B005C2E2E5C6C69627261726965735C7A66D7
:10C15B005F6472697665725C7A665F647269766534
:10C16B00725F736F66745F6969632E63002E2E5C5A
:10C17B002E2E5C6C69627261726965735C7A665FA4
:10C18B006472697665725C7A665F647269766572F1
:10C19B005F656E636F6465722E63002E2E5C2E2EB0
:10C1AB005C6C69627261726965735C7A665F646507
:10C1BB00766963655C7A665F6465766963655F6201
:10C1CB006C65366132302E63005B6C65643A626C71
:10C1DB00696E6B3530306D7378335D0D0A003E3E02
:10C1EB005B736572766963655F6C65645F696E69C5
:10C1FB00745D0D0A002E2E5C2E2E5C6C69627261D2
:10C20B00726965735C7A665F636F6D6D6F6E5C7A76
:10C21B00665F636F6D6D6F6E5F6669666F2E630031
:10C22B002E2E5C2E2E5C6C69627261726965735C7A
:10C23B007A665F6472697665725C7A665F6472694E
:10C24B007665725F657874692E63002E2E5C2E2ED8
:10C25B005C6C69627261726965735C7A665F647249
:10C26B00697665725C7A665F6472697665725F6720
:10C27B0070696F2E63002E2E5C2E2E5C6C696272C1
:10C28B0061726965735C7A665F6472697665725C0C
:10C29B007A665F6472697665725F6164632E6300B0
:10C2AB002E2E5C2E2E5C6C69627261726965735CFA
:10C2BB007A665F6472697665725C7A665F647269CE
:10C2CB007665725F7069742E63005345454B465219
:10C2DB004545205354433332473134344B204F7050
:10C2EB00656E736F75726563204C696272617279EA
:10C2FB00200D0A005B6D6F746F723A33302F313043
:10C30B00305D0D0A003E3E5B736572766963655F57
:10C31B006D6F746F725F696E69745D0D0A005B738C
:10C32B00706565643A5D2025662C25660D0A003E16
:10C33B003E5B736572766963655F73706565645F99
:10C34B00696E69745D0D0A000000000000010000B9
:10C35B000002020000030064000400BC000500782A
:10C36B00000600000007000000080020000000008D
:10C37B000D0A2025732066696C65202573206C6976
:10C38B006E652025640D0A00417373657274206518
:10C39B0072726F720025752C25752C25752C2575E1
:10C3AB002C252E31662C252E31662C252E31662C14
:10C3BB00252E31660D0A00626174746572795F61B6
:10C3CB006C61726D2C312E3030302C25752C252E56
:10C3DB0032660D0A003E3E5B6170705F7363686589
:10C3EB0064756C65725F696E69745D0D0A003E3E23
:10C3FB005B736572766963655F696D755F696E699D
:05C40B00745D0D0A0044
:00000001FF
